pair_id,promoter_id,rbs_id,prom__gc_content,prom__at_content,prom__gc_skew,prom__length,prom__complexity,prom__mfe,prom__gc_motif_count,prom__gc_motif_density,prom__at_motif_count,prom__at_motif_density,prom__dist_minus35,prom__score_minus35,prom__dist_minus10,prom__score_minus10,prom__up_at_content,prom__spacer_length,prom__spacer_gc,prom__has_extended_minus10,prom__discriminator_gc,rbs__gc_content,rbs__at_content,rbs__gc_skew,rbs__length,rbs__complexity,rbs__mfe,rbs__sd_present,rbs__sd_mismatches,rbs__sd_start_pos,rbs__sd_end_pos,rbs__sd_sequence_score,rbs__sd_best_score,rbs__sd_to_start_distance,rbs__spacer_length,rbs__spacer_gc,rbs__spacer_at,rbs__a_rich_before_start,expression_raw,expression_log2
P34_R8,34,8,0.4354838709677419,0.532258064516129,0.037037037037037,62,0.6833333333333333,-6.532258064516129,10,0.1612903225806451,12,0.1935483870967742,4,2,5,1,0.75,6,0.3333333333333333,1,0.6666666666666666,0.3333333333333333,0.6060606060606061,-0.0909090909090909,33,0.935483870967742,-5.0,1,1,16,22,5,0.8333333333333334,11,11,0.1818181818181818,0.7272727272727273,0.6666666666666666,260.85251977985354,8.032610677534713
P10_R28,10,28,0.4516129032258064,0.5161290322580645,0.0,62,0.6833333333333333,-6.774193548387097,10,0.1612903225806451,9,0.1451612903225806,4,2,4,2,0.75,6,0.3333333333333333,1,0.3333333333333333,0.3939393939393939,0.5454545454545454,0.0769230769230769,33,0.8709677419354839,-5.909090909090909,1,2,11,17,4,0.6666666666666666,16,16,0.4375,0.5,0.5333333333333333,46.29569421345964,5.563636941884447
P29_R30,29,30,0.5490196078431373,0.4117647058823529,0.1428571428571428,51,0.7551020408163265,-8.23529411764706,10,0.196078431372549,5,0.0980392156862745,5,1,5,1,0.6,6,0.0,0,0.6666666666666666,0.4,0.5333333333333333,0.0,30,0.8214285714285714,-6.0,1,2,6,12,4,0.6666666666666666,18,18,0.4444444444444444,0.5,0.5333333333333333,989.2841127866496,9.951698683961135
P0_R44,0,44,0.4705882352941176,0.4901960784313725,0.0833333333333333,51,0.7959183673469388,-7.0588235294117645,9,0.1764705882352941,8,0.1568627450980392,5,1,5,1,0.6,6,0.0,0,0.3333333333333333,0.3333333333333333,0.6,0.2,30,0.8214285714285714,-5.0,1,2,6,12,4,0.6666666666666666,18,18,0.3333333333333333,0.6111111111111112,0.5333333333333333,121.67694573157064,6.938720343390171
P29_R6,29,6,0.5490196078431373,0.4117647058823529,0.1428571428571428,51,0.7551020408163265,-8.23529411764706,10,0.196078431372549,5,0.0980392156862745,5,1,5,1,0.6,6,0.0,0,0.6666666666666666,0.3,0.6333333333333333,0.1111111111111111,30,0.8214285714285714,-4.5,1,2,6,12,4,0.6666666666666666,18,18,0.2777777777777778,0.6666666666666666,0.6,283.9061025401604,8.154342713542968
P8_R22,8,22,0.52,0.44,-0.0769230769230769,50,0.7083333333333334,-7.800000000000001,9,0.18,9,0.18,5,1,4,2,0.5,6,0.6666666666666666,0,0.3333333333333333,0.3529411764705882,0.5294117647058824,-0.6666666666666666,17,0.7333333333333333,-5.294117647058824,0,999,999,999,0,0.3333333333333333,999,999,0.0,0.0,0.6,18.10746618853749,4.256064572334232
P24_R7,24,7,0.4705882352941176,0.4901960784313725,0.0833333333333333,51,0.7142857142857143,-7.0588235294117645,9,0.1764705882352941,7,0.1372549019607843,5,1,5,1,0.6,6,0.0,0,0.6666666666666666,0.3666666666666666,0.5666666666666667,0.2727272727272727,30,0.9285714285714286,-5.5,1,2,6,12,4,0.6666666666666666,18,18,0.3888888888888889,0.5555555555555556,0.4666666666666667,184.64032642162533,7.536366329167962
P9_R8,9,8,0.54,0.42,0.1111111111111111,50,0.6666666666666666,-8.100000000000001,9,0.18,9,0.18,6,0,4,2,0.45,6,0.5,0,0.3333333333333333,0.3333333333333333,0.6060606060606061,-0.0909090909090909,33,0.935483870967742,-5.0,1,1,16,22,5,0.8333333333333334,11,11,0.1818181818181818,0.7272727272727273,0.6666666666666666,8.812071826769257,3.29455779481526
P42_R0,42,0,0.56,0.4,-0.0714285714285714,50,0.7291666666666666,-8.4,9,0.18,4,0.08,5,1,4,2,0.45,6,0.5,0,0.3333333333333333,0.3333333333333333,0.6,0.2,30,0.8214285714285714,-5.0,1,2,6,12,4,0.6666666666666666,18,18,0.3333333333333333,0.6111111111111112,0.6,70.9241261026838,6.168403881828864
P25_R45,25,45,0.3809523809523809,0.5873015873015873,-0.1666666666666666,63,0.6721311475409836,-5.7142857142857135,10,0.1587301587301587,10,0.1587301587301587,4,2,4,2,0.8,6,0.0,1,0.6666666666666666,0.3666666666666666,0.5666666666666667,0.0909090909090909,30,0.75,-5.5,1,2,6,12,4,0.6666666666666666,18,18,0.3888888888888889,0.5555555555555556,0.5333333333333333,11151.417196690456,13.44506881612832
P5_R14,5,14,0.4705882352941176,0.4901960784313725,0.0833333333333333,51,0.7551020408163265,-7.0588235294117645,8,0.1568627450980392,6,0.1176470588235294,5,1,5,1,0.6,6,0.0,0,0.3333333333333333,0.3055555555555556,0.6388888888888888,0.0909090909090909,36,0.7941176470588235,-4.583333333333334,1,2,16,22,4,1.0,14,14,0.4285714285714285,0.5,0.4666666666666667,8.756772812191157,3.2864040353131565
P35_R4,35,4,0.54,0.42,0.037037037037037,50,0.6666666666666666,-8.100000000000001,11,0.22,9,0.18,5,1,5,1,0.4,6,0.6666666666666666,0,0.3333333333333333,0.4,0.5333333333333333,0.1666666666666666,30,0.8214285714285714,-6.0,1,2,6,12,4,0.6666666666666666,18,18,0.4444444444444444,0.5,0.4666666666666667,197.8925736047682,7.635845598557774
P14_R28,14,28,0.5166666666666667,0.45,-0.032258064516129,60,0.6896551724137931,-7.750000000000001,11,0.1833333333333333,8,0.1333333333333333,6,0,5,1,0.6,6,0.3333333333333333,0,0.3333333333333333,0.3939393939393939,0.5454545454545454,0.0769230769230769,33,0.8709677419354839,-5.909090909090909,1,2,11,17,4,0.6666666666666666,16,16,0.4375,0.5,0.5333333333333333,90.704752991494,6.518924604493461
P4_R16,4,16,0.3809523809523809,0.5873015873015873,0.0,63,0.5245901639344263,-5.7142857142857135,10,0.1587301587301587,14,0.2222222222222222,4,2,4,2,0.85,6,0.0,1,0.6666666666666666,0.4,0.5333333333333333,0.1666666666666666,30,0.8214285714285714,-6.0,1,2,6,12,4,0.6666666666666666,18,18,0.4444444444444444,0.5,0.5333333333333333,5.4634232901051405,2.69229847692274
P8_R26,8,26,0.52,0.44,-0.0769230769230769,50,0.7083333333333334,-7.800000000000001,9,0.18,9,0.18,5,1,4,2,0.5,6,0.6666666666666666,0,0.3333333333333333,0.4,0.5333333333333333,0.3333333333333333,30,0.7857142857142857,-6.0,1,2,6,12,4,0.8333333333333334,18,18,0.4444444444444444,0.5,0.4666666666666667,17.380041793436387,4.200068141988459
P19_R17,19,17,0.56,0.4,0.0714285714285714,50,0.6458333333333334,-8.4,9,0.18,6,0.12,5,1,4,2,0.45,6,0.5,0,0.3333333333333333,0.3939393939393939,0.5454545454545454,-0.0769230769230769,33,0.9032258064516128,-5.909090909090909,1,1,16,22,5,0.8333333333333334,11,11,0.2727272727272727,0.6363636363636364,0.5333333333333333,251.3901810506596,7.979511974797771
P23_R47,23,47,0.4528301886792453,0.5094339622641509,-0.1666666666666666,53,0.7058823529411765,-6.79245283018868,8,0.1509433962264151,11,0.2075471698113207,5,1,2,4,0.6,6,0.1666666666666666,0,0.3333333333333333,0.3939393939393939,0.5454545454545454,0.0769230769230769,33,0.935483870967742,-5.909090909090909,1,2,16,22,4,0.6666666666666666,11,11,0.2727272727272727,0.6363636363636364,0.6,13266.155240163407,13.695571438962704
P11_R20,11,20,0.56,0.4,0.0,50,0.7083333333333334,-8.4,9,0.18,5,0.1,5,1,4,2,0.45,6,0.5,0,0.3333333333333333,0.4333333333333333,0.5,0.2307692307692307,30,0.75,-6.5,1,2,6,12,4,0.8333333333333334,18,18,0.5,0.4444444444444444,0.4,40.70199933209189,5.382044647798272
P34_R14,34,14,0.4354838709677419,0.532258064516129,0.037037037037037,62,0.6833333333333333,-6.532258064516129,10,0.1612903225806451,12,0.1935483870967742,4,2,5,1,0.75,6,0.3333333333333333,1,0.6666666666666666,0.3055555555555556,0.6388888888888888,0.0909090909090909,36,0.7941176470588235,-4.583333333333334,1,2,16,22,4,1.0,14,14,0.4285714285714285,0.5,0.4666666666666667,414.9957402112819,8.700424945046082
P18_R3,18,3,0.34375,0.625,-0.0909090909090909,64,0.6129032258064516,-5.15625,7,0.109375,14,0.21875,4,2,4,2,0.85,6,0.0,1,0.6666666666666666,0.4,0.5333333333333333,0.1666666666666666,30,0.8928571428571429,-6.0,1,2,6,12,4,0.8333333333333334,18,18,0.4444444444444444,0.5,0.5333333333333333,49.67569889425834,5.663222175655563
P27_R46,27,46,0.6,0.36,0.0666666666666666,50,0.7083333333333334,-9.0,12,0.24,5,0.1,5,1,4,2,0.4,6,0.6666666666666666,0,0.6666666666666666,0.3939393939393939,0.5454545454545454,0.0769230769230769,33,0.9032258064516128,-5.909090909090909,0,999,999,999,0,0.5,999,999,0.0,0.0,0.6,15340.76404068568,13.90517675720316
P9_R1,9,1,0.54,0.42,0.1111111111111111,50,0.6666666666666666,-8.100000000000001,9,0.18,9,0.18,6,0,4,2,0.45,6,0.5,0,0.3333333333333333,0.3333333333333333,0.6,0.0,30,0.8214285714285714,-5.0,1,2,6,12,4,0.6666666666666666,18,18,0.3333333333333333,0.6111111111111112,0.6,1.766559099157699,1.4680927429208217
P42_R27,42,27,0.56,0.4,-0.0714285714285714,50,0.7291666666666666,-8.4,9,0.18,4,0.08,5,1,4,2,0.45,6,0.5,0,0.3333333333333333,0.3333333333333333,0.6060606060606061,-0.0909090909090909,33,0.8387096774193549,-5.0,0,999,999,999,0,0.5,999,999,0.0,0.0,0.7333333333333333,905.4829193359924,9.8241360256058
P30_R27,30,27,0.4754098360655737,0.4918032786885246,0.1724137931034483,61,0.7457627118644068,-7.131147540983606,7,0.1147540983606557,12,0.1967213114754098,6,0,5,1,0.55,6,0.3333333333333333,0,0.6666666666666666,0.3333333333333333,0.6060606060606061,-0.0909090909090909,33,0.8387096774193549,-5.0,0,999,999,999,0,0.5,999,999,0.0,0.0,0.7333333333333333,660.2247464415875,9.368996908507311
P35_R34,35,34,0.54,0.42,0.037037037037037,50,0.6666666666666666,-8.100000000000001,11,0.22,9,0.18,5,1,5,1,0.4,6,0.6666666666666666,0,0.3333333333333333,0.3666666666666666,0.5666666666666667,0.0909090909090909,30,0.8571428571428571,-5.5,1,2,6,12,4,0.6666666666666666,18,18,0.3888888888888889,0.5555555555555556,0.4666666666666667,1809.1196027291192,10.82186931045867
P47_R15,47,15,0.5192307692307693,0.4423076923076923,-0.1851851851851851,52,0.7,-7.788461538461539,12,0.2307692307692307,8,0.1538461538461538,5,1,6,0,0.5,6,0.0,0,0.3333333333333333,0.3333333333333333,0.6060606060606061,0.0909090909090909,33,0.8064516129032258,-5.0,1,2,15,21,4,0.6666666666666666,12,12,0.25,0.6666666666666666,0.6,731.2546219419236,9.516201584102172
P9_R0,9,0,0.54,0.42,0.1111111111111111,50,0.6666666666666666,-8.100000000000001,9,0.18,9,0.18,6,0,4,2,0.45,6,0.5,0,0.3333333333333333,0.3333333333333333,0.6,0.2,30,0.8214285714285714,-5.0,1,2,6,12,4,0.6666666666666666,18,18,0.3333333333333333,0.6111111111111112,0.6,1.747900576007022,1.458329805794836
P47_R18,47,18,0.5192307692307693,0.4423076923076923,-0.1851851851851851,52,0.7,-7.788461538461539,12,0.2307692307692307,8,0.1538461538461538,5,1,6,0,0.5,6,0.0,0,0.3333333333333333,0.3636363636363636,0.5757575757575758,-0.1666666666666666,33,0.935483870967742,-5.454545454545455,1,2,16,22,4,0.6666666666666666,11,11,0.2727272727272727,0.6363636363636364,0.6,1029.1076717243984,10.008579427259171
P34_R9,34,9,0.4354838709677419,0.532258064516129,0.037037037037037,62,0.6833333333333333,-6.532258064516129,10,0.1612903225806451,12,0.1935483870967742,4,2,5,1,0.75,6,0.3333333333333333,1,0.6666666666666666,0.4333333333333333,0.5,-0.0769230769230769,30,0.8214285714285714,-6.5,1,2,6,12,4,0.6666666666666666,18,18,0.5,0.4444444444444444,0.4,367.55830701460536,8.525749065774887
P38_R6,38,6,0.5185185185185185,0.4074074074074074,0.0,27,0.8,-7.777777777777778,6,0.2222222222222222,5,0.1851851851851851,5,1,5,1,0.0,6,0.5,0,0.3333333333333333,0.3,0.6333333333333333,0.1111111111111111,30,0.8214285714285714,-4.5,1,2,6,12,4,0.6666666666666666,18,18,0.2777777777777778,0.6666666666666666,0.6,345.3946378379735,8.436272787205299
P8_R18,8,18,0.52,0.44,-0.0769230769230769,50,0.7083333333333334,-7.800000000000001,9,0.18,9,0.18,5,1,4,2,0.5,6,0.6666666666666666,0,0.3333333333333333,0.3636363636363636,0.5757575757575758,-0.1666666666666666,33,0.935483870967742,-5.454545454545455,1,2,16,22,4,0.6666666666666666,11,11,0.2727272727272727,0.6363636363636364,0.6,16.712471840928373,4.146693654453506
P24_R35,24,35,0.4705882352941176,0.4901960784313725,0.0833333333333333,51,0.7142857142857143,-7.0588235294117645,9,0.1764705882352941,7,0.1372549019607843,5,1,5,1,0.6,6,0.0,0,0.6666666666666666,0.303030303030303,0.6363636363636364,0.0,33,0.8064516129032258,-4.545454545454546,1,2,16,22,4,0.6666666666666666,11,11,0.2727272727272727,0.6363636363636364,0.6,1647.3913307775304,10.686843065988894
P42_R7,42,7,0.56,0.4,-0.0714285714285714,50,0.7291666666666666,-8.4,9,0.18,4,0.08,5,1,4,2,0.45,6,0.5,0,0.3333333333333333,0.3666666666666666,0.5666666666666667,0.2727272727272727,30,0.9285714285714286,-5.5,1,2,6,12,4,0.6666666666666666,18,18,0.3888888888888889,0.5555555555555556,0.4666666666666667,340.59047475246354,8.416123935754849
P34_R26,34,26,0.4354838709677419,0.532258064516129,0.037037037037037,62,0.6833333333333333,-6.532258064516129,10,0.1612903225806451,12,0.1935483870967742,4,2,5,1,0.75,6,0.3333333333333333,1,0.6666666666666666,0.4,0.5333333333333333,0.3333333333333333,30,0.7857142857142857,-6.0,1,2,6,12,4,0.8333333333333334,18,18,0.4444444444444444,0.5,0.4666666666666667,885.8893883768492,9.792610374581788
P26_R23,26,23,0.4901960784313725,0.4705882352941176,0.04,51,0.7959183673469388,-7.352941176470588,9,0.1764705882352941,10,0.196078431372549,5,1,5,1,0.65,6,0.0,0,0.6666666666666666,0.3055555555555556,0.6388888888888888,-0.2727272727272727,36,0.6176470588235294,-4.583333333333334,1,2,21,27,4,0.6666666666666666,9,9,0.2222222222222222,0.6666666666666666,0.4666666666666667,704.0138241944801,9.461507736507835
P32_R37,32,37,0.5147058823529411,0.4558823529411764,0.0857142857142857,68,0.6666666666666666,-7.720588235294117,10,0.1470588235294117,8,0.1176470588235294,4,2,5,1,0.5,6,0.5,0,0.3333333333333333,0.3333333333333333,0.6060606060606061,-0.0909090909090909,33,0.8064516129032258,-5.0,0,999,999,999,0,0.5,999,999,0.0,0.0,0.6,2652.0852106054663,11.373455296807574
P9_R3,9,3,0.54,0.42,0.1111111111111111,50,0.6666666666666666,-8.100000000000001,9,0.18,9,0.18,6,0,4,2,0.45,6,0.5,0,0.3333333333333333,0.4,0.5333333333333333,0.1666666666666666,30,0.8928571428571429,-6.0,1,2,6,12,4,0.8333333333333334,18,18,0.4444444444444444,0.5,0.5333333333333333,4.227412081301411,2.38609689264707
P0_R29,0,29,0.4705882352941176,0.4901960784313725,0.0833333333333333,51,0.7959183673469388,-7.0588235294117645,9,0.1764705882352941,8,0.1568627450980392,5,1,5,1,0.6,6,0.0,0,0.3333333333333333,0.3666666666666666,0.5666666666666667,0.0909090909090909,30,0.7857142857142857,-5.5,1,2,6,12,4,0.6666666666666666,18,18,0.3888888888888889,0.5555555555555556,0.6,9.44628876453121,3.3849185843725413
P5_R7,5,7,0.4705882352941176,0.4901960784313725,0.0833333333333333,51,0.7551020408163265,-7.0588235294117645,8,0.1568627450980392,6,0.1176470588235294,5,1,5,1,0.6,6,0.0,0,0.3333333333333333,0.3666666666666666,0.5666666666666667,0.2727272727272727,30,0.9285714285714286,-5.5,1,2,6,12,4,0.6666666666666666,18,18,0.3888888888888889,0.5555555555555556,0.4666666666666667,8.754183484406536,3.286021110937821
P16_R30,16,30,0.4615384615384615,0.5,-0.0833333333333333,52,0.7,-6.923076923076923,10,0.1923076923076923,8,0.1538461538461538,5,1,3,3,0.6,6,0.5,0,0.6666666666666666,0.4,0.5333333333333333,0.0,30,0.8214285714285714,-6.0,1,2,6,12,4,0.6666666666666666,18,18,0.4444444444444444,0.5,0.5333333333333333,186.64739532813329,7.551880454562549
P27_R44,27,44,0.6,0.36,0.0666666666666666,50,0.7083333333333334,-9.0,12,0.24,5,0.1,5,1,4,2,0.4,6,0.6666666666666666,0,0.6666666666666666,0.3333333333333333,0.6,0.2,30,0.8214285714285714,-5.0,1,2,6,12,4,0.6666666666666666,18,18,0.3333333333333333,0.6111111111111112,0.5333333333333333,10576.727308093548,13.368742068102208
P39_R44,39,44,0.54,0.42,0.037037037037037,50,0.6875,-8.100000000000001,10,0.2,7,0.14,5,1,4,2,0.45,6,0.6666666666666666,0,0.3333333333333333,0.3333333333333333,0.6,0.2,30,0.8214285714285714,-5.0,1,2,6,12,4,0.6666666666666666,18,18,0.3333333333333333,0.6111111111111112,0.5333333333333333,13265.3465677174,13.695483499742592
P20_R44,20,44,0.3962264150943396,0.5660377358490566,0.0476190476190476,53,0.7254901960784313,-5.943396226415095,6,0.1132075471698113,11,0.2075471698113207,5,1,2,4,0.65,6,0.1666666666666666,0,0.3333333333333333,0.3333333333333333,0.6,0.2,30,0.8214285714285714,-5.0,1,2,6,12,4,0.6666666666666666,18,18,0.3333333333333333,0.6111111111111112,0.5333333333333333,6675.222265896579,12.7048162706042
P25_R22,25,22,0.3809523809523809,0.5873015873015873,-0.1666666666666666,63,0.6721311475409836,-5.7142857142857135,10,0.1587301587301587,10,0.1587301587301587,4,2,4,2,0.8,6,0.0,1,0.6666666666666666,0.3529411764705882,0.5294117647058824,-0.6666666666666666,17,0.7333333333333333,-5.294117647058824,0,999,999,999,0,0.3333333333333333,999,999,0.0,0.0,0.6,548.1945578999466,9.101173519320811
P44_R33,44,33,0.4901960784313725,0.4705882352941176,-0.04,51,0.7346938775510204,-7.352941176470588,8,0.1568627450980392,7,0.1372549019607843,4,2,5,1,0.55,6,0.0,0,0.3333333333333333,0.3636363636363636,0.5757575757575758,0.0,33,0.7419354838709677,-5.454545454545455,1,2,13,19,4,0.6666666666666666,14,14,0.2142857142857142,0.7142857142857143,0.6666666666666666,2139.766581416992,11.06391178464036
P45_R17,45,17,0.5,0.4615384615384615,-0.2307692307692307,52,0.64,-7.5,11,0.2115384615384615,9,0.173076923076923,5,1,5,1,0.55,6,0.0,0,0.3333333333333333,0.3939393939393939,0.5454545454545454,-0.0769230769230769,33,0.9032258064516128,-5.909090909090909,1,1,16,22,5,0.8333333333333334,11,11,0.2727272727272727,0.6363636363636364,0.5333333333333333,698.9810525926533,9.451172060831508
P41_R24,41,24,0.56,0.4,-0.0714285714285714,50,0.6458333333333334,-8.4,12,0.24,7,0.14,5,1,5,1,0.5,6,0.5,0,0.6666666666666666,0.2666666666666666,0.6666666666666666,0.25,30,0.7857142857142857,-4.0,1,2,6,12,4,0.6666666666666666,18,18,0.2222222222222222,0.7222222222222222,0.6666666666666666,813.4046300318734,9.66960195318371
P43_R41,43,41,0.5294117647058824,0.4313725490196078,-0.1111111111111111,51,0.7346938775510204,-7.9411764705882355,10,0.196078431372549,7,0.1372549019607843,5,1,5,1,0.55,6,0.1666666666666666,0,0.6666666666666666,0.4,0.5333333333333333,0.1666666666666666,30,0.7857142857142857,-6.0,1,2,6,12,4,0.6666666666666666,18,18,0.4444444444444444,0.5,0.5333333333333333,3939.993885309728,11.944343795710994
P17_R46,17,46,0.5,0.46,-0.04,50,0.6458333333333334,-7.5,9,0.18,8,0.16,5,1,4,2,0.5,6,0.5,0,0.3333333333333333,0.3939393939393939,0.5454545454545454,0.0769230769230769,33,0.9032258064516128,-5.909090909090909,0,999,999,999,0,0.5,999,999,0.0,0.0,0.6,4670.20111937474,12.18957784662275
P17_R13,17,13,0.5,0.46,-0.04,50,0.6458333333333334,-7.5,9,0.18,8,0.16,5,1,4,2,0.5,6,0.5,0,0.3333333333333333,0.3333333333333333,0.6,0.0,30,0.7857142857142857,-5.0,1,2,6,12,4,0.6666666666666666,18,18,0.3333333333333333,0.6111111111111112,0.5333333333333333,76.2019629033771,6.270565624180803
P15_R35,15,35,0.4230769230769231,0.5384615384615384,-0.1818181818181818,52,0.7,-6.346153846153846,6,0.1153846153846153,8,0.1538461538461538,5,1,3,3,0.7,6,0.5,0,0.3333333333333333,0.303030303030303,0.6363636363636364,0.0,33,0.8064516129032258,-4.545454545454546,1,2,16,22,4,0.6666666666666666,11,11,0.2727272727272727,0.6363636363636364,0.6,227.11556831137744,7.833621100077434
P16_R18,16,18,0.4615384615384615,0.5,-0.0833333333333333,52,0.7,-6.923076923076923,10,0.1923076923076923,8,0.1538461538461538,5,1,3,3,0.6,6,0.5,0,0.6666666666666666,0.3636363636363636,0.5757575757575758,-0.1666666666666666,33,0.935483870967742,-5.454545454545455,1,2,16,22,4,0.6666666666666666,11,11,0.2727272727272727,0.6363636363636364,0.6,81.20505268844553,6.361155165978466
P32_R46,32,46,0.5147058823529411,0.4558823529411764,0.0857142857142857,68,0.6666666666666666,-7.720588235294117,10,0.1470588235294117,8,0.1176470588235294,4,2,5,1,0.5,6,0.5,0,0.3333333333333333,0.3939393939393939,0.5454545454545454,0.0769230769230769,33,0.9032258064516128,-5.909090909090909,0,999,999,999,0,0.5,999,999,0.0,0.0,0.6,16998.606635566844,14.053213742884024
P32_R8,32,8,0.5147058823529411,0.4558823529411764,0.0857142857142857,68,0.6666666666666666,-7.720588235294117,10,0.1470588235294117,8,0.1176470588235294,4,2,5,1,0.5,6,0.5,0,0.3333333333333333,0.3333333333333333,0.6060606060606061,-0.0909090909090909,33,0.935483870967742,-5.0,1,1,16,22,5,0.8333333333333334,11,11,0.1818181818181818,0.7272727272727273,0.6666666666666666,371.41189623421593,8.540755348503833
P15_R45,15,45,0.4230769230769231,0.5384615384615384,-0.1818181818181818,52,0.7,-6.346153846153846,6,0.1153846153846153,8,0.1538461538461538,5,1,3,3,0.7,6,0.5,0,0.3333333333333333,0.3666666666666666,0.5666666666666667,0.0909090909090909,30,0.75,-5.5,1,2,6,12,4,0.6666666666666666,18,18,0.3888888888888889,0.5555555555555556,0.5333333333333333,999.42338918791,9.966394976872731
P14_R35,14,35,0.5166666666666667,0.45,-0.032258064516129,60,0.6896551724137931,-7.750000000000001,11,0.1833333333333333,8,0.1333333333333333,6,0,5,1,0.6,6,0.3333333333333333,0,0.3333333333333333,0.303030303030303,0.6363636363636364,0.0,33,0.8064516129032258,-4.545454545454546,1,2,16,22,4,0.6666666666666666,11,11,0.2727272727272727,0.6363636363636364,0.6,180.63624825826395,7.504908332733642
P47_R11,47,11,0.5192307692307693,0.4423076923076923,-0.1851851851851851,52,0.7,-7.788461538461539,12,0.2307692307692307,8,0.1538461538461538,5,1,6,0,0.5,6,0.0,0,0.3333333333333333,0.3333333333333333,0.6060606060606061,-0.0909090909090909,33,0.9032258064516128,-5.0,1,2,11,17,4,0.6666666666666666,16,16,0.375,0.5625,0.6,704.1199539848147,9.461724897354364
P34_R20,34,20,0.4354838709677419,0.532258064516129,0.037037037037037,62,0.6833333333333333,-6.532258064516129,10,0.1612903225806451,12,0.1935483870967742,4,2,5,1,0.75,6,0.3333333333333333,1,0.6666666666666666,0.4333333333333333,0.5,0.2307692307692307,30,0.75,-6.5,1,2,6,12,4,0.8333333333333334,18,18,0.5,0.4444444444444444,0.4,684.3764875475061,9.42075288953894
P22_R24,22,24,0.4423076923076923,0.5192307692307693,-0.0434782608695652,52,0.78,-6.634615384615384,10,0.1923076923076923,10,0.1923076923076923,5,1,5,1,0.6,6,0.0,0,0.3333333333333333,0.2666666666666666,0.6666666666666666,0.25,30,0.7857142857142857,-4.0,1,2,6,12,4,0.6666666666666666,18,18,0.2222222222222222,0.7222222222222222,0.6666666666666666,379.9398671993832,8.573419470590297
P14_R6,14,6,0.5166666666666667,0.45,-0.032258064516129,60,0.6896551724137931,-7.750000000000001,11,0.1833333333333333,8,0.1333333333333333,6,0,5,1,0.6,6,0.3333333333333333,0,0.3333333333333333,0.3,0.6333333333333333,0.1111111111111111,30,0.8214285714285714,-4.5,1,2,6,12,4,0.6666666666666666,18,18,0.2777777777777778,0.6666666666666666,0.6,24.888751514996343,4.694253487836714
P11_R16,11,16,0.56,0.4,0.0,50,0.7083333333333334,-8.4,9,0.18,5,0.1,5,1,4,2,0.45,6,0.5,0,0.3333333333333333,0.4,0.5333333333333333,0.1666666666666666,30,0.8214285714285714,-6.0,1,2,6,12,4,0.6666666666666666,18,18,0.4444444444444444,0.5,0.5333333333333333,28.23586574236672,4.869667408411472
P5_R42,5,42,0.4705882352941176,0.4901960784313725,0.0833333333333333,51,0.7551020408163265,-7.0588235294117645,8,0.1568627450980392,6,0.1176470588235294,5,1,5,1,0.6,6,0.0,0,0.3333333333333333,0.3333333333333333,0.6060606060606061,0.0909090909090909,33,0.8709677419354839,-5.0,0,999,999,999,0,0.5,999,999,0.0,0.0,0.6,102.92334987828409,6.699376030435433
P27_R8,27,8,0.6,0.36,0.0666666666666666,50,0.7083333333333334,-9.0,12,0.24,5,0.1,5,1,4,2,0.4,6,0.6666666666666666,0,0.6666666666666666,0.3333333333333333,0.6060606060606061,-0.0909090909090909,33,0.935483870967742,-5.0,1,1,16,22,5,0.8333333333333334,11,11,0.1818181818181818,0.7272727272727273,0.6666666666666666,267.50350951791256,8.068797135084104
P41_R4,41,4,0.56,0.4,-0.0714285714285714,50,0.6458333333333334,-8.4,12,0.24,7,0.14,5,1,5,1,0.5,6,0.5,0,0.6666666666666666,0.4,0.5333333333333333,0.1666666666666666,30,0.8214285714285714,-6.0,1,2,6,12,4,0.6666666666666666,18,18,0.4444444444444444,0.5,0.4666666666666667,238.90523488649413,7.906320828283044
P2_R15,2,15,0.3174603174603174,0.6507936507936508,-0.1,63,0.5573770491803278,-4.761904761904762,7,0.1111111111111111,12,0.1904761904761904,4,2,4,2,0.8,6,0.0,1,0.0,0.3333333333333333,0.6060606060606061,0.0909090909090909,33,0.8064516129032258,-5.0,1,2,15,21,4,0.6666666666666666,12,12,0.25,0.6666666666666666,0.6,4.829922193678923,2.543476629301824
P26_R42,26,42,0.4901960784313725,0.4705882352941176,0.04,51,0.7959183673469388,-7.352941176470588,9,0.1764705882352941,10,0.196078431372549,5,1,5,1,0.65,6,0.0,0,0.6666666666666666,0.3333333333333333,0.6060606060606061,0.0909090909090909,33,0.8709677419354839,-5.0,0,999,999,999,0,0.5,999,999,0.0,0.0,0.6,3402.4541343907936,11.732783952485809
P45_R43,45,43,0.5,0.4615384615384615,-0.2307692307692307,52,0.64,-7.5,11,0.2115384615384615,9,0.173076923076923,5,1,5,1,0.55,6,0.0,0,0.3333333333333333,0.4,0.5333333333333333,0.1666666666666666,30,0.8571428571428571,-6.0,1,2,6,12,4,0.6666666666666666,18,18,0.4444444444444444,0.5,0.5333333333333333,11709.088907536188,13.51546440893039
P16_R24,16,24,0.4615384615384615,0.5,-0.0833333333333333,52,0.7,-6.923076923076923,10,0.1923076923076923,8,0.1538461538461538,5,1,3,3,0.6,6,0.5,0,0.6666666666666666,0.2666666666666666,0.6666666666666666,0.25,30,0.7857142857142857,-4.0,1,2,6,12,4,0.6666666666666666,18,18,0.2222222222222222,0.7222222222222222,0.6666666666666666,116.93902525750173,6.881897365509972
P32_R26,32,26,0.5147058823529411,0.4558823529411764,0.0857142857142857,68,0.6666666666666666,-7.720588235294117,10,0.1470588235294117,8,0.1176470588235294,4,2,5,1,0.5,6,0.5,0,0.3333333333333333,0.4,0.5333333333333333,0.3333333333333333,30,0.7857142857142857,-6.0,1,2,6,12,4,0.8333333333333334,18,18,0.4444444444444444,0.5,0.4666666666666667,651.6111699948907,9.350079870367733
P12_R20,12,20,0.4901960784313725,0.4705882352941176,0.12,51,0.6938775510204082,-7.352941176470588,10,0.196078431372549,11,0.2156862745098039,4,2,5,1,0.55,6,0.0,0,0.3333333333333333,0.4333333333333333,0.5,0.2307692307692307,30,0.75,-6.5,1,2,6,12,4,0.8333333333333334,18,18,0.5,0.4444444444444444,0.4,38.7738755131457,5.313749238151649
P8_R36,8,36,0.52,0.44,-0.0769230769230769,50,0.7083333333333334,-7.800000000000001,9,0.18,9,0.18,5,1,4,2,0.5,6,0.6666666666666666,0,0.3333333333333333,0.3636363636363636,0.5757575757575758,0.0,33,0.9032258064516128,-5.454545454545455,0,999,999,999,0,0.5,999,999,0.0,0.0,0.6,62.95892575668605,5.999073802646871
P16_R42,16,42,0.4615384615384615,0.5,-0.0833333333333333,52,0.7,-6.923076923076923,10,0.1923076923076923,8,0.1538461538461538,5,1,3,3,0.6,6,0.5,0,0.6666666666666666,0.3333333333333333,0.6060606060606061,0.0909090909090909,33,0.8709677419354839,-5.0,0,999,999,999,0,0.5,999,999,0.0,0.0,0.6,604.9695199224738,9.243101418188132
P28_R17,28,17,0.54,0.42,0.1111111111111111,50,0.6666666666666666,-8.100000000000001,11,0.22,9,0.18,5,1,4,2,0.45,6,0.6666666666666666,0,0.3333333333333333,0.3939393939393939,0.5454545454545454,-0.0769230769230769,33,0.9032258064516128,-5.909090909090909,1,1,16,22,5,0.8333333333333334,11,11,0.2727272727272727,0.6363636363636364,0.5333333333333333,518.4890633624846,9.020949566625497
P43_R31,43,31,0.5294117647058824,0.4313725490196078,-0.1111111111111111,51,0.7346938775510204,-7.9411764705882355,10,0.196078431372549,7,0.1372549019607843,5,1,5,1,0.55,6,0.1666666666666666,0,0.6666666666666666,0.4333333333333333,0.5,-0.0769230769230769,30,0.7857142857142857,-6.5,1,2,6,12,4,0.6666666666666666,18,18,0.5,0.4444444444444444,0.4666666666666667,1705.7578276183167,10.737042653115727
P45_R3,45,3,0.5,0.4615384615384615,-0.2307692307692307,52,0.64,-7.5,11,0.2115384615384615,9,0.173076923076923,5,1,5,1,0.55,6,0.0,0,0.3333333333333333,0.4,0.5333333333333333,0.1666666666666666,30,0.8928571428571429,-6.0,1,2,6,12,4,0.8333333333333334,18,18,0.4444444444444444,0.5,0.5333333333333333,224.68220152675332,7.818148834349653
P29_R22,29,22,0.5490196078431373,0.4117647058823529,0.1428571428571428,51,0.7551020408163265,-8.23529411764706,10,0.196078431372549,5,0.0980392156862745,5,1,5,1,0.6,6,0.0,0,0.6666666666666666,0.3529411764705882,0.5294117647058824,-0.6666666666666666,17,0.7333333333333333,-5.294117647058824,0,999,999,999,0,0.3333333333333333,999,999,0.0,0.0,0.6,720.1558664716824,9.494167298732046
P43_R38,43,38,0.5294117647058824,0.4313725490196078,-0.1111111111111111,51,0.7346938775510204,-7.9411764705882355,10,0.196078431372549,7,0.1372549019607843,5,1,5,1,0.55,6,0.1666666666666666,0,0.6666666666666666,0.3636363636363636,0.5757575757575758,-0.1666666666666666,33,0.8064516129032258,-5.454545454545455,0,999,999,999,0,0.5,999,999,0.0,0.0,0.6666666666666666,3022.6990466192656,11.562098837727454
P2_R38,2,38,0.3174603174603174,0.6507936507936508,-0.1,63,0.5573770491803278,-4.761904761904762,7,0.1111111111111111,12,0.1904761904761904,4,2,4,2,0.8,6,0.0,1,0.0,0.3636363636363636,0.5757575757575758,-0.1666666666666666,33,0.8064516129032258,-5.454545454545455,0,999,999,999,0,0.5,999,999,0.0,0.0,0.6666666666666666,24.066227372253035,4.647672972554804
P35_R30,35,30,0.54,0.42,0.037037037037037,50,0.6666666666666666,-8.100000000000001,11,0.22,9,0.18,5,1,5,1,0.4,6,0.6666666666666666,0,0.3333333333333333,0.4,0.5333333333333333,0.0,30,0.8214285714285714,-6.0,1,2,6,12,4,0.6666666666666666,18,18,0.4444444444444444,0.5,0.5333333333333333,985.3513834944456,9.945957881932362
P15_R24,15,24,0.4230769230769231,0.5384615384615384,-0.1818181818181818,52,0.7,-6.346153846153846,6,0.1153846153846153,8,0.1538461538461538,5,1,3,3,0.7,6,0.5,0,0.3333333333333333,0.2666666666666666,0.6666666666666666,0.25,30,0.7857142857142857,-4.0,1,2,6,12,4,0.6666666666666666,18,18,0.2222222222222222,0.7222222222222222,0.6666666666666666,66.63156801447387,6.079624897420654
P14_R7,14,7,0.5166666666666667,0.45,-0.032258064516129,60,0.6896551724137931,-7.750000000000001,11,0.1833333333333333,8,0.1333333333333333,6,0,5,1,0.6,6,0.3333333333333333,0,0.3333333333333333,0.3666666666666666,0.5666666666666667,0.2727272727272727,30,0.9285714285714286,-5.5,1,2,6,12,4,0.6666666666666666,18,18,0.3888888888888889,0.5555555555555556,0.4666666666666667,23.726259523094274,4.627972106728803
P4_R4,4,4,0.3809523809523809,0.5873015873015873,0.0,63,0.5245901639344263,-5.7142857142857135,10,0.1587301587301587,14,0.2222222222222222,4,2,4,2,0.85,6,0.0,1,0.6666666666666666,0.4,0.5333333333333333,0.1666666666666666,30,0.8214285714285714,-6.0,1,2,6,12,4,0.6666666666666666,18,18,0.4444444444444444,0.5,0.4666666666666667,2.9377377632250004,1.9773670370159857
P26_R40,26,40,0.4901960784313725,0.4705882352941176,0.04,51,0.7959183673469388,-7.352941176470588,9,0.1764705882352941,10,0.196078431372549,5,1,5,1,0.65,6,0.0,0,0.6666666666666666,0.3666666666666666,0.5666666666666667,0.2727272727272727,30,0.8571428571428571,-5.5,1,2,6,12,4,0.8333333333333334,18,18,0.3888888888888889,0.5555555555555556,0.6,3555.662448638618,11.796308344025752
P46_R11,46,11,0.4509803921568627,0.5098039215686274,-0.0434782608695652,51,0.7142857142857143,-6.764705882352941,8,0.1568627450980392,11,0.2156862745098039,4,2,5,1,0.55,6,0.0,0,0.0,0.3333333333333333,0.6060606060606061,-0.0909090909090909,33,0.9032258064516128,-5.0,1,2,11,17,4,0.6666666666666666,16,16,0.375,0.5625,0.6,466.5935702922803,8.869111281810211
P6_R19,6,19,0.5,0.4666666666666667,-0.1333333333333333,60,0.7413793103448276,-7.5,10,0.1666666666666666,10,0.1666666666666666,6,0,4,2,0.6,6,0.3333333333333333,0,0.3333333333333333,0.4583333333333333,0.4583333333333333,-0.0909090909090909,24,0.8636363636363636,-6.875,1,2,7,13,4,0.6666666666666666,11,11,0.5454545454545454,0.3636363636363636,0.4666666666666667,15.460966115970418,4.040977106820433
P8_R42,8,42,0.52,0.44,-0.0769230769230769,50,0.7083333333333334,-7.800000000000001,9,0.18,9,0.18,5,1,4,2,0.5,6,0.6666666666666666,0,0.3333333333333333,0.3333333333333333,0.6060606060606061,0.0909090909090909,33,0.8709677419354839,-5.0,0,999,999,999,0,0.5,999,999,0.0,0.0,0.6,128.86414226263793,7.020859322475589
P4_R26,4,26,0.3809523809523809,0.5873015873015873,0.0,63,0.5245901639344263,-5.7142857142857135,10,0.1587301587301587,14,0.2222222222222222,4,2,4,2,0.85,6,0.0,1,0.6666666666666666,0.4,0.5333333333333333,0.3333333333333333,30,0.7857142857142857,-6.0,1,2,6,12,4,0.8333333333333334,18,18,0.4444444444444444,0.5,0.4666666666666667,9.52606465222668,3.395894256046758
P2_R4,2,4,0.3174603174603174,0.6507936507936508,-0.1,63,0.5573770491803278,-4.761904761904762,7,0.1111111111111111,12,0.1904761904761904,4,2,4,2,0.8,6,0.0,1,0.0,0.4,0.5333333333333333,0.1666666666666666,30,0.8214285714285714,-6.0,1,2,6,12,4,0.6666666666666666,18,18,0.4444444444444444,0.5,0.4666666666666667,2.0751672517505924,1.6206648776744237
P10_R47,10,47,0.4516129032258064,0.5161290322580645,0.0,62,0.6833333333333333,-6.774193548387097,10,0.1612903225806451,9,0.1451612903225806,4,2,4,2,0.75,6,0.3333333333333333,1,0.3333333333333333,0.3939393939393939,0.5454545454545454,0.0769230769230769,33,0.935483870967742,-5.909090909090909,1,2,16,22,4,0.6666666666666666,11,11,0.2727272727272727,0.6363636363636364,0.6,1177.0437590751287,10.202177414516497
P8_R38,8,38,0.52,0.44,-0.0769230769230769,50,0.7083333333333334,-7.800000000000001,9,0.18,9,0.18,5,1,4,2,0.5,6,0.6666666666666666,0,0.3333333333333333,0.3636363636363636,0.5757575757575758,-0.1666666666666666,33,0.8064516129032258,-5.454545454545455,0,999,999,999,0,0.5,999,999,0.0,0.0,0.6666666666666666,74.22402234220088,6.233121546413086
P12_R5,12,5,0.4901960784313725,0.4705882352941176,0.12,51,0.6938775510204082,-7.352941176470588,10,0.196078431372549,11,0.2156862745098039,4,2,5,1,0.55,6,0.0,0,0.3333333333333333,0.3636363636363636,0.5757575757575758,0.0,33,0.8709677419354839,-5.454545454545455,1,1,11,17,5,0.8333333333333334,16,16,0.375,0.5625,0.6,16.35831393822904,4.117554916454995
P1_R8,1,8,0.4615384615384615,0.5,-0.25,52,0.58,-6.923076923076923,8,0.1538461538461538,8,0.1538461538461538,5,1,3,3,0.6,6,0.5,0,0.3333333333333333,0.3333333333333333,0.6060606060606061,-0.0909090909090909,33,0.935483870967742,-5.0,1,1,16,22,5,0.8333333333333334,11,11,0.1818181818181818,0.7272727272727273,0.6666666666666666,2.9423294741956525,1.9790483524658968
P42_R42,42,42,0.56,0.4,-0.0714285714285714,50,0.7291666666666666,-8.4,9,0.18,4,0.08,5,1,4,2,0.45,6,0.5,0,0.3333333333333333,0.3333333333333333,0.6060606060606061,0.0909090909090909,33,0.8709677419354839,-5.0,0,999,999,999,0,0.5,999,999,0.0,0.0,0.6,4237.025668644568,12.049176610435897
P8_R39,8,39,0.52,0.44,-0.0769230769230769,50,0.7083333333333334,-7.800000000000001,9,0.18,9,0.18,5,1,4,2,0.5,6,0.6666666666666666,0,0.3333333333333333,0.3939393939393939,0.5454545454545454,-0.0769230769230769,33,0.8709677419354839,-5.909090909090909,1,2,16,22,4,0.6666666666666666,11,11,0.1818181818181818,0.7272727272727273,0.6,69.15055814784324,6.132382677476972
P7_R31,7,31,0.4901960784313725,0.4705882352941176,0.2,51,0.7755102040816326,-7.352941176470588,8,0.1568627450980392,6,0.1176470588235294,5,1,5,1,0.6,6,0.0,0,0.3333333333333333,0.4333333333333333,0.5,-0.0769230769230769,30,0.7857142857142857,-6.5,1,2,6,12,4,0.6666666666666666,18,18,0.5,0.4444444444444444,0.4666666666666667,29.11101254032251,4.912219317142608
P30_R25,30,25,0.4754098360655737,0.4918032786885246,0.1724137931034483,61,0.7457627118644068,-7.131147540983606,7,0.1147540983606557,12,0.1967213114754098,6,0,5,1,0.55,6,0.3333333333333333,0,0.6666666666666666,0.3666666666666666,0.5666666666666667,0.2727272727272727,30,0.8214285714285714,-5.5,1,2,6,12,4,0.6666666666666666,18,18,0.3888888888888889,0.5555555555555556,0.5333333333333333,656.959279661998,9.361854489772393
P13_R19,13,19,0.4833333333333333,0.4833333333333333,-0.1034482758620689,60,0.7586206896551724,-7.25,8,0.1333333333333333,7,0.1166666666666666,6,0,6,0,0.45,6,0.3333333333333333,0,0.6666666666666666,0.4583333333333333,0.4583333333333333,-0.0909090909090909,24,0.8636363636363636,-6.875,1,2,7,13,4,0.6666666666666666,11,11,0.5454545454545454,0.3636363636363636,0.4666666666666667,41.99036844761967,5.425941569834674
P39_R35,39,35,0.54,0.42,0.037037037037037,50,0.6875,-8.100000000000001,10,0.2,7,0.14,5,1,4,2,0.45,6,0.6666666666666666,0,0.3333333333333333,0.303030303030303,0.6363636363636364,0.0,33,0.8064516129032258,-4.545454545454546,1,2,16,22,4,0.6666666666666666,11,11,0.2727272727272727,0.6363636363636364,0.6,2248.679547201188,11.135503797842572
P32_R44,32,44,0.5147058823529411,0.4558823529411764,0.0857142857142857,68,0.6666666666666666,-7.720588235294117,10,0.1470588235294117,8,0.1176470588235294,4,2,5,1,0.5,6,0.5,0,0.3333333333333333,0.3333333333333333,0.6,0.2,30,0.8214285714285714,-5.0,1,2,6,12,4,0.6666666666666666,18,18,0.3333333333333333,0.6111111111111112,0.5333333333333333,15529.133215687085,13.922782584598991
P33_R8,33,8,0.3835616438356164,0.589041095890411,-0.2142857142857142,73,0.5633802816901409,-5.753424657534247,9,0.1232876712328767,15,0.2054794520547945,5,1,4,2,0.65,6,0.5,1,0.3333333333333333,0.3333333333333333,0.6060606060606061,-0.0909090909090909,33,0.935483870967742,-5.0,1,1,16,22,5,0.8333333333333334,11,11,0.1818181818181818,0.7272727272727273,0.6666666666666666,299.8006291795281,8.232663774453957
P23_R21,23,21,0.4528301886792453,0.5094339622641509,-0.1666666666666666,53,0.7058823529411765,-6.79245283018868,8,0.1509433962264151,11,0.2075471698113207,5,1,2,4,0.6,6,0.1666666666666666,0,0.3333333333333333,0.3666666666666666,0.5666666666666667,0.0909090909090909,30,0.8214285714285714,-5.5,1,2,6,12,4,0.6666666666666666,18,18,0.3888888888888889,0.5555555555555556,0.5333333333333333,329.24021261994994,8.367371994505266
P27_R3,27,3,0.6,0.36,0.0666666666666666,50,0.7083333333333334,-9.0,12,0.24,5,0.1,5,1,4,2,0.4,6,0.6666666666666666,0,0.6666666666666666,0.4,0.5333333333333333,0.1666666666666666,30,0.8928571428571429,-6.0,1,2,6,12,4,0.8333333333333334,18,18,0.4444444444444444,0.5,0.5333333333333333,122.71029788082087,6.950821787770694
P33_R29,33,29,0.3835616438356164,0.589041095890411,-0.2142857142857142,73,0.5633802816901409,-5.753424657534247,9,0.1232876712328767,15,0.2054794520547945,5,1,4,2,0.65,6,0.5,1,0.3333333333333333,0.3666666666666666,0.5666666666666667,0.0909090909090909,30,0.7857142857142857,-5.5,1,2,6,12,4,0.6666666666666666,18,18,0.3888888888888889,0.5555555555555556,0.6,989.7089699938653,9.95231750428985
P34_R24,34,24,0.4354838709677419,0.532258064516129,0.037037037037037,62,0.6833333333333333,-6.532258064516129,10,0.1612903225806451,12,0.1935483870967742,4,2,5,1,0.75,6,0.3333333333333333,1,0.6666666666666666,0.2666666666666666,0.6666666666666666,0.25,30,0.7857142857142857,-4.0,1,2,6,12,4,0.6666666666666666,18,18,0.2222222222222222,0.7222222222222222,0.6666666666666666,766.7364820852791,9.5844673949567
P34_R18,34,18,0.4354838709677419,0.532258064516129,0.037037037037037,62,0.6833333333333333,-6.532258064516129,10,0.1612903225806451,12,0.1935483870967742,4,2,5,1,0.75,6,0.3333333333333333,1,0.6666666666666666,0.3636363636363636,0.5757575757575758,-0.1666666666666666,33,0.935483870967742,-5.454545454545455,1,2,16,22,4,0.6666666666666666,11,11,0.2727272727272727,0.6363636363636364,0.6,499.3253447528608,8.966722725901317
P19_R3,19,3,0.56,0.4,0.0714285714285714,50,0.6458333333333334,-8.4,9,0.18,6,0.12,5,1,4,2,0.45,6,0.5,0,0.3333333333333333,0.4,0.5333333333333333,0.1666666666666666,30,0.8928571428571429,-6.0,1,2,6,12,4,0.8333333333333334,18,18,0.4444444444444444,0.5,0.5333333333333333,93.26871879380973,6.558707215439507
P29_R38,29,38,0.5490196078431373,0.4117647058823529,0.1428571428571428,51,0.7551020408163265,-8.23529411764706,10,0.196078431372549,5,0.0980392156862745,5,1,5,1,0.6,6,0.0,0,0.6666666666666666,0.3636363636363636,0.5757575757575758,-0.1666666666666666,33,0.8064516129032258,-5.454545454545455,0,999,999,999,0,0.5,999,999,0.0,0.0,0.6666666666666666,2479.8033944572376,11.276591689751088
P29_R12,29,12,0.5490196078431373,0.4117647058823529,0.1428571428571428,51,0.7551020408163265,-8.23529411764706,10,0.196078431372549,5,0.0980392156862745,5,1,5,1,0.6,6,0.0,0,0.6666666666666666,0.3666666666666666,0.5666666666666667,0.2727272727272727,30,0.8214285714285714,-5.5,1,2,6,12,4,0.8333333333333334,18,18,0.3888888888888889,0.5555555555555556,0.6,320.6577602515251,8.329382685054451
P42_R41,42,41,0.56,0.4,-0.0714285714285714,50,0.7291666666666666,-8.4,9,0.18,4,0.08,5,1,4,2,0.45,6,0.5,0,0.3333333333333333,0.4,0.5333333333333333,0.1666666666666666,30,0.7857142857142857,-6.0,1,2,6,12,4,0.6666666666666666,18,18,0.4444444444444444,0.5,0.5333333333333333,3175.7051609294986,11.63331548028358
P35_R28,35,28,0.54,0.42,0.037037037037037,50,0.6666666666666666,-8.100000000000001,11,0.22,9,0.18,5,1,5,1,0.4,6,0.6666666666666666,0,0.3333333333333333,0.3939393939393939,0.5454545454545454,0.0769230769230769,33,0.8709677419354839,-5.909090909090909,1,2,11,17,4,0.6666666666666666,16,16,0.4375,0.5,0.5333333333333333,1143.8952400353571,10.16099987984378
P37_R19,37,19,0.5490196078431373,0.4117647058823529,0.1428571428571428,51,0.7346938775510204,-8.23529411764706,7,0.1372549019607843,6,0.1176470588235294,5,1,5,1,0.6,6,0.0,0,0.6666666666666666,0.4583333333333333,0.4583333333333333,-0.0909090909090909,24,0.8636363636363636,-6.875,1,2,7,13,4,0.6666666666666666,11,11,0.5454545454545454,0.3636363636363636,0.4666666666666667,538.2516580356871,9.074814897018008
P39_R20,39,20,0.54,0.42,0.037037037037037,50,0.6875,-8.100000000000001,10,0.2,7,0.14,5,1,4,2,0.45,6,0.6666666666666666,0,0.3333333333333333,0.4333333333333333,0.5,0.2307692307692307,30,0.75,-6.5,1,2,6,12,4,0.8333333333333334,18,18,0.5,0.4444444444444444,0.4,554.9759926270624,9.118878777641388
P37_R31,37,31,0.5490196078431373,0.4117647058823529,0.1428571428571428,51,0.7346938775510204,-8.23529411764706,7,0.1372549019607843,6,0.1176470588235294,5,1,5,1,0.6,6,0.0,0,0.6666666666666666,0.4333333333333333,0.5,-0.0769230769230769,30,0.7857142857142857,-6.5,1,2,6,12,4,0.6666666666666666,18,18,0.5,0.4444444444444444,0.4666666666666667,1363.3179242619897,10.413964156524749
P30_R4,30,4,0.4754098360655737,0.4918032786885246,0.1724137931034483,61,0.7457627118644068,-7.131147540983606,7,0.1147540983606557,12,0.1967213114754098,6,0,5,1,0.55,6,0.3333333333333333,0,0.6666666666666666,0.4,0.5333333333333333,0.1666666666666666,30,0.8214285714285714,-6.0,1,2,6,12,4,0.6666666666666666,18,18,0.4444444444444444,0.5,0.4666666666666667,188.1835778991341,7.563643050588674
P6_R2,6,2,0.5,0.4666666666666667,-0.1333333333333333,60,0.7413793103448276,-7.5,10,0.1666666666666666,10,0.1666666666666666,6,0,4,2,0.6,6,0.3333333333333333,0,0.3333333333333333,0.3636363636363636,0.5757575757575758,0.0,33,0.8709677419354839,-5.454545454545455,1,2,16,22,4,0.6666666666666666,11,11,0.2727272727272727,0.6363636363636364,0.6,2.173372931017841,1.6660170750263423
P19_R1,19,1,0.56,0.4,0.0714285714285714,50,0.6458333333333334,-8.4,9,0.18,6,0.12,5,1,4,2,0.45,6,0.5,0,0.3333333333333333,0.3333333333333333,0.6,0.0,30,0.8214285714285714,-5.0,1,2,6,12,4,0.6666666666666666,18,18,0.3333333333333333,0.6111111111111112,0.6,35.8686215721811,5.204321573479291
P2_R0,2,0,0.3174603174603174,0.6507936507936508,-0.1,63,0.5573770491803278,-4.761904761904762,7,0.1111111111111111,12,0.1904761904761904,4,2,4,2,0.8,6,0.0,1,0.0,0.3333333333333333,0.6,0.2,30,0.8214285714285714,-5.0,1,2,6,12,4,0.6666666666666666,18,18,0.3333333333333333,0.6111111111111112,0.6,0.531951450227442,0.6153705768803838
P43_R27,43,27,0.5294117647058824,0.4313725490196078,-0.1111111111111111,51,0.7346938775510204,-7.9411764705882355,10,0.196078431372549,7,0.1372549019607843,5,1,5,1,0.55,6,0.1666666666666666,0,0.6666666666666666,0.3333333333333333,0.6060606060606061,-0.0909090909090909,33,0.8387096774193549,-5.0,0,999,999,999,0,0.5,999,999,0.0,0.0,0.7333333333333333,1139.4735003332269,10.155417209714596
P3_R35,3,35,0.4918032786885246,0.4754098360655737,-0.0666666666666666,61,0.7627118644067796,-7.377049180327869,9,0.1475409836065573,11,0.180327868852459,6,0,5,1,0.55,6,0.3333333333333333,0,0.6666666666666666,0.303030303030303,0.6363636363636364,0.0,33,0.8064516129032258,-4.545454545454546,1,2,16,22,4,0.6666666666666666,11,11,0.2727272727272727,0.6363636363636364,0.6,23.313821984087376,4.60370478891572
P42_R13,42,13,0.56,0.4,-0.0714285714285714,50,0.7291666666666666,-8.4,9,0.18,4,0.08,5,1,4,2,0.45,6,0.5,0,0.3333333333333333,0.3333333333333333,0.6,0.0,30,0.7857142857142857,-5.0,1,2,6,12,4,0.6666666666666666,18,18,0.3333333333333333,0.6111111111111112,0.5333333333333333,421.0522499870375,8.721277805131187
P9_R29,9,29,0.54,0.42,0.1111111111111111,50,0.6666666666666666,-8.100000000000001,9,0.18,9,0.18,6,0,4,2,0.45,6,0.5,0,0.3333333333333333,0.3666666666666666,0.5666666666666667,0.0909090909090909,30,0.7857142857142857,-5.5,1,2,6,12,4,0.6666666666666666,18,18,0.3888888888888889,0.5555555555555556,0.6,25.430053801918955,4.724107456669064
P22_R12,22,12,0.4423076923076923,0.5192307692307693,-0.0434782608695652,52,0.78,-6.634615384615384,10,0.1923076923076923,10,0.1923076923076923,5,1,5,1,0.6,6,0.0,0,0.3333333333333333,0.3666666666666666,0.5666666666666667,0.2727272727272727,30,0.8214285714285714,-5.5,1,2,6,12,4,0.8333333333333334,18,18,0.3888888888888889,0.5555555555555556,0.6,252.05958045919357,7.983333283442958
P17_R22,17,22,0.5,0.46,-0.04,50,0.6458333333333334,-7.5,9,0.18,8,0.16,5,1,4,2,0.5,6,0.5,0,0.3333333333333333,0.3529411764705882,0.5294117647058824,-0.6666666666666666,17,0.7333333333333333,-5.294117647058824,0,999,999,999,0,0.3333333333333333,999,999,0.0,0.0,0.6,247.9458677452989,7.959688258069456
P36_R20,36,20,0.58,0.38,-0.1034482758620689,50,0.7291666666666666,-8.7,10,0.2,7,0.14,6,0,4,2,0.4,6,0.5,0,0.6666666666666666,0.4333333333333333,0.5,0.2307692307692307,30,0.75,-6.5,1,2,6,12,4,0.8333333333333334,18,18,0.5,0.4444444444444444,0.4,597.0594410557562,9.22414507061051
P29_R27,29,27,0.5490196078431373,0.4117647058823529,0.1428571428571428,51,0.7551020408163265,-8.23529411764706,10,0.196078431372549,5,0.0980392156862745,5,1,5,1,0.6,6,0.0,0,0.6666666666666666,0.3333333333333333,0.6060606060606061,-0.0909090909090909,33,0.8387096774193549,-5.0,0,999,999,999,0,0.5,999,999,0.0,0.0,0.7333333333333333,799.2787346248043,9.644358763553024
P18_R10,18,10,0.34375,0.625,-0.0909090909090909,64,0.6129032258064516,-5.15625,7,0.109375,14,0.21875,4,2,4,2,0.85,6,0.0,1,0.6666666666666666,0.3636363636363636,0.5757575757575758,0.0,33,0.8709677419354839,-5.454545454545455,1,2,13,19,4,0.6666666666666666,14,14,0.3571428571428571,0.5714285714285714,0.5333333333333333,83.17839018633703,6.395378014967905
P42_R8,42,8,0.56,0.4,-0.0714285714285714,50,0.7291666666666666,-8.4,9,0.18,4,0.08,5,1,4,2,0.45,6,0.5,0,0.3333333333333333,0.3333333333333333,0.6060606060606061,-0.0909090909090909,33,0.935483870967742,-5.0,1,1,16,22,5,0.8333333333333334,11,11,0.1818181818181818,0.7272727272727273,0.6666666666666666,296.55503276965464,8.217012709157725
P40_R36,40,36,0.5,0.4666666666666667,0.0666666666666666,60,0.6551724137931034,-7.5,10,0.1666666666666666,12,0.2,6,0,5,1,0.6,6,0.3333333333333333,0,0.3333333333333333,0.3636363636363636,0.5757575757575758,0.0,33,0.9032258064516128,-5.454545454545455,0,999,999,999,0,0.5,999,999,0.0,0.0,0.6,2775.603138275756,11.439105271196937
P19_R25,19,25,0.56,0.4,0.0714285714285714,50,0.6458333333333334,-8.4,9,0.18,6,0.12,5,1,4,2,0.45,6,0.5,0,0.3333333333333333,0.3666666666666666,0.5666666666666667,0.2727272727272727,30,0.8214285714285714,-5.5,1,2,6,12,4,0.6666666666666666,18,18,0.3888888888888889,0.5555555555555556,0.5333333333333333,342.59228960480834,8.424553851764149
P15_R44,15,44,0.4230769230769231,0.5384615384615384,-0.1818181818181818,52,0.7,-6.346153846153846,6,0.1153846153846153,8,0.1538461538461538,5,1,3,3,0.7,6,0.5,0,0.3333333333333333,0.3333333333333333,0.6,0.2,30,0.8214285714285714,-5.0,1,2,6,12,4,0.6666666666666666,18,18,0.3333333333333333,0.6111111111111112,0.5333333333333333,1333.4009320675275,10.38197648626768
P38_R34,38,34,0.5185185185185185,0.4074074074074074,0.0,27,0.8,-7.777777777777778,6,0.2222222222222222,5,0.1851851851851851,5,1,5,1,0.0,6,0.5,0,0.3333333333333333,0.3666666666666666,0.5666666666666667,0.0909090909090909,30,0.8571428571428571,-5.5,1,2,6,12,4,0.6666666666666666,18,18,0.3888888888888889,0.5555555555555556,0.4666666666666667,2298.586370607033,11.167158669858235
P34_R38,34,38,0.4354838709677419,0.532258064516129,0.037037037037037,62,0.6833333333333333,-6.532258064516129,10,0.1612903225806451,12,0.1935483870967742,4,2,5,1,0.75,6,0.3333333333333333,1,0.6666666666666666,0.3636363636363636,0.5757575757575758,-0.1666666666666666,33,0.8064516129032258,-5.454545454545455,0,999,999,999,0,0.5,999,999,0.0,0.0,0.6666666666666666,2919.0752106725613,11.511789812899895
P23_R7,23,7,0.4528301886792453,0.5094339622641509,-0.1666666666666666,53,0.7058823529411765,-6.79245283018868,8,0.1509433962264151,11,0.2075471698113207,5,1,2,4,0.6,6,0.1666666666666666,0,0.3333333333333333,0.3666666666666666,0.5666666666666667,0.2727272727272727,30,0.9285714285714286,-5.5,1,2,6,12,4,0.6666666666666666,18,18,0.3888888888888889,0.5555555555555556,0.4666666666666667,152.4329296752007,7.261464336114485
P36_R33,36,33,0.58,0.38,-0.1034482758620689,50,0.7291666666666666,-8.7,10,0.2,7,0.14,6,0,4,2,0.4,6,0.5,0,0.6666666666666666,0.3636363636363636,0.5757575757575758,0.0,33,0.7419354838709677,-5.454545454545455,1,2,13,19,4,0.6666666666666666,14,14,0.2142857142857142,0.7142857142857143,0.6666666666666666,1757.0339276860452,10.77974719748248
P43_R1,43,1,0.5294117647058824,0.4313725490196078,-0.1111111111111111,51,0.7346938775510204,-7.9411764705882355,10,0.196078431372549,7,0.1372549019607843,5,1,5,1,0.55,6,0.1666666666666666,0,0.6666666666666666,0.3333333333333333,0.6,0.0,30,0.8214285714285714,-5.0,1,2,6,12,4,0.6666666666666666,18,18,0.3333333333333333,0.6111111111111112,0.6,92.42617897003008,6.545754959364227
P40_R8,40,8,0.5,0.4666666666666667,0.0666666666666666,60,0.6551724137931034,-7.5,10,0.1666666666666666,12,0.2,6,0,5,1,0.6,6,0.3333333333333333,0,0.3333333333333333,0.3333333333333333,0.6060606060606061,-0.0909090909090909,33,0.935483870967742,-5.0,1,1,16,22,5,0.8333333333333334,11,11,0.1818181818181818,0.7272727272727273,0.6666666666666666,396.285273642728,8.634031507146464
P10_R6,10,6,0.4516129032258064,0.5161290322580645,0.0,62,0.6833333333333333,-6.774193548387097,10,0.1612903225806451,9,0.1451612903225806,4,2,4,2,0.75,6,0.3333333333333333,1,0.3333333333333333,0.3,0.6333333333333333,0.1111111111111111,30,0.8214285714285714,-4.5,1,2,6,12,4,0.6666666666666666,18,18,0.2777777777777778,0.6666666666666666,0.6,13.703592860059157,3.878096819204087
P37_R3,37,3,0.5490196078431373,0.4117647058823529,0.1428571428571428,51,0.7346938775510204,-8.23529411764706,7,0.1372549019607843,6,0.1176470588235294,5,1,5,1,0.6,6,0.0,0,0.6666666666666666,0.4,0.5333333333333333,0.1666666666666666,30,0.8928571428571429,-6.0,1,2,6,12,4,0.8333333333333334,18,18,0.4444444444444444,0.5,0.5333333333333333,211.46605152999575,7.73108853125103
P37_R29,37,29,0.5490196078431373,0.4117647058823529,0.1428571428571428,51,0.7346938775510204,-8.23529411764706,7,0.1372549019607843,6,0.1176470588235294,5,1,5,1,0.6,6,0.0,0,0.6666666666666666,0.3666666666666666,0.5666666666666667,0.0909090909090909,30,0.7857142857142857,-5.5,1,2,6,12,4,0.6666666666666666,18,18,0.3888888888888889,0.5555555555555556,0.6,792.4827181049548,9.632054991567646
P4_R37,4,37,0.3809523809523809,0.5873015873015873,0.0,63,0.5245901639344263,-5.7142857142857135,10,0.1587301587301587,14,0.2222222222222222,4,2,4,2,0.85,6,0.0,1,0.6666666666666666,0.3333333333333333,0.6060606060606061,-0.0909090909090909,33,0.8064516129032258,-5.0,0,999,999,999,0,0.5,999,999,0.0,0.0,0.6,33.69023553118329,5.116457730798961
P13_R5,13,5,0.4833333333333333,0.4833333333333333,-0.1034482758620689,60,0.7586206896551724,-7.25,8,0.1333333333333333,7,0.1166666666666666,6,0,6,0,0.45,6,0.3333333333333333,0,0.6666666666666666,0.3636363636363636,0.5757575757575758,0.0,33,0.8709677419354839,-5.454545454545455,1,1,11,17,5,0.8333333333333334,16,16,0.375,0.5625,0.6,15.10798105166666,4.009703775196343
P18_R22,18,22,0.34375,0.625,-0.0909090909090909,64,0.6129032258064516,-5.15625,7,0.109375,14,0.21875,4,2,4,2,0.85,6,0.0,1,0.6666666666666666,0.3529411764705882,0.5294117647058824,-0.6666666666666666,17,0.7333333333333333,-5.294117647058824,0,999,999,999,0,0.3333333333333333,999,999,0.0,0.0,0.6,257.4882638166048,8.013954968891513
P34_R19,34,19,0.4354838709677419,0.532258064516129,0.037037037037037,62,0.6833333333333333,-6.532258064516129,10,0.1612903225806451,12,0.1935483870967742,4,2,5,1,0.75,6,0.3333333333333333,1,0.6666666666666666,0.4583333333333333,0.4583333333333333,-0.0909090909090909,24,0.8636363636363636,-6.875,1,2,7,13,4,0.6666666666666666,11,11,0.5454545454545454,0.3636363636363636,0.4666666666666667,669.0478085624343,9.388120226711145
P42_R35,42,35,0.56,0.4,-0.0714285714285714,50,0.7291666666666666,-8.4,9,0.18,4,0.08,5,1,4,2,0.45,6,0.5,0,0.3333333333333333,0.303030303030303,0.6363636363636364,0.0,33,0.8064516129032258,-4.545454545454546,1,2,16,22,4,0.6666666666666666,11,11,0.2727272727272727,0.6363636363636364,0.6,1955.7445992054545,10.934239747573482
P41_R46,41,46,0.56,0.4,-0.0714285714285714,50,0.6458333333333334,-8.4,12,0.24,7,0.14,5,1,5,1,0.5,6,0.5,0,0.6666666666666666,0.3939393939393939,0.5454545454545454,0.0769230769230769,33,0.9032258064516128,-5.909090909090909,0,999,999,999,0,0.5,999,999,0.0,0.0,0.6,23187.88038512422,14.501145544431049
P8_R32,8,32,0.52,0.44,-0.0769230769230769,50,0.7083333333333334,-7.800000000000001,9,0.18,9,0.18,5,1,4,2,0.5,6,0.6666666666666666,0,0.3333333333333333,0.4,0.5333333333333333,0.1666666666666666,30,0.8571428571428571,-6.0,1,2,6,12,4,0.8333333333333334,18,18,0.4444444444444444,0.5,0.5333333333333333,50.08643122692066,5.674868250999695
P30_R16,30,16,0.4754098360655737,0.4918032786885246,0.1724137931034483,61,0.7457627118644068,-7.131147540983606,7,0.1147540983606557,12,0.1967213114754098,6,0,5,1,0.55,6,0.3333333333333333,0,0.6666666666666666,0.4,0.5333333333333333,0.1666666666666666,30,0.8214285714285714,-6.0,1,2,6,12,4,0.6666666666666666,18,18,0.4444444444444444,0.5,0.5333333333333333,634.3609437889436,9.311432598784586
P47_R9,47,9,0.5192307692307693,0.4423076923076923,-0.1851851851851851,52,0.7,-7.788461538461539,12,0.2307692307692307,8,0.1538461538461538,5,1,6,0,0.5,6,0.0,0,0.3333333333333333,0.4333333333333333,0.5,-0.0769230769230769,30,0.8214285714285714,-6.5,1,2,6,12,4,0.6666666666666666,18,18,0.5,0.4444444444444444,0.4,719.0987470211018,9.492050946425946
P41_R43,41,43,0.56,0.4,-0.0714285714285714,50,0.6458333333333334,-8.4,12,0.24,7,0.14,5,1,5,1,0.5,6,0.5,0,0.6666666666666666,0.4,0.5333333333333333,0.1666666666666666,30,0.8571428571428571,-6.0,1,2,6,12,4,0.6666666666666666,18,18,0.4444444444444444,0.5,0.5333333333333333,12324.77242328008,13.589390438835604
P35_R22,35,22,0.54,0.42,0.037037037037037,50,0.6666666666666666,-8.100000000000001,11,0.22,9,0.18,5,1,5,1,0.4,6,0.6666666666666666,0,0.3333333333333333,0.3529411764705882,0.5294117647058824,-0.6666666666666666,17,0.7333333333333333,-5.294117647058824,0,999,999,999,0,0.3333333333333333,999,999,0.0,0.0,0.6,690.3749389748729,9.433324499374535
P5_R19,5,19,0.4705882352941176,0.4901960784313725,0.0833333333333333,51,0.7551020408163265,-7.0588235294117645,8,0.1568627450980392,6,0.1176470588235294,5,1,5,1,0.6,6,0.0,0,0.3333333333333333,0.4583333333333333,0.4583333333333333,-0.0909090909090909,24,0.8636363636363636,-6.875,1,2,7,13,4,0.6666666666666666,11,11,0.5454545454545454,0.3636363636363636,0.4666666666666667,9.671314789385102,3.415666033305383
P15_R47,15,47,0.4230769230769231,0.5384615384615384,-0.1818181818181818,52,0.7,-6.346153846153846,6,0.1153846153846153,8,0.1538461538461538,5,1,3,3,0.7,6,0.5,0,0.3333333333333333,0.3939393939393939,0.5454545454545454,0.0769230769230769,33,0.935483870967742,-5.909090909090909,1,2,16,22,4,0.6666666666666666,11,11,0.2727272727272727,0.6363636363636364,0.6,1866.1605209196985,10.866630246923506
P11_R4,11,4,0.56,0.4,0.0,50,0.7083333333333334,-8.4,9,0.18,5,0.1,5,1,4,2,0.45,6,0.5,0,0.3333333333333333,0.4,0.5333333333333333,0.1666666666666666,30,0.8214285714285714,-6.0,1,2,6,12,4,0.6666666666666666,18,18,0.4444444444444444,0.5,0.4666666666666667,11.73595705929348,3.6708354716817513
P7_R32,7,32,0.4901960784313725,0.4705882352941176,0.2,51,0.7755102040816326,-7.352941176470588,8,0.1568627450980392,6,0.1176470588235294,5,1,5,1,0.6,6,0.0,0,0.3333333333333333,0.4,0.5333333333333333,0.1666666666666666,30,0.8571428571428571,-6.0,1,2,6,12,4,0.8333333333333334,18,18,0.4444444444444444,0.5,0.5333333333333333,39.48166889831205,5.339196862728075
P31_R5,31,5,0.5294117647058824,0.4313725490196078,-0.037037037037037,51,0.6938775510204082,-7.9411764705882355,11,0.2156862745098039,8,0.1568627450980392,4,2,5,1,0.45,6,0.3333333333333333,0,0.3333333333333333,0.3636363636363636,0.5757575757575758,0.0,33,0.8709677419354839,-5.454545454545455,1,1,11,17,5,0.8333333333333334,16,16,0.375,0.5625,0.6,222.3687136699261,7.803283317430562
P23_R30,23,30,0.4528301886792453,0.5094339622641509,-0.1666666666666666,53,0.7058823529411765,-6.79245283018868,8,0.1509433962264151,11,0.2075471698113207,5,1,2,4,0.6,6,0.1666666666666666,0,0.3333333333333333,0.4,0.5333333333333333,0.0,30,0.8214285714285714,-6.0,1,2,6,12,4,0.6666666666666666,18,18,0.4444444444444444,0.5,0.5333333333333333,535.6411494182316,9.06781387386529
P23_R1,23,1,0.4528301886792453,0.5094339622641509,-0.1666666666666666,53,0.7058823529411765,-6.79245283018868,8,0.1509433962264151,11,0.2075471698113207,5,1,2,4,0.6,6,0.1666666666666666,0,0.3333333333333333,0.3333333333333333,0.6,0.0,30,0.8214285714285714,-5.0,1,2,6,12,4,0.6666666666666666,18,18,0.3333333333333333,0.6111111111111112,0.6,47.60072289321636,5.602905867704058
P44_R16,44,16,0.4901960784313725,0.4705882352941176,-0.04,51,0.7346938775510204,-7.352941176470588,8,0.1568627450980392,7,0.1372549019607843,4,2,5,1,0.55,6,0.0,0,0.3333333333333333,0.4,0.5333333333333333,0.1666666666666666,30,0.8214285714285714,-6.0,1,2,6,12,4,0.6666666666666666,18,18,0.4444444444444444,0.5,0.5333333333333333,659.8683311954165,9.368219053257478
P1_R22,1,22,0.4615384615384615,0.5,-0.25,52,0.58,-6.923076923076923,8,0.1538461538461538,8,0.1538461538461538,5,1,3,3,0.6,6,0.5,0,0.3333333333333333,0.3529411764705882,0.5294117647058824,-0.6666666666666666,17,0.7333333333333333,-5.294117647058824,0,999,999,999,0,0.3333333333333333,999,999,0.0,0.0,0.6,5.231120450477333,2.639491605144248
P24_R38,24,38,0.4705882352941176,0.4901960784313725,0.0833333333333333,51,0.7142857142857143,-7.0588235294117645,9,0.1764705882352941,7,0.1372549019607843,5,1,5,1,0.6,6,0.0,0,0.6666666666666666,0.3636363636363636,0.5757575757575758,-0.1666666666666666,33,0.8064516129032258,-5.454545454545455,0,999,999,999,0,0.5,999,999,0.0,0.0,0.6666666666666666,2751.028910842953,11.426279910701616
P3_R44,3,44,0.4918032786885246,0.4754098360655737,-0.0666666666666666,61,0.7627118644067796,-7.377049180327869,9,0.1475409836065573,11,0.180327868852459,6,0,5,1,0.55,6,0.3333333333333333,0,0.6666666666666666,0.3333333333333333,0.6,0.2,30,0.8214285714285714,-5.0,1,2,6,12,4,0.6666666666666666,18,18,0.3333333333333333,0.6111111111111112,0.5333333333333333,120.33340234414656,6.922832960039598
P17_R29,17,29,0.5,0.46,-0.04,50,0.6458333333333334,-7.5,9,0.18,8,0.16,5,1,4,2,0.5,6,0.5,0,0.3333333333333333,0.3666666666666666,0.5666666666666667,0.0909090909090909,30,0.7857142857142857,-5.5,1,2,6,12,4,0.6666666666666666,18,18,0.3888888888888889,0.5555555555555556,0.6,305.9268148513922,8.261750883031642
P44_R5,44,5,0.4901960784313725,0.4705882352941176,-0.04,51,0.7346938775510204,-7.352941176470588,8,0.1568627450980392,7,0.1372549019607843,4,2,5,1,0.55,6,0.0,0,0.3333333333333333,0.3636363636363636,0.5757575757575758,0.0,33,0.8709677419354839,-5.454545454545455,1,1,11,17,5,0.8333333333333334,16,16,0.375,0.5625,0.6,364.6108660341324,8.514165138016994
P33_R17,33,17,0.3835616438356164,0.589041095890411,-0.2142857142857142,73,0.5633802816901409,-5.753424657534247,9,0.1232876712328767,15,0.2054794520547945,5,1,4,2,0.65,6,0.5,1,0.3333333333333333,0.3939393939393939,0.5454545454545454,-0.0769230769230769,33,0.9032258064516128,-5.909090909090909,1,1,16,22,5,0.8333333333333334,11,11,0.2727272727272727,0.6363636363636364,0.5333333333333333,590.3516201337734,9.207872407788
P35_R43,35,43,0.54,0.42,0.037037037037037,50,0.6666666666666666,-8.100000000000001,11,0.22,9,0.18,5,1,5,1,0.4,6,0.6666666666666666,0,0.3333333333333333,0.4,0.5333333333333333,0.1666666666666666,30,0.8571428571428571,-6.0,1,2,6,12,4,0.6666666666666666,18,18,0.4444444444444444,0.5,0.5333333333333333,11666.974178811288,13.5102664782223
P23_R20,23,20,0.4528301886792453,0.5094339622641509,-0.1666666666666666,53,0.7058823529411765,-6.79245283018868,8,0.1509433962264151,11,0.2075471698113207,5,1,2,4,0.6,6,0.1666666666666666,0,0.3333333333333333,0.4333333333333333,0.5,0.2307692307692307,30,0.75,-6.5,1,2,6,12,4,0.8333333333333334,18,18,0.5,0.4444444444444444,0.4,315.5742495575138,8.306400099872233
P39_R7,39,7,0.54,0.42,0.037037037037037,50,0.6875,-8.100000000000001,10,0.2,7,0.14,5,1,4,2,0.45,6,0.6666666666666666,0,0.3333333333333333,0.3666666666666666,0.5666666666666667,0.2727272727272727,30,0.9285714285714286,-5.5,1,2,6,12,4,0.6666666666666666,18,18,0.3888888888888889,0.5555555555555556,0.4666666666666667,252.3977121017272,7.985259688387649
P47_R34,47,34,0.5192307692307693,0.4423076923076923,-0.1851851851851851,52,0.7,-7.788461538461539,12,0.2307692307692307,8,0.1538461538461538,5,1,6,0,0.5,6,0.0,0,0.3333333333333333,0.3666666666666666,0.5666666666666667,0.0909090909090909,30,0.8571428571428571,-5.5,1,2,6,12,4,0.6666666666666666,18,18,0.3888888888888889,0.5555555555555556,0.4666666666666667,4195.519690937046,12.034977634910785
P5_R39,5,39,0.4705882352941176,0.4901960784313725,0.0833333333333333,51,0.7551020408163265,-7.0588235294117645,8,0.1568627450980392,6,0.1176470588235294,5,1,5,1,0.6,6,0.0,0,0.3333333333333333,0.3939393939393939,0.5454545454545454,-0.0769230769230769,33,0.8709677419354839,-5.909090909090909,1,2,16,22,4,0.6666666666666666,11,11,0.1818181818181818,0.7272727272727273,0.6,70.41644415049586,6.158184398313496
P40_R12,40,12,0.5,0.4666666666666667,0.0666666666666666,60,0.6551724137931034,-7.5,10,0.1666666666666666,12,0.2,6,0,5,1,0.6,6,0.3333333333333333,0,0.3333333333333333,0.3666666666666666,0.5666666666666667,0.2727272727272727,30,0.8214285714285714,-5.5,1,2,6,12,4,0.8333333333333334,18,18,0.3888888888888889,0.5555555555555556,0.6,376.68856217063353,8.561053283985524
P8_R30,8,30,0.52,0.44,-0.0769230769230769,50,0.7083333333333334,-7.800000000000001,9,0.18,9,0.18,5,1,4,2,0.5,6,0.6666666666666666,0,0.3333333333333333,0.4,0.5333333333333333,0.0,30,0.8214285714285714,-6.0,1,2,6,12,4,0.6666666666666666,18,18,0.4444444444444444,0.5,0.5333333333333333,28.088029425612216,4.862353658971079
P41_R3,41,3,0.56,0.4,-0.0714285714285714,50,0.6458333333333334,-8.4,12,0.24,7,0.14,5,1,5,1,0.5,6,0.5,0,0.6666666666666666,0.4,0.5333333333333333,0.1666666666666666,30,0.8928571428571429,-6.0,1,2,6,12,4,0.8333333333333334,18,18,0.4444444444444444,0.5,0.5333333333333333,172.26885007694105,7.436868502790547
P16_R39,16,39,0.4615384615384615,0.5,-0.0833333333333333,52,0.7,-6.923076923076923,10,0.1923076923076923,8,0.1538461538461538,5,1,3,3,0.6,6,0.5,0,0.6666666666666666,0.3939393939393939,0.5454545454545454,-0.0769230769230769,33,0.8709677419354839,-5.909090909090909,1,2,16,22,4,0.6666666666666666,11,11,0.1818181818181818,0.7272727272727273,0.6,391.1164541048536,8.615138371688936
P3_R13,3,13,0.4918032786885246,0.4754098360655737,-0.0666666666666666,61,0.7627118644067796,-7.377049180327869,9,0.1475409836065573,11,0.180327868852459,6,0,5,1,0.55,6,0.3333333333333333,0,0.6666666666666666,0.3333333333333333,0.6,0.0,30,0.7857142857142857,-5.0,1,2,6,12,4,0.6666666666666666,18,18,0.3333333333333333,0.6111111111111112,0.5333333333333333,4.981947190708063,2.5806151742419714
P20_R5,20,5,0.3962264150943396,0.5660377358490566,0.0476190476190476,53,0.7254901960784313,-5.943396226415095,6,0.1132075471698113,11,0.2075471698113207,5,1,2,4,0.65,6,0.1666666666666666,0,0.3333333333333333,0.3636363636363636,0.5757575757575758,0.0,33,0.8709677419354839,-5.454545454545455,1,1,11,17,5,0.8333333333333334,16,16,0.375,0.5625,0.6,114.14807180265348,6.847346442641995
P11_R0,11,0,0.56,0.4,0.0,50,0.7083333333333334,-8.4,9,0.18,5,0.1,5,1,4,2,0.45,6,0.5,0,0.3333333333333333,0.3333333333333333,0.6,0.2,30,0.8214285714285714,-5.0,1,2,6,12,4,0.6666666666666666,18,18,0.3333333333333333,0.6111111111111112,0.6,3.8540019999970903,2.2791747029235934
P36_R13,36,13,0.58,0.38,-0.1034482758620689,50,0.7291666666666666,-8.7,10,0.2,7,0.14,6,0,4,2,0.4,6,0.5,0,0.6666666666666666,0.3333333333333333,0.6,0.0,30,0.7857142857142857,-5.0,1,2,6,12,4,0.6666666666666666,18,18,0.3333333333333333,0.6111111111111112,0.5333333333333333,516.0285572764781,9.01410015755544
P24_R27,24,27,0.4705882352941176,0.4901960784313725,0.0833333333333333,51,0.7142857142857143,-7.0588235294117645,9,0.1764705882352941,7,0.1372549019607843,5,1,5,1,0.6,6,0.0,0,0.6666666666666666,0.3333333333333333,0.6060606060606061,-0.0909090909090909,33,0.8387096774193549,-5.0,0,999,999,999,0,0.5,999,999,0.0,0.0,0.7333333333333333,717.3162823816125,9.488475407850968
P32_R31,32,31,0.5147058823529411,0.4558823529411764,0.0857142857142857,68,0.6666666666666666,-7.720588235294117,10,0.1470588235294117,8,0.1176470588235294,4,2,5,1,0.5,6,0.5,0,0.3333333333333333,0.4333333333333333,0.5,-0.0769230769230769,30,0.7857142857142857,-6.5,1,2,6,12,4,0.6666666666666666,18,18,0.5,0.4444444444444444,0.4666666666666667,1271.4635074328564,10.313408566974395
P13_R23,13,23,0.4833333333333333,0.4833333333333333,-0.1034482758620689,60,0.7586206896551724,-7.25,8,0.1333333333333333,7,0.1166666666666666,6,0,6,0,0.45,6,0.3333333333333333,0,0.6666666666666666,0.3055555555555556,0.6388888888888888,-0.2727272727272727,36,0.6176470588235294,-4.583333333333334,1,2,21,27,4,0.6666666666666666,9,9,0.2222222222222222,0.6666666666666666,0.4666666666666667,40.61411247351278,5.379000963226039
P45_R44,45,44,0.5,0.4615384615384615,-0.2307692307692307,52,0.64,-7.5,11,0.2115384615384615,9,0.173076923076923,5,1,5,1,0.55,6,0.0,0,0.3333333333333333,0.3333333333333333,0.6,0.2,30,0.8214285714285714,-5.0,1,2,6,12,4,0.6666666666666666,18,18,0.3333333333333333,0.6111111111111112,0.5333333333333333,20196.547540070133,14.301892505864254
P42_R10,42,10,0.56,0.4,-0.0714285714285714,50,0.7291666666666666,-8.4,9,0.18,4,0.08,5,1,4,2,0.45,6,0.5,0,0.3333333333333333,0.3636363636363636,0.5757575757575758,0.0,33,0.8709677419354839,-5.454545454545455,1,2,13,19,4,0.6666666666666666,14,14,0.3571428571428571,0.5714285714285714,0.5333333333333333,421.1882751829691,8.721742703158359
P1_R3,1,3,0.4615384615384615,0.5,-0.25,52,0.58,-6.923076923076923,8,0.1538461538461538,8,0.1538461538461538,5,1,3,3,0.6,6,0.5,0,0.3333333333333333,0.4,0.5333333333333333,0.1666666666666666,30,0.8928571428571429,-6.0,1,2,6,12,4,0.8333333333333334,18,18,0.4444444444444444,0.5,0.5333333333333333,1.7211575487306183,1.4442204877130285
P30_R32,30,32,0.4754098360655737,0.4918032786885246,0.1724137931034483,61,0.7457627118644068,-7.131147540983606,7,0.1147540983606557,12,0.1967213114754098,6,0,5,1,0.55,6,0.3333333333333333,0,0.6666666666666666,0.4,0.5333333333333333,0.1666666666666666,30,0.8571428571428571,-6.0,1,2,6,12,4,0.8333333333333334,18,18,0.4444444444444444,0.5,0.5333333333333333,1374.4290232164444,10.425665978299747
P31_R42,31,42,0.5294117647058824,0.4313725490196078,-0.037037037037037,51,0.6938775510204082,-7.9411764705882355,11,0.2156862745098039,8,0.1568627450980392,4,2,5,1,0.45,6,0.3333333333333333,0,0.3333333333333333,0.3333333333333333,0.6060606060606061,0.0909090909090909,33,0.8709677419354839,-5.0,0,999,999,999,0,0.5,999,999,0.0,0.0,0.6,4033.429375418869,11.978148919634911
P26_R18,26,18,0.4901960784313725,0.4705882352941176,0.04,51,0.7959183673469388,-7.352941176470588,9,0.1764705882352941,10,0.196078431372549,5,1,5,1,0.65,6,0.0,0,0.6666666666666666,0.3636363636363636,0.5757575757575758,-0.1666666666666666,33,0.935483870967742,-5.454545454545455,1,2,16,22,4,0.6666666666666666,11,11,0.2727272727272727,0.6363636363636364,0.6,378.5100996700101,8.567994469486495
P45_R7,45,7,0.5,0.4615384615384615,-0.2307692307692307,52,0.64,-7.5,11,0.2115384615384615,9,0.173076923076923,5,1,5,1,0.55,6,0.0,0,0.3333333333333333,0.3666666666666666,0.5666666666666667,0.2727272727272727,30,0.9285714285714286,-5.5,1,2,6,12,4,0.6666666666666666,18,18,0.3888888888888889,0.5555555555555556,0.4666666666666667,294.228183719105,8.205686643459327
P14_R14,14,14,0.5166666666666667,0.45,-0.032258064516129,60,0.6896551724137931,-7.750000000000001,11,0.1833333333333333,8,0.1333333333333333,6,0,5,1,0.6,6,0.3333333333333333,0,0.3333333333333333,0.3055555555555556,0.6388888888888888,0.0909090909090909,36,0.7941176470588235,-4.583333333333334,1,2,16,22,4,1.0,14,14,0.4285714285714285,0.5,0.4666666666666667,37.44474289136908,5.264714425893955
P21_R25,21,25,0.4807692307692308,0.4807692307692308,-0.04,52,0.76,-7.211538461538462,9,0.173076923076923,6,0.1153846153846153,5,1,3,3,0.65,6,0.5,0,0.6666666666666666,0.3666666666666666,0.5666666666666667,0.2727272727272727,30,0.8214285714285714,-5.5,1,2,6,12,4,0.6666666666666666,18,18,0.3888888888888889,0.5555555555555556,0.5333333333333333,390.0574489540484,8.611236754424748
P37_R42,37,42,0.5490196078431373,0.4117647058823529,0.1428571428571428,51,0.7346938775510204,-8.23529411764706,7,0.1372549019607843,6,0.1176470588235294,5,1,5,1,0.6,6,0.0,0,0.6666666666666666,0.3333333333333333,0.6060606060606061,0.0909090909090909,33,0.8709677419354839,-5.0,0,999,999,999,0,0.5,999,999,0.0,0.0,0.6,4579.057193614139,12.161149898798344
P1_R19,1,19,0.4615384615384615,0.5,-0.25,52,0.58,-6.923076923076923,8,0.1538461538461538,8,0.1538461538461538,5,1,3,3,0.6,6,0.5,0,0.3333333333333333,0.4583333333333333,0.4583333333333333,-0.0909090909090909,24,0.8636363636363636,-6.875,1,2,7,13,4,0.6666666666666666,11,11,0.5454545454545454,0.3636363636363636,0.4666666666666667,4.861858659797253,2.5513581824136886
P4_R19,4,19,0.3809523809523809,0.5873015873015873,0.0,63,0.5245901639344263,-5.7142857142857135,10,0.1587301587301587,14,0.2222222222222222,4,2,4,2,0.85,6,0.0,1,0.6666666666666666,0.4583333333333333,0.4583333333333333,-0.0909090909090909,24,0.8636363636363636,-6.875,1,2,7,13,4,0.6666666666666666,11,11,0.5454545454545454,0.3636363636363636,0.4666666666666667,5.580894729753354,2.71828374420746
P24_R24,24,24,0.4705882352941176,0.4901960784313725,0.0833333333333333,51,0.7142857142857143,-7.0588235294117645,9,0.1764705882352941,7,0.1372549019607843,5,1,5,1,0.6,6,0.0,0,0.6666666666666666,0.2666666666666666,0.6666666666666666,0.25,30,0.7857142857142857,-4.0,1,2,6,12,4,0.6666666666666666,18,18,0.2222222222222222,0.7222222222222222,0.6666666666666666,476.8104886319634,8.90029471316134
P41_R23,41,23,0.56,0.4,-0.0714285714285714,50,0.6458333333333334,-8.4,12,0.24,7,0.14,5,1,5,1,0.5,6,0.5,0,0.6666666666666666,0.3055555555555556,0.6388888888888888,-0.2727272727272727,36,0.6176470588235294,-4.583333333333334,1,2,21,27,4,0.6666666666666666,9,9,0.2222222222222222,0.6666666666666666,0.4666666666666667,838.3195028999539,9.713076294247212
P40_R22,40,22,0.5,0.4666666666666667,0.0666666666666666,60,0.6551724137931034,-7.5,10,0.1666666666666666,12,0.2,6,0,5,1,0.6,6,0.3333333333333333,0,0.3333333333333333,0.3529411764705882,0.5294117647058824,-0.6666666666666666,17,0.7333333333333333,-5.294117647058824,0,999,999,999,0,0.3333333333333333,999,999,0.0,0.0,0.6,597.9569268017736,9.22630844700609
P5_R11,5,11,0.4705882352941176,0.4901960784313725,0.0833333333333333,51,0.7551020408163265,-7.0588235294117645,8,0.1568627450980392,6,0.1176470588235294,5,1,5,1,0.6,6,0.0,0,0.3333333333333333,0.3333333333333333,0.6060606060606061,-0.0909090909090909,33,0.9032258064516128,-5.0,1,2,11,17,4,0.6666666666666666,16,16,0.375,0.5625,0.6,8.781346863375832,3.290033133820288
P15_R7,15,7,0.4230769230769231,0.5384615384615384,-0.1818181818181818,52,0.7,-6.346153846153846,6,0.1153846153846153,8,0.1538461538461538,5,1,3,3,0.7,6,0.5,0,0.3333333333333333,0.3666666666666666,0.5666666666666667,0.2727272727272727,30,0.9285714285714286,-5.5,1,2,6,12,4,0.6666666666666666,18,18,0.3888888888888889,0.5555555555555556,0.4666666666666667,31.47104500380546,5.0210819099871244
P9_R47,9,47,0.54,0.42,0.1111111111111111,50,0.6666666666666666,-8.100000000000001,9,0.18,9,0.18,6,0,4,2,0.45,6,0.5,0,0.3333333333333333,0.3939393939393939,0.5454545454545454,0.0769230769230769,33,0.935483870967742,-5.909090909090909,1,2,16,22,4,0.6666666666666666,11,11,0.2727272727272727,0.6363636363636364,0.6,919.7977578561514,9.84674051028467
P31_R11,31,11,0.5294117647058824,0.4313725490196078,-0.037037037037037,51,0.6938775510204082,-7.9411764705882355,11,0.2156862745098039,8,0.1568627450980392,4,2,5,1,0.45,6,0.3333333333333333,0,0.3333333333333333,0.3333333333333333,0.6060606060606061,-0.0909090909090909,33,0.9032258064516128,-5.0,1,2,11,17,4,0.6666666666666666,16,16,0.375,0.5625,0.6,289.5633393254395,8.18270887791462
P7_R30,7,30,0.4901960784313725,0.4705882352941176,0.2,51,0.7755102040816326,-7.352941176470588,8,0.1568627450980392,6,0.1176470588235294,5,1,5,1,0.6,6,0.0,0,0.3333333333333333,0.4,0.5333333333333333,0.0,30,0.8214285714285714,-6.0,1,2,6,12,4,0.6666666666666666,18,18,0.4444444444444444,0.5,0.5333333333333333,23.60977700008506,4.621159679854137
P7_R14,7,14,0.4901960784313725,0.4705882352941176,0.2,51,0.7755102040816326,-7.352941176470588,8,0.1568627450980392,6,0.1176470588235294,5,1,5,1,0.6,6,0.0,0,0.3333333333333333,0.3055555555555556,0.6388888888888888,0.0909090909090909,36,0.7941176470588235,-4.583333333333334,1,2,16,22,4,1.0,14,14,0.4285714285714285,0.5,0.4666666666666667,11.027011150024617,3.588206255706952
P31_R21,31,21,0.5294117647058824,0.4313725490196078,-0.037037037037037,51,0.6938775510204082,-7.9411764705882355,11,0.2156862745098039,8,0.1568627450980392,4,2,5,1,0.45,6,0.3333333333333333,0,0.3333333333333333,0.3666666666666666,0.5666666666666667,0.0909090909090909,30,0.8214285714285714,-5.5,1,2,6,12,4,0.6666666666666666,18,18,0.3888888888888889,0.5555555555555556,0.5333333333333333,606.6069998045543,9.246994679965525
P27_R24,27,24,0.6,0.36,0.0666666666666666,50,0.7083333333333334,-9.0,12,0.24,5,0.1,5,1,4,2,0.4,6,0.6666666666666666,0,0.6666666666666666,0.2666666666666666,0.6666666666666666,0.25,30,0.7857142857142857,-4.0,1,2,6,12,4,0.6666666666666666,18,18,0.2222222222222222,0.7222222222222222,0.6666666666666666,551.1303301566136,9.10886504459894
P27_R36,27,36,0.6,0.36,0.0666666666666666,50,0.7083333333333334,-9.0,12,0.24,5,0.1,5,1,4,2,0.4,6,0.6666666666666666,0,0.6666666666666666,0.3636363636363636,0.5757575757575758,0.0,33,0.9032258064516128,-5.454545454545455,0,999,999,999,0,0.5,999,999,0.0,0.0,0.6,2205.022469693366,11.107231770401036
P44_R25,44,25,0.4901960784313725,0.4705882352941176,-0.04,51,0.7346938775510204,-7.352941176470588,8,0.1568627450980392,7,0.1372549019607843,4,2,5,1,0.55,6,0.0,0,0.3333333333333333,0.3666666666666666,0.5666666666666667,0.2727272727272727,30,0.8214285714285714,-5.5,1,2,6,12,4,0.6666666666666666,18,18,0.3888888888888889,0.5555555555555556,0.5333333333333333,1022.0302764281532,9.998633126721282
P38_R45,38,45,0.5185185185185185,0.4074074074074074,0.0,27,0.8,-7.777777777777778,6,0.2222222222222222,5,0.1851851851851851,5,1,5,1,0.0,6,0.5,0,0.3333333333333333,0.3666666666666666,0.5666666666666667,0.0909090909090909,30,0.75,-5.5,1,2,6,12,4,0.6666666666666666,18,18,0.3888888888888889,0.5555555555555556,0.5333333333333333,15429.604169843564,13.913506929842606
P11_R24,11,24,0.56,0.4,0.0,50,0.7083333333333334,-8.4,9,0.18,5,0.1,5,1,4,2,0.45,6,0.5,0,0.3333333333333333,0.2666666666666666,0.6666666666666666,0.25,30,0.7857142857142857,-4.0,1,2,6,12,4,0.6666666666666666,18,18,0.2222222222222222,0.7222222222222222,0.6666666666666666,43.838870151728834,5.486678020509866
P1_R21,1,21,0.4615384615384615,0.5,-0.25,52,0.58,-6.923076923076923,8,0.1538461538461538,8,0.1538461538461538,5,1,3,3,0.6,6,0.5,0,0.3333333333333333,0.3666666666666666,0.5666666666666667,0.0909090909090909,30,0.8214285714285714,-5.5,1,2,6,12,4,0.6666666666666666,18,18,0.3888888888888889,0.5555555555555556,0.5333333333333333,6.113558375500506,2.8305714116710443
P42_R34,42,34,0.56,0.4,-0.0714285714285714,50,0.7291666666666666,-8.4,9,0.18,4,0.08,5,1,4,2,0.45,6,0.5,0,0.3333333333333333,0.3666666666666666,0.5666666666666667,0.0909090909090909,30,0.8571428571428571,-5.5,1,2,6,12,4,0.6666666666666666,18,18,0.3888888888888889,0.5555555555555556,0.4666666666666667,2615.64448715162,11.35350220925272
P21_R15,21,15,0.4807692307692308,0.4807692307692308,-0.04,52,0.76,-7.211538461538462,9,0.173076923076923,6,0.1153846153846153,5,1,3,3,0.65,6,0.5,0,0.6666666666666666,0.3333333333333333,0.6060606060606061,0.0909090909090909,33,0.8064516129032258,-5.0,1,2,15,21,4,0.6666666666666666,12,12,0.25,0.6666666666666666,0.6,248.58441835762343,7.963384058831159
P30_R14,30,14,0.4754098360655737,0.4918032786885246,0.1724137931034483,61,0.7457627118644068,-7.131147540983606,7,0.1147540983606557,12,0.1967213114754098,6,0,5,1,0.55,6,0.3333333333333333,0,0.6666666666666666,0.3055555555555556,0.6388888888888888,0.0909090909090909,36,0.7941176470588235,-4.583333333333334,1,2,16,22,4,1.0,14,14,0.4285714285714285,0.5,0.4666666666666667,467.5409772678128,8.872031417202098
P25_R16,25,16,0.3809523809523809,0.5873015873015873,-0.1666666666666666,63,0.6721311475409836,-5.7142857142857135,10,0.1587301587301587,10,0.1587301587301587,4,2,4,2,0.8,6,0.0,1,0.6666666666666666,0.4,0.5333333333333333,0.1666666666666666,30,0.8214285714285714,-6.0,1,2,6,12,4,0.6666666666666666,18,18,0.4444444444444444,0.5,0.5333333333333333,295.7976514700254,8.213335865877804
P47_R25,47,25,0.5192307692307693,0.4423076923076923,-0.1851851851851851,52,0.7,-7.788461538461539,12,0.2307692307692307,8,0.1538461538461538,5,1,6,0,0.5,6,0.0,0,0.3333333333333333,0.3666666666666666,0.5666666666666667,0.2727272727272727,30,0.8214285714285714,-5.5,1,2,6,12,4,0.6666666666666666,18,18,0.3888888888888889,0.5555555555555556,0.5333333333333333,1380.8985822431978,10.432436024654756
P21_R17,21,17,0.4807692307692308,0.4807692307692308,-0.04,52,0.76,-7.211538461538462,9,0.173076923076923,6,0.1153846153846153,5,1,3,3,0.65,6,0.5,0,0.6666666666666666,0.3939393939393939,0.5454545454545454,-0.0769230769230769,33,0.9032258064516128,-5.909090909090909,1,1,16,22,5,0.8333333333333334,11,11,0.2727272727272727,0.6363636363636364,0.5333333333333333,245.86455188922503,7.947575879697344
P38_R14,38,14,0.5185185185185185,0.4074074074074074,0.0,27,0.8,-7.777777777777778,6,0.2222222222222222,5,0.1851851851851851,5,1,5,1,0.0,6,0.5,0,0.3333333333333333,0.3055555555555556,0.6388888888888888,0.0909090909090909,36,0.7941176470588235,-4.583333333333334,1,2,16,22,4,1.0,14,14,0.4285714285714285,0.5,0.4666666666666667,545.8391062664587,9.094972608284364
P41_R29,41,29,0.56,0.4,-0.0714285714285714,50,0.6458333333333334,-8.4,12,0.24,7,0.14,5,1,5,1,0.5,6,0.5,0,0.6666666666666666,0.3666666666666666,0.5666666666666667,0.0909090909090909,30,0.7857142857142857,-5.5,1,2,6,12,4,0.6666666666666666,18,18,0.3888888888888889,0.5555555555555556,0.6,1107.5734640479263,10.114488663983906
P23_R34,23,34,0.4528301886792453,0.5094339622641509,-0.1666666666666666,53,0.7058823529411765,-6.79245283018868,8,0.1509433962264151,11,0.2075471698113207,5,1,2,4,0.6,6,0.1666666666666666,0,0.3333333333333333,0.3666666666666666,0.5666666666666667,0.0909090909090909,30,0.8571428571428571,-5.5,1,2,6,12,4,0.6666666666666666,18,18,0.3888888888888889,0.5555555555555556,0.4666666666666667,1061.2911104191428,10.05296346135652
P22_R8,22,8,0.4423076923076923,0.5192307692307693,-0.0434782608695652,52,0.78,-6.634615384615384,10,0.1923076923076923,10,0.1923076923076923,5,1,5,1,0.6,6,0.0,0,0.3333333333333333,0.3333333333333333,0.6060606060606061,-0.0909090909090909,33,0.935483870967742,-5.0,1,1,16,22,5,0.8333333333333334,11,11,0.1818181818181818,0.7272727272727273,0.6666666666666666,149.53724433480934,7.233976657288962
P13_R25,13,25,0.4833333333333333,0.4833333333333333,-0.1034482758620689,60,0.7586206896551724,-7.25,8,0.1333333333333333,7,0.1166666666666666,6,0,6,0,0.45,6,0.3333333333333333,0,0.6666666666666666,0.3666666666666666,0.5666666666666667,0.2727272727272727,30,0.8214285714285714,-5.5,1,2,6,12,4,0.6666666666666666,18,18,0.3888888888888889,0.5555555555555556,0.5333333333333333,51.34003494657505,5.709842982537232
P33_R2,33,2,0.3835616438356164,0.589041095890411,-0.2142857142857142,73,0.5633802816901409,-5.753424657534247,9,0.1232876712328767,15,0.2054794520547945,5,1,4,2,0.65,6,0.5,1,0.3333333333333333,0.3636363636363636,0.5757575757575758,0.0,33,0.8709677419354839,-5.454545454545455,1,2,16,22,4,0.6666666666666666,11,11,0.2727272727272727,0.6363636363636364,0.6,65.27489747387189,6.050390628157173
P45_R28,45,28,0.5,0.4615384615384615,-0.2307692307692307,52,0.64,-7.5,11,0.2115384615384615,9,0.173076923076923,5,1,5,1,0.55,6,0.0,0,0.3333333333333333,0.3939393939393939,0.5454545454545454,0.0769230769230769,33,0.8709677419354839,-5.909090909090909,1,2,11,17,4,0.6666666666666666,16,16,0.4375,0.5,0.5333333333333333,1622.0104677213403,10.66445658934216
P7_R6,7,6,0.4901960784313725,0.4705882352941176,0.2,51,0.7755102040816326,-7.352941176470588,8,0.1568627450980392,6,0.1176470588235294,5,1,5,1,0.6,6,0.0,0,0.3333333333333333,0.3,0.6333333333333333,0.1111111111111111,30,0.8214285714285714,-4.5,1,2,6,12,4,0.6666666666666666,18,18,0.2777777777777778,0.6666666666666666,0.6,7.447763490020755,3.0785694444796827
P35_R21,35,21,0.54,0.42,0.037037037037037,50,0.6666666666666666,-8.100000000000001,11,0.22,9,0.18,5,1,5,1,0.4,6,0.6666666666666666,0,0.3333333333333333,0.3666666666666666,0.5666666666666667,0.0909090909090909,30,0.8214285714285714,-5.5,1,2,6,12,4,0.6666666666666666,18,18,0.3888888888888889,0.5555555555555556,0.5333333333333333,623.4308898867193,9.28639809734052
P41_R25,41,25,0.56,0.4,-0.0714285714285714,50,0.6458333333333334,-8.4,12,0.24,7,0.14,5,1,5,1,0.5,6,0.5,0,0.6666666666666666,0.3666666666666666,0.5666666666666667,0.2727272727272727,30,0.8214285714285714,-5.5,1,2,6,12,4,0.6666666666666666,18,18,0.3888888888888889,0.5555555555555556,0.5333333333333333,923.0657660485884,9.85185172212574
P29_R18,29,18,0.5490196078431373,0.4117647058823529,0.1428571428571428,51,0.7551020408163265,-8.23529411764706,10,0.196078431372549,5,0.0980392156862745,5,1,5,1,0.6,6,0.0,0,0.6666666666666666,0.3636363636363636,0.5757575757575758,-0.1666666666666666,33,0.935483870967742,-5.454545454545455,1,2,16,22,4,0.6666666666666666,11,11,0.2727272727272727,0.6363636363636364,0.6,441.6751035188007,8.790104426910581
P39_R32,39,32,0.54,0.42,0.037037037037037,50,0.6875,-8.100000000000001,10,0.2,7,0.14,5,1,4,2,0.45,6,0.6666666666666666,0,0.3333333333333333,0.4,0.5333333333333333,0.1666666666666666,30,0.8571428571428571,-6.0,1,2,6,12,4,0.8333333333333334,18,18,0.4444444444444444,0.5,0.5333333333333333,1773.6682935004733,10.793333677706132
P36_R18,36,18,0.58,0.38,-0.1034482758620689,50,0.7291666666666666,-8.7,10,0.2,7,0.14,6,0,4,2,0.4,6,0.5,0,0.6666666666666666,0.3636363636363636,0.5757575757575758,-0.1666666666666666,33,0.935483870967742,-5.454545454545455,1,2,16,22,4,0.6666666666666666,11,11,0.2727272727272727,0.6363636363636364,0.6,502.91138012333874,8.977026227670235
P1_R36,1,36,0.4615384615384615,0.5,-0.25,52,0.58,-6.923076923076923,8,0.1538461538461538,8,0.1538461538461538,5,1,3,3,0.6,6,0.5,0,0.3333333333333333,0.3636363636363636,0.5757575757575758,0.0,33,0.9032258064516128,-5.454545454545455,0,999,999,999,0,0.5,999,999,0.0,0.0,0.6,17.83763159175696,4.235545684805331
P36_R15,36,15,0.58,0.38,-0.1034482758620689,50,0.7291666666666666,-8.7,10,0.2,7,0.14,6,0,4,2,0.4,6,0.5,0,0.6666666666666666,0.3333333333333333,0.6060606060606061,0.0909090909090909,33,0.8064516129032258,-5.0,1,2,15,21,4,0.6666666666666666,12,12,0.25,0.6666666666666666,0.6,384.1774052012472,8.58937926585281
P29_R10,29,10,0.5490196078431373,0.4117647058823529,0.1428571428571428,51,0.7551020408163265,-8.23529411764706,10,0.196078431372549,5,0.0980392156862745,5,1,5,1,0.6,6,0.0,0,0.6666666666666666,0.3636363636363636,0.5757575757575758,0.0,33,0.8709677419354839,-5.454545454545455,1,2,13,19,4,0.6666666666666666,14,14,0.3571428571428571,0.5714285714285714,0.5333333333333333,294.1878794016646,8.205489674431483
P3_R29,3,29,0.4918032786885246,0.4754098360655737,-0.0666666666666666,61,0.7627118644067796,-7.377049180327869,9,0.1475409836065573,11,0.180327868852459,6,0,5,1,0.55,6,0.3333333333333333,0,0.6666666666666666,0.3666666666666666,0.5666666666666667,0.0909090909090909,30,0.7857142857142857,-5.5,1,2,6,12,4,0.6666666666666666,18,18,0.3888888888888889,0.5555555555555556,0.6,9.104614506583202,3.336942378500192
P43_R17,43,17,0.5294117647058824,0.4313725490196078,-0.1111111111111111,51,0.7346938775510204,-7.9411764705882355,10,0.196078431372549,7,0.1372549019607843,5,1,5,1,0.55,6,0.1666666666666666,0,0.6666666666666666,0.3939393939393939,0.5454545454545454,-0.0769230769230769,33,0.9032258064516128,-5.909090909090909,1,1,16,22,5,0.8333333333333334,11,11,0.2727272727272727,0.6363636363636364,0.5333333333333333,634.5150207194985,9.31178241423617
P1_R25,1,25,0.4615384615384615,0.5,-0.25,52,0.58,-6.923076923076923,8,0.1538461538461538,8,0.1538461538461538,5,1,3,3,0.6,6,0.5,0,0.3333333333333333,0.3666666666666666,0.5666666666666667,0.2727272727272727,30,0.8214285714285714,-5.5,1,2,6,12,4,0.6666666666666666,18,18,0.3888888888888889,0.5555555555555556,0.5333333333333333,7.4688565467495,3.08216719202548
P44_R38,44,38,0.4901960784313725,0.4705882352941176,-0.04,51,0.7346938775510204,-7.352941176470588,8,0.1568627450980392,7,0.1372549019607843,4,2,5,1,0.55,6,0.0,0,0.3333333333333333,0.3636363636363636,0.5757575757575758,-0.1666666666666666,33,0.8064516129032258,-5.454545454545455,0,999,999,999,0,0.5,999,999,0.0,0.0,0.6666666666666666,3587.379774728397,11.809116870048287
P2_R13,2,13,0.3174603174603174,0.6507936507936508,-0.1,63,0.5573770491803278,-4.761904761904762,7,0.1111111111111111,12,0.1904761904761904,4,2,4,2,0.8,6,0.0,1,0.0,0.3333333333333333,0.6,0.0,30,0.7857142857142857,-5.0,1,2,6,12,4,0.6666666666666666,18,18,0.3333333333333333,0.6111111111111112,0.5333333333333333,3.1795831364096263,2.06335905785038
P26_R36,26,36,0.4901960784313725,0.4705882352941176,0.04,51,0.7959183673469388,-7.352941176470588,9,0.1764705882352941,10,0.196078431372549,5,1,5,1,0.65,6,0.0,0,0.6666666666666666,0.3636363636363636,0.5757575757575758,0.0,33,0.9032258064516128,-5.454545454545455,0,999,999,999,0,0.5,999,999,0.0,0.0,0.6,1819.4856805964896,10.830107677675397
P35_R14,35,14,0.54,0.42,0.037037037037037,50,0.6666666666666666,-8.100000000000001,11,0.22,9,0.18,5,1,5,1,0.4,6,0.6666666666666666,0,0.3333333333333333,0.3055555555555556,0.6388888888888888,0.0909090909090909,36,0.7941176470588235,-4.583333333333334,1,2,16,22,4,1.0,14,14,0.4285714285714285,0.5,0.4666666666666667,352.36886348262226,8.465031114558988
P21_R35,21,35,0.4807692307692308,0.4807692307692308,-0.04,52,0.76,-7.211538461538462,9,0.173076923076923,6,0.1153846153846153,5,1,3,3,0.65,6,0.5,0,0.6666666666666666,0.303030303030303,0.6363636363636364,0.0,33,0.8064516129032258,-4.545454545454546,1,2,16,22,4,0.6666666666666666,11,11,0.2727272727272727,0.6363636363636364,0.6,1056.8963479494428,10.046982564642462
P21_R19,21,19,0.4807692307692308,0.4807692307692308,-0.04,52,0.76,-7.211538461538462,9,0.173076923076923,6,0.1153846153846153,5,1,3,3,0.65,6,0.5,0,0.6666666666666666,0.4583333333333333,0.4583333333333333,-0.0909090909090909,24,0.8636363636363636,-6.875,1,2,7,13,4,0.6666666666666666,11,11,0.5454545454545454,0.3636363636363636,0.4666666666666667,274.11140910371955,8.103872160457747
P43_R47,43,47,0.5294117647058824,0.4313725490196078,-0.1111111111111111,51,0.7346938775510204,-7.9411764705882355,10,0.196078431372549,7,0.1372549019607843,5,1,5,1,0.55,6,0.1666666666666666,0,0.6666666666666666,0.3939393939393939,0.5454545454545454,0.0769230769230769,33,0.935483870967742,-5.909090909090909,1,2,16,22,4,0.6666666666666666,11,11,0.2727272727272727,0.6363636363636364,0.6,27381.57497596249,14.740970499278085
P19_R36,19,36,0.56,0.4,0.0714285714285714,50,0.6458333333333334,-8.4,9,0.18,6,0.12,5,1,4,2,0.45,6,0.5,0,0.3333333333333333,0.3636363636363636,0.5757575757575758,0.0,33,0.9032258064516128,-5.454545454545455,0,999,999,999,0,0.5,999,999,0.0,0.0,0.6,1131.9238154929017,10.1458351337234
P47_R39,47,39,0.5192307692307693,0.4423076923076923,-0.1851851851851851,52,0.7,-7.788461538461539,12,0.2307692307692307,8,0.1538461538461538,5,1,6,0,0.5,6,0.0,0,0.3333333333333333,0.3939393939393939,0.5454545454545454,-0.0769230769230769,33,0.8709677419354839,-5.909090909090909,1,2,16,22,4,0.6666666666666666,11,11,0.1818181818181818,0.7272727272727273,0.6,6780.928384343677,12.727479834566902
P5_R0,5,0,0.4705882352941176,0.4901960784313725,0.0833333333333333,51,0.7551020408163265,-7.0588235294117645,8,0.1568627450980392,6,0.1176470588235294,5,1,5,1,0.6,6,0.0,0,0.3333333333333333,0.3333333333333333,0.6,0.2,30,0.8214285714285714,-5.0,1,2,6,12,4,0.6666666666666666,18,18,0.3333333333333333,0.6111111111111112,0.6,1.2057937375776535,1.141297891706096
P13_R27,13,27,0.4833333333333333,0.4833333333333333,-0.1034482758620689,60,0.7586206896551724,-7.25,8,0.1333333333333333,7,0.1166666666666666,6,0,6,0,0.45,6,0.3333333333333333,0,0.6666666666666666,0.3333333333333333,0.6060606060606061,-0.0909090909090909,33,0.8387096774193549,-5.0,0,999,999,999,0,0.5,999,999,0.0,0.0,0.7333333333333333,65.75594158797566,6.060824343942637
P1_R0,1,0,0.4615384615384615,0.5,-0.25,52,0.58,-6.923076923076923,8,0.1538461538461538,8,0.1538461538461538,5,1,3,3,0.6,6,0.5,0,0.3333333333333333,0.3333333333333333,0.6,0.2,30,0.8214285714285714,-5.0,1,2,6,12,4,0.6666666666666666,18,18,0.3333333333333333,0.6111111111111112,0.6,0.6675634355857353,0.7377416438471722
P19_R20,19,20,0.56,0.4,0.0714285714285714,50,0.6458333333333334,-8.4,9,0.18,6,0.12,5,1,4,2,0.45,6,0.5,0,0.3333333333333333,0.4333333333333333,0.5,0.2307692307692307,30,0.75,-6.5,1,2,6,12,4,0.8333333333333334,18,18,0.5,0.4444444444444444,0.4,355.0522738499677,8.475945255932125
P28_R3,28,3,0.54,0.42,0.1111111111111111,50,0.6666666666666666,-8.100000000000001,11,0.22,9,0.18,5,1,4,2,0.45,6,0.6666666666666666,0,0.3333333333333333,0.4,0.5333333333333333,0.1666666666666666,30,0.8928571428571429,-6.0,1,2,6,12,4,0.8333333333333334,18,18,0.4444444444444444,0.5,0.5333333333333333,127.71979701193028,7.008090145854622
P11_R27,11,27,0.56,0.4,0.0,50,0.7083333333333334,-8.4,9,0.18,5,0.1,5,1,4,2,0.45,6,0.5,0,0.3333333333333333,0.3333333333333333,0.6060606060606061,-0.0909090909090909,33,0.8387096774193549,-5.0,0,999,999,999,0,0.5,999,999,0.0,0.0,0.7333333333333333,50.47491467364867,5.685797628292615
P22_R19,22,19,0.4423076923076923,0.5192307692307693,-0.0434782608695652,52,0.78,-6.634615384615384,10,0.1923076923076923,10,0.1923076923076923,5,1,5,1,0.6,6,0.0,0,0.3333333333333333,0.4583333333333333,0.4583333333333333,-0.0909090909090909,24,0.8636363636363636,-6.875,1,2,7,13,4,0.6666666666666666,11,11,0.5454545454545454,0.3636363636363636,0.4666666666666667,289.60533817413625,8.182917394075897
P12_R22,12,22,0.4901960784313725,0.4705882352941176,0.12,51,0.6938775510204082,-7.352941176470588,10,0.196078431372549,11,0.2156862745098039,4,2,5,1,0.55,6,0.0,0,0.3333333333333333,0.3529411764705882,0.5294117647058824,-0.6666666666666666,17,0.7333333333333333,-5.294117647058824,0,999,999,999,0,0.3333333333333333,999,999,0.0,0.0,0.6,46.25401434915192,5.562364990054011
P20_R33,20,33,0.3962264150943396,0.5660377358490566,0.0476190476190476,53,0.7254901960784313,-5.943396226415095,6,0.1132075471698113,11,0.2075471698113207,5,1,2,4,0.65,6,0.1666666666666666,0,0.3333333333333333,0.3636363636363636,0.5757575757575758,0.0,33,0.7419354838709677,-5.454545454545455,1,2,13,19,4,0.6666666666666666,14,14,0.2142857142857142,0.7142857142857143,0.6666666666666666,1129.2624104797278,10.14244204345082
P34_R0,34,0,0.4354838709677419,0.532258064516129,0.037037037037037,62,0.6833333333333333,-6.532258064516129,10,0.1612903225806451,12,0.1935483870967742,4,2,5,1,0.75,6,0.3333333333333333,1,0.6666666666666666,0.3333333333333333,0.6,0.2,30,0.8214285714285714,-5.0,1,2,6,12,4,0.6666666666666666,18,18,0.3333333333333333,0.6111111111111112,0.6,65.3712384069164,6.052486288311233
P32_R24,32,24,0.5147058823529411,0.4558823529411764,0.0857142857142857,68,0.6666666666666666,-7.720588235294117,10,0.1470588235294117,8,0.1176470588235294,4,2,5,1,0.5,6,0.5,0,0.3333333333333333,0.2666666666666666,0.6666666666666666,0.25,30,0.7857142857142857,-4.0,1,2,6,12,4,0.6666666666666666,18,18,0.2222222222222222,0.7222222222222222,0.6666666666666666,634.7160472368122,9.31223869629117
P27_R5,27,5,0.6,0.36,0.0666666666666666,50,0.7083333333333334,-9.0,12,0.24,5,0.1,5,1,4,2,0.4,6,0.6666666666666666,0,0.6666666666666666,0.3636363636363636,0.5757575757575758,0.0,33,0.8709677419354839,-5.454545454545455,1,1,11,17,5,0.8333333333333334,16,16,0.375,0.5625,0.6,183.0816745477561,7.524202202366983
P41_R11,41,11,0.56,0.4,-0.0714285714285714,50,0.6458333333333334,-8.4,12,0.24,7,0.14,5,1,5,1,0.5,6,0.5,0,0.6666666666666666,0.3333333333333333,0.6060606060606061,-0.0909090909090909,33,0.9032258064516128,-5.0,1,2,11,17,4,0.6666666666666666,16,16,0.375,0.5625,0.6,453.4245066071974,8.827896829651017
P46_R24,46,24,0.4509803921568627,0.5098039215686274,-0.0434782608695652,51,0.7142857142857143,-6.764705882352941,8,0.1568627450980392,11,0.2156862745098039,4,2,5,1,0.55,6,0.0,0,0.0,0.2666666666666666,0.6666666666666666,0.25,30,0.7857142857142857,-4.0,1,2,6,12,4,0.6666666666666666,18,18,0.2222222222222222,0.7222222222222222,0.6666666666666666,896.2396774102194,9.809349609950653
P11_R1,11,1,0.56,0.4,0.0,50,0.7083333333333334,-8.4,9,0.18,5,0.1,5,1,4,2,0.45,6,0.5,0,0.3333333333333333,0.3333333333333333,0.6,0.0,30,0.8214285714285714,-5.0,1,2,6,12,4,0.6666666666666666,18,18,0.3333333333333333,0.6111111111111112,0.6,6.114583103818177,2.8307792210278557
P44_R9,44,9,0.4901960784313725,0.4705882352941176,-0.04,51,0.7346938775510204,-7.352941176470588,8,0.1568627450980392,7,0.1372549019607843,4,2,5,1,0.55,6,0.0,0,0.3333333333333333,0.4333333333333333,0.5,-0.0769230769230769,30,0.8214285714285714,-6.5,1,2,6,12,4,0.6666666666666666,18,18,0.5,0.4444444444444444,0.4,420.0361026862527,8.71780013549698
P19_R14,19,14,0.56,0.4,0.0714285714285714,50,0.6458333333333334,-8.4,9,0.18,6,0.12,5,1,4,2,0.45,6,0.5,0,0.3333333333333333,0.3055555555555556,0.6388888888888888,0.0909090909090909,36,0.7941176470588235,-4.583333333333334,1,2,16,22,4,1.0,14,14,0.4285714285714285,0.5,0.4666666666666667,194.4336296587965,7.610534933270227
P6_R15,6,15,0.5,0.4666666666666667,-0.1333333333333333,60,0.7413793103448276,-7.5,10,0.1666666666666666,10,0.1666666666666666,6,0,4,2,0.6,6,0.3333333333333333,0,0.3333333333333333,0.3333333333333333,0.6060606060606061,0.0909090909090909,33,0.8064516129032258,-5.0,1,2,15,21,4,0.6666666666666666,12,12,0.25,0.6666666666666666,0.6,10.06707020919973,3.468201442201975
P9_R40,9,40,0.54,0.42,0.1111111111111111,50,0.6666666666666666,-8.100000000000001,9,0.18,9,0.18,6,0,4,2,0.45,6,0.5,0,0.3333333333333333,0.3666666666666666,0.5666666666666667,0.2727272727272727,30,0.8571428571428571,-5.5,1,2,6,12,4,0.8333333333333334,18,18,0.3888888888888889,0.5555555555555556,0.6,88.28757595421938,6.480387538361348
P0_R18,0,18,0.4705882352941176,0.4901960784313725,0.0833333333333333,51,0.7959183673469388,-7.0588235294117645,9,0.1764705882352941,8,0.1568627450980392,5,1,5,1,0.6,6,0.0,0,0.3333333333333333,0.3636363636363636,0.5757575757575758,-0.1666666666666666,33,0.935483870967742,-5.454545454545455,1,2,16,22,4,0.6666666666666666,11,11,0.2727272727272727,0.6363636363636364,0.6,5.264385146963563,2.6471729151405707
P36_R22,36,22,0.58,0.38,-0.1034482758620689,50,0.7291666666666666,-8.7,10,0.2,7,0.14,6,0,4,2,0.4,6,0.5,0,0.6666666666666666,0.3529411764705882,0.5294117647058824,-0.6666666666666666,17,0.7333333333333333,-5.294117647058824,0,999,999,999,0,0.3333333333333333,999,999,0.0,0.0,0.6,608.9076457033937,9.252446991183088
P26_R16,26,16,0.4901960784313725,0.4705882352941176,0.04,51,0.7959183673469388,-7.352941176470588,9,0.1764705882352941,10,0.196078431372549,5,1,5,1,0.65,6,0.0,0,0.6666666666666666,0.4,0.5333333333333333,0.1666666666666666,30,0.8214285714285714,-6.0,1,2,6,12,4,0.6666666666666666,18,18,0.4444444444444444,0.5,0.5333333333333333,399.9672740274145,8.647340682003463
P32_R16,32,16,0.5147058823529411,0.4558823529411764,0.0857142857142857,68,0.6666666666666666,-7.720588235294117,10,0.1470588235294117,8,0.1176470588235294,4,2,5,1,0.5,6,0.5,0,0.3333333333333333,0.4,0.5333333333333333,0.1666666666666666,30,0.8214285714285714,-6.0,1,2,6,12,4,0.6666666666666666,18,18,0.4444444444444444,0.5,0.5333333333333333,431.4997650822976,8.756555538906293
P33_R0,33,0,0.3835616438356164,0.589041095890411,-0.2142857142857142,73,0.5633802816901409,-5.753424657534247,9,0.1232876712328767,15,0.2054794520547945,5,1,4,2,0.65,6,0.5,1,0.3333333333333333,0.3333333333333333,0.6,0.2,30,0.8214285714285714,-5.0,1,2,6,12,4,0.6666666666666666,18,18,0.3333333333333333,0.6111111111111112,0.6,59.43347221084965,5.9172759294860064
P30_R22,30,22,0.4754098360655737,0.4918032786885246,0.1724137931034483,61,0.7457627118644068,-7.131147540983606,7,0.1147540983606557,12,0.1967213114754098,6,0,5,1,0.55,6,0.3333333333333333,0,0.6666666666666666,0.3529411764705882,0.5294117647058824,-0.6666666666666666,17,0.7333333333333333,-5.294117647058824,0,999,999,999,0,0.3333333333333333,999,999,0.0,0.0,0.6,524.9643284532926,9.03882114726066
P1_R28,1,28,0.4615384615384615,0.5,-0.25,52,0.58,-6.923076923076923,8,0.1538461538461538,8,0.1538461538461538,5,1,3,3,0.6,6,0.5,0,0.3333333333333333,0.3939393939393939,0.5454545454545454,0.0769230769230769,33,0.8709677419354839,-5.909090909090909,1,2,11,17,4,0.6666666666666666,16,16,0.4375,0.5,0.5333333333333333,8.622068003585737,3.2663469956464093
P19_R13,19,13,0.56,0.4,0.0714285714285714,50,0.6458333333333334,-8.4,9,0.18,6,0.12,5,1,4,2,0.45,6,0.5,0,0.3333333333333333,0.3333333333333333,0.6,0.0,30,0.7857142857142857,-5.0,1,2,6,12,4,0.6666666666666666,18,18,0.3333333333333333,0.6111111111111112,0.5333333333333333,254.31391778676283,7.996128374502334
P6_R33,6,33,0.5,0.4666666666666667,-0.1333333333333333,60,0.7413793103448276,-7.5,10,0.1666666666666666,10,0.1666666666666666,6,0,4,2,0.6,6,0.3333333333333333,0,0.3333333333333333,0.3636363636363636,0.5757575757575758,0.0,33,0.7419354838709677,-5.454545454545455,1,2,13,19,4,0.6666666666666666,14,14,0.2142857142857142,0.7142857142857143,0.6666666666666666,43.38436923896306,5.471979789666858
P40_R14,40,14,0.5,0.4666666666666667,0.0666666666666666,60,0.6551724137931034,-7.5,10,0.1666666666666666,12,0.2,6,0,5,1,0.6,6,0.3333333333333333,0,0.3333333333333333,0.3055555555555556,0.6388888888888888,0.0909090909090909,36,0.7941176470588235,-4.583333333333334,1,2,16,22,4,1.0,14,14,0.4285714285714285,0.5,0.4666666666666667,369.15137815003766,8.531971589821886
P27_R13,27,13,0.6,0.36,0.0666666666666666,50,0.7083333333333334,-9.0,12,0.24,5,0.1,5,1,4,2,0.4,6,0.6666666666666666,0,0.6666666666666666,0.3333333333333333,0.6,0.0,30,0.7857142857142857,-5.0,1,2,6,12,4,0.6666666666666666,18,18,0.3333333333333333,0.6111111111111112,0.5333333333333333,329.2722773334078,8.367512066355028
P43_R44,43,44,0.5294117647058824,0.4313725490196078,-0.1111111111111111,51,0.7346938775510204,-7.9411764705882355,10,0.196078431372549,7,0.1372549019607843,5,1,5,1,0.55,6,0.1666666666666666,0,0.6666666666666666,0.3333333333333333,0.6,0.2,30,0.8214285714285714,-5.0,1,2,6,12,4,0.6666666666666666,18,18,0.3333333333333333,0.6111111111111112,0.5333333333333333,14083.417263351022,13.781812253616186
P3_R24,3,24,0.4918032786885246,0.4754098360655737,-0.0666666666666666,61,0.7627118644067796,-7.377049180327869,9,0.1475409836065573,11,0.180327868852459,6,0,5,1,0.55,6,0.3333333333333333,0,0.6666666666666666,0.2666666666666666,0.6666666666666666,0.25,30,0.7857142857142857,-4.0,1,2,6,12,4,0.6666666666666666,18,18,0.2222222222222222,0.7222222222222222,0.6666666666666666,7.477872577106785,3.0837022827697917
P7_R47,7,47,0.4901960784313725,0.4705882352941176,0.2,51,0.7755102040816326,-7.352941176470588,8,0.1568627450980392,6,0.1176470588235294,5,1,5,1,0.6,6,0.0,0,0.3333333333333333,0.3939393939393939,0.5454545454545454,0.0769230769230769,33,0.935483870967742,-5.909090909090909,1,2,16,22,4,0.6666666666666666,11,11,0.2727272727272727,0.6363636363636364,0.6,457.51957402350814,8.84083951300372
P12_R14,12,14,0.4901960784313725,0.4705882352941176,0.12,51,0.6938775510204082,-7.352941176470588,10,0.196078431372549,11,0.2156862745098039,4,2,5,1,0.55,6,0.0,0,0.3333333333333333,0.3055555555555556,0.6388888888888888,0.0909090909090909,36,0.7941176470588235,-4.583333333333334,1,2,16,22,4,1.0,14,14,0.4285714285714285,0.5,0.4666666666666667,23.34910756333853,4.6057969909099565
P34_R10,34,10,0.4354838709677419,0.532258064516129,0.037037037037037,62,0.6833333333333333,-6.532258064516129,10,0.1612903225806451,12,0.1935483870967742,4,2,5,1,0.75,6,0.3333333333333333,1,0.6666666666666666,0.3636363636363636,0.5757575757575758,0.0,33,0.8709677419354839,-5.454545454545455,1,2,13,19,4,0.6666666666666666,14,14,0.3571428571428571,0.5714285714285714,0.5333333333333333,241.90843242435452,7.924268762933512
P23_R17,23,17,0.4528301886792453,0.5094339622641509,-0.1666666666666666,53,0.7058823529411765,-6.79245283018868,8,0.1509433962264151,11,0.2075471698113207,5,1,2,4,0.6,6,0.1666666666666666,0,0.3333333333333333,0.3939393939393939,0.5454545454545454,-0.0769230769230769,33,0.9032258064516128,-5.909090909090909,1,1,16,22,5,0.8333333333333334,11,11,0.2727272727272727,0.6363636363636364,0.5333333333333333,270.6068378576952,8.085375990488476
P12_R26,12,26,0.4901960784313725,0.4705882352941176,0.12,51,0.6938775510204082,-7.352941176470588,10,0.196078431372549,11,0.2156862745098039,4,2,5,1,0.55,6,0.0,0,0.3333333333333333,0.4,0.5333333333333333,0.3333333333333333,30,0.7857142857142857,-6.0,1,2,6,12,4,0.8333333333333334,18,18,0.4444444444444444,0.5,0.4666666666666667,63.60938616786454,6.013671863431447
P27_R11,27,11,0.6,0.36,0.0666666666666666,50,0.7083333333333334,-9.0,12,0.24,5,0.1,5,1,4,2,0.4,6,0.6666666666666666,0,0.6666666666666666,0.3333333333333333,0.6060606060606061,-0.0909090909090909,33,0.9032258064516128,-5.0,1,2,11,17,4,0.6666666666666666,16,16,0.375,0.5625,0.6,398.6292639980207,8.64251842225185
P47_R23,47,23,0.5192307692307693,0.4423076923076923,-0.1851851851851851,52,0.7,-7.788461538461539,12,0.2307692307692307,8,0.1538461538461538,5,1,6,0,0.5,6,0.0,0,0.3333333333333333,0.3055555555555556,0.6388888888888888,-0.2727272727272727,36,0.6176470588235294,-4.583333333333334,1,2,21,27,4,0.6666666666666666,9,9,0.2222222222222222,0.6666666666666666,0.4666666666666667,989.83749872491,9.952504658884584
P30_R17,30,17,0.4754098360655737,0.4918032786885246,0.1724137931034483,61,0.7457627118644068,-7.131147540983606,7,0.1147540983606557,12,0.1967213114754098,6,0,5,1,0.55,6,0.3333333333333333,0,0.6666666666666666,0.3939393939393939,0.5454545454545454,-0.0769230769230769,33,0.9032258064516128,-5.909090909090909,1,1,16,22,5,0.8333333333333334,11,11,0.2727272727272727,0.6363636363636364,0.5333333333333333,473.9593697887863,8.89166029372075
P28_R24,28,24,0.54,0.42,0.1111111111111111,50,0.6666666666666666,-8.100000000000001,11,0.22,9,0.18,5,1,4,2,0.45,6,0.6666666666666666,0,0.3333333333333333,0.2666666666666666,0.6666666666666666,0.25,30,0.7857142857142857,-4.0,1,2,6,12,4,0.6666666666666666,18,18,0.2222222222222222,0.7222222222222222,0.6666666666666666,748.4059295132105,9.54960358250108
P10_R5,10,5,0.4516129032258064,0.5161290322580645,0.0,62,0.6833333333333333,-6.774193548387097,10,0.1612903225806451,9,0.1451612903225806,4,2,4,2,0.75,6,0.3333333333333333,1,0.3333333333333333,0.3636363636363636,0.5757575757575758,0.0,33,0.8709677419354839,-5.454545454545455,1,1,11,17,5,0.8333333333333334,16,16,0.375,0.5625,0.6,14.750520338214551,3.977327585529225
P6_R44,6,44,0.5,0.4666666666666667,-0.1333333333333333,60,0.7413793103448276,-7.5,10,0.1666666666666666,10,0.1666666666666666,6,0,4,2,0.6,6,0.3333333333333333,0,0.3333333333333333,0.3333333333333333,0.6,0.2,30,0.8214285714285714,-5.0,1,2,6,12,4,0.6666666666666666,18,18,0.3333333333333333,0.6111111111111112,0.5333333333333333,289.3008986640881,8.18140522779585
P47_R14,47,14,0.5192307692307693,0.4423076923076923,-0.1851851851851851,52,0.7,-7.788461538461539,12,0.2307692307692307,8,0.1538461538461538,5,1,6,0,0.5,6,0.0,0,0.3333333333333333,0.3055555555555556,0.6388888888888888,0.0909090909090909,36,0.7941176470588235,-4.583333333333334,1,2,16,22,4,1.0,14,14,0.4285714285714285,0.5,0.4666666666666667,842.8321631193933,9.720812267481936
P4_R39,4,39,0.3809523809523809,0.5873015873015873,0.0,63,0.5245901639344263,-5.7142857142857135,10,0.1587301587301587,14,0.2222222222222222,4,2,4,2,0.85,6,0.0,1,0.6666666666666666,0.3939393939393939,0.5454545454545454,-0.0769230769230769,33,0.8709677419354839,-5.909090909090909,1,2,16,22,4,0.6666666666666666,11,11,0.1818181818181818,0.7272727272727273,0.6,35.492370626334896,5.1895229695632885
P2_R39,2,39,0.3174603174603174,0.6507936507936508,-0.1,63,0.5573770491803278,-4.761904761904762,7,0.1111111111111111,12,0.1904761904761904,4,2,4,2,0.8,6,0.0,1,0.0,0.3939393939393939,0.5454545454545454,-0.0769230769230769,33,0.8709677419354839,-5.909090909090909,1,2,16,22,4,0.6666666666666666,11,11,0.1818181818181818,0.7272727272727273,0.6,27.4183443305614,4.828750599655654
P0_R25,0,25,0.4705882352941176,0.4901960784313725,0.0833333333333333,51,0.7959183673469388,-7.0588235294117645,9,0.1764705882352941,8,0.1568627450980392,5,1,5,1,0.6,6,0.0,0,0.3333333333333333,0.3666666666666666,0.5666666666666667,0.2727272727272727,30,0.8214285714285714,-5.5,1,2,6,12,4,0.6666666666666666,18,18,0.3888888888888889,0.5555555555555556,0.5333333333333333,5.974173923047981,2.802022342719446
P25_R47,25,47,0.3809523809523809,0.5873015873015873,-0.1666666666666666,63,0.6721311475409836,-5.7142857142857135,10,0.1587301587301587,10,0.1587301587301587,4,2,4,2,0.8,6,0.0,1,0.6666666666666666,0.3939393939393939,0.5454545454545454,0.0769230769230769,33,0.935483870967742,-5.909090909090909,1,2,16,22,4,0.6666666666666666,11,11,0.2727272727272727,0.6363636363636364,0.6,13073.157654821644,13.674430378690207
P31_R35,31,35,0.5294117647058824,0.4313725490196078,-0.037037037037037,51,0.6938775510204082,-7.9411764705882355,11,0.2156862745098039,8,0.1568627450980392,4,2,5,1,0.45,6,0.3333333333333333,0,0.3333333333333333,0.303030303030303,0.6363636363636364,0.0,33,0.8064516129032258,-4.545454545454546,1,2,16,22,4,0.6666666666666666,11,11,0.2727272727272727,0.6363636363636364,0.6,1828.073344083872,10.83689721159374
P16_R4,16,4,0.4615384615384615,0.5,-0.0833333333333333,52,0.7,-6.923076923076923,10,0.1923076923076923,8,0.1538461538461538,5,1,3,3,0.6,6,0.5,0,0.6666666666666666,0.4,0.5333333333333333,0.1666666666666666,30,0.8214285714285714,-6.0,1,2,6,12,4,0.6666666666666666,18,18,0.4444444444444444,0.5,0.4666666666666667,33.68778237093392,5.116355705338022
P9_R6,9,6,0.54,0.42,0.1111111111111111,50,0.6666666666666666,-8.100000000000001,9,0.18,9,0.18,6,0,4,2,0.45,6,0.5,0,0.3333333333333333,0.3,0.6333333333333333,0.1111111111111111,30,0.8214285714285714,-4.5,1,2,6,12,4,0.6666666666666666,18,18,0.2777777777777778,0.6666666666666666,0.6,7.537588211140775,3.093828579536597
P4_R0,4,0,0.3809523809523809,0.5873015873015873,0.0,63,0.5245901639344263,-5.7142857142857135,10,0.1587301587301587,14,0.2222222222222222,4,2,4,2,0.85,6,0.0,1,0.6666666666666666,0.3333333333333333,0.6,0.2,30,0.8214285714285714,-5.0,1,2,6,12,4,0.6666666666666666,18,18,0.3333333333333333,0.6111111111111112,0.6,0.743860658819033,0.8022847678316009
P6_R1,6,1,0.5,0.4666666666666667,-0.1333333333333333,60,0.7413793103448276,-7.5,10,0.1666666666666666,10,0.1666666666666666,6,0,4,2,0.6,6,0.3333333333333333,0,0.3333333333333333,0.3333333333333333,0.6,0.0,30,0.8214285714285714,-5.0,1,2,6,12,4,0.6666666666666666,18,18,0.3333333333333333,0.6111111111111112,0.6,1.8901350058287243,1.531136886390438
P14_R5,14,5,0.5166666666666667,0.45,-0.032258064516129,60,0.6896551724137931,-7.750000000000001,11,0.1833333333333333,8,0.1333333333333333,6,0,5,1,0.6,6,0.3333333333333333,0,0.3333333333333333,0.3636363636363636,0.5757575757575758,0.0,33,0.8709677419354839,-5.454545454545455,1,1,11,17,5,0.8333333333333334,16,16,0.375,0.5625,0.6,24.57053251356104,4.676410300311433
P36_R3,36,3,0.58,0.38,-0.1034482758620689,50,0.7291666666666666,-8.7,10,0.2,7,0.14,6,0,4,2,0.4,6,0.5,0,0.6666666666666666,0.4,0.5333333333333333,0.1666666666666666,30,0.8928571428571429,-6.0,1,2,6,12,4,0.8333333333333334,18,18,0.4444444444444444,0.5,0.5333333333333333,168.26559006765928,7.403144907932321
P26_R20,26,20,0.4901960784313725,0.4705882352941176,0.04,51,0.7959183673469388,-7.352941176470588,9,0.1764705882352941,10,0.196078431372549,5,1,5,1,0.65,6,0.0,0,0.6666666666666666,0.4333333333333333,0.5,0.2307692307692307,30,0.75,-6.5,1,2,6,12,4,0.8333333333333334,18,18,0.5,0.4444444444444444,0.4,554.4651935910513,9.117552702456909
P12_R34,12,34,0.4901960784313725,0.4705882352941176,0.12,51,0.6938775510204082,-7.352941176470588,10,0.196078431372549,11,0.2156862745098039,4,2,5,1,0.55,6,0.0,0,0.3333333333333333,0.3666666666666666,0.5666666666666667,0.0909090909090909,30,0.8571428571428571,-5.5,1,2,6,12,4,0.6666666666666666,18,18,0.3888888888888889,0.5555555555555556,0.4666666666666667,119.01259747957783,6.907042040337022
P33_R21,33,21,0.3835616438356164,0.589041095890411,-0.2142857142857142,73,0.5633802816901409,-5.753424657534247,9,0.1232876712328767,15,0.2054794520547945,5,1,4,2,0.65,6,0.5,1,0.3333333333333333,0.3666666666666666,0.5666666666666667,0.0909090909090909,30,0.8214285714285714,-5.5,1,2,6,12,4,0.6666666666666666,18,18,0.3888888888888889,0.5555555555555556,0.5333333333333333,774.0552071964908,9.59815526701566
P2_R32,2,32,0.3174603174603174,0.6507936507936508,-0.1,63,0.5573770491803278,-4.761904761904762,7,0.1111111111111111,12,0.1904761904761904,4,2,4,2,0.8,6,0.0,1,0.0,0.4,0.5333333333333333,0.1666666666666666,30,0.8571428571428571,-6.0,1,2,6,12,4,0.8333333333333334,18,18,0.4444444444444444,0.5,0.5333333333333333,14.290390656974989,3.9345533617352415
P32_R7,32,7,0.5147058823529411,0.4558823529411764,0.0857142857142857,68,0.6666666666666666,-7.720588235294117,10,0.1470588235294117,8,0.1176470588235294,4,2,5,1,0.5,6,0.5,0,0.3333333333333333,0.3666666666666666,0.5666666666666667,0.2727272727272727,30,0.9285714285714286,-5.5,1,2,6,12,4,0.6666666666666666,18,18,0.3888888888888889,0.5555555555555556,0.4666666666666667,283.1245960992762,8.150379917938885
P4_R41,4,41,0.3809523809523809,0.5873015873015873,0.0,63,0.5245901639344263,-5.7142857142857135,10,0.1587301587301587,14,0.2222222222222222,4,2,4,2,0.85,6,0.0,1,0.6666666666666666,0.4,0.5333333333333333,0.1666666666666666,30,0.7857142857142857,-6.0,1,2,6,12,4,0.6666666666666666,18,18,0.4444444444444444,0.5,0.5333333333333333,55.22680622273299,5.813186196585866
P35_R26,35,26,0.54,0.42,0.037037037037037,50,0.6666666666666666,-8.100000000000001,11,0.22,9,0.18,5,1,5,1,0.4,6,0.6666666666666666,0,0.3333333333333333,0.4,0.5333333333333333,0.3333333333333333,30,0.7857142857142857,-6.0,1,2,6,12,4,0.8333333333333334,18,18,0.4444444444444444,0.5,0.4666666666666667,743.7469330977406,9.540606467176968
P10_R0,10,0,0.4516129032258064,0.5161290322580645,0.0,62,0.6833333333333333,-6.774193548387097,10,0.1612903225806451,9,0.1451612903225806,4,2,4,2,0.75,6,0.3333333333333333,1,0.3333333333333333,0.3333333333333333,0.6,0.2,30,0.8214285714285714,-5.0,1,2,6,12,4,0.6666666666666666,18,18,0.3333333333333333,0.6111111111111112,0.6,3.4146534529230763,2.142300191809842
P22_R15,22,15,0.4423076923076923,0.5192307692307693,-0.0434782608695652,52,0.78,-6.634615384615384,10,0.1923076923076923,10,0.1923076923076923,5,1,5,1,0.6,6,0.0,0,0.3333333333333333,0.3333333333333333,0.6060606060606061,0.0909090909090909,33,0.8064516129032258,-5.0,1,2,15,21,4,0.6666666666666666,12,12,0.25,0.6666666666666666,0.6,196.8703330071972,7.628411512964597
P44_R22,44,22,0.4901960784313725,0.4705882352941176,-0.04,51,0.7346938775510204,-7.352941176470588,8,0.1568627450980392,7,0.1372549019607843,4,2,5,1,0.55,6,0.0,0,0.3333333333333333,0.3529411764705882,0.5294117647058824,-0.6666666666666666,17,0.7333333333333333,-5.294117647058824,0,999,999,999,0,0.3333333333333333,999,999,0.0,0.0,0.6,729.6686738984162,9.51307354549573
P3_R33,3,33,0.4918032786885246,0.4754098360655737,-0.0666666666666666,61,0.7627118644067796,-7.377049180327869,9,0.1475409836065573,11,0.180327868852459,6,0,5,1,0.55,6,0.3333333333333333,0,0.6666666666666666,0.3636363636363636,0.5757575757575758,0.0,33,0.7419354838709677,-5.454545454545455,1,2,13,19,4,0.6666666666666666,14,14,0.2142857142857142,0.7142857142857143,0.6666666666666666,21.028504228040084,4.461299631866641
P44_R6,44,6,0.4901960784313725,0.4705882352941176,-0.04,51,0.7346938775510204,-7.352941176470588,8,0.1568627450980392,7,0.1372549019607843,4,2,5,1,0.55,6,0.0,0,0.3333333333333333,0.3,0.6333333333333333,0.1111111111111111,30,0.8214285714285714,-4.5,1,2,6,12,4,0.6666666666666666,18,18,0.2777777777777778,0.6666666666666666,0.6,377.17383116308247,8.562905725041634
P38_R36,38,36,0.5185185185185185,0.4074074074074074,0.0,27,0.8,-7.777777777777778,6,0.2222222222222222,5,0.1851851851851851,5,1,5,1,0.0,6,0.5,0,0.3333333333333333,0.3636363636363636,0.5757575757575758,0.0,33,0.9032258064516128,-5.454545454545455,0,999,999,999,0,0.5,999,999,0.0,0.0,0.6,2585.353118744048,11.336703546616832
P19_R19,19,19,0.56,0.4,0.0714285714285714,50,0.6458333333333334,-8.4,9,0.18,6,0.12,5,1,4,2,0.45,6,0.5,0,0.3333333333333333,0.4583333333333333,0.4583333333333333,-0.0909090909090909,24,0.8636363636363636,-6.875,1,2,7,13,4,0.6666666666666666,11,11,0.5454545454545454,0.3636363636363636,0.4666666666666667,279.10190673772814,8.129807994078618
P3_R40,3,40,0.4918032786885246,0.4754098360655737,-0.0666666666666666,61,0.7627118644067796,-7.377049180327869,9,0.1475409836065573,11,0.180327868852459,6,0,5,1,0.55,6,0.3333333333333333,0,0.6666666666666666,0.3666666666666666,0.5666666666666667,0.2727272727272727,30,0.8571428571428571,-5.5,1,2,6,12,4,0.8333333333333334,18,18,0.3888888888888889,0.5555555555555556,0.6,37.30967433991483,5.259636856744513
P34_R23,34,23,0.4354838709677419,0.532258064516129,0.037037037037037,62,0.6833333333333333,-6.532258064516129,10,0.1612903225806451,12,0.1935483870967742,4,2,5,1,0.75,6,0.3333333333333333,1,0.6666666666666666,0.3055555555555556,0.6388888888888888,-0.2727272727272727,36,0.6176470588235294,-4.583333333333334,1,2,21,27,4,0.6666666666666666,9,9,0.2222222222222222,0.6666666666666666,0.4666666666666667,562.2331754941667,9.13758850370608
P13_R8,13,8,0.4833333333333333,0.4833333333333333,-0.1034482758620689,60,0.7586206896551724,-7.25,8,0.1333333333333333,7,0.1166666666666666,6,0,6,0,0.45,6,0.3333333333333333,0,0.6666666666666666,0.3333333333333333,0.6060606060606061,-0.0909090909090909,33,0.935483870967742,-5.0,1,1,16,22,5,0.8333333333333334,11,11,0.1818181818181818,0.7272727272727273,0.6666666666666666,22.658956383757108,4.564314531490473
P25_R29,25,29,0.3809523809523809,0.5873015873015873,-0.1666666666666666,63,0.6721311475409836,-5.7142857142857135,10,0.1587301587301587,10,0.1587301587301587,4,2,4,2,0.8,6,0.0,1,0.6666666666666666,0.3666666666666666,0.5666666666666667,0.0909090909090909,30,0.7857142857142857,-5.5,1,2,6,12,4,0.6666666666666666,18,18,0.3888888888888889,0.5555555555555556,0.6,863.3613552842193,9.75549076198821
P40_R2,40,2,0.5,0.4666666666666667,0.0666666666666666,60,0.6551724137931034,-7.5,10,0.1666666666666666,12,0.2,6,0,5,1,0.6,6,0.3333333333333333,0,0.3333333333333333,0.3636363636363636,0.5757575757575758,0.0,33,0.8709677419354839,-5.454545454545455,1,2,16,22,4,0.6666666666666666,11,11,0.2727272727272727,0.6363636363636364,0.6,78.65259167763708,6.31564939875528
P6_R10,6,10,0.5,0.4666666666666667,-0.1333333333333333,60,0.7413793103448276,-7.5,10,0.1666666666666666,10,0.1666666666666666,6,0,4,2,0.6,6,0.3333333333333333,0,0.3333333333333333,0.3636363636363636,0.5757575757575758,0.0,33,0.8709677419354839,-5.454545454545455,1,2,13,19,4,0.6666666666666666,14,14,0.3571428571428571,0.5714285714285714,0.5333333333333333,6.144491102947331,2.8368312528324613
P17_R1,17,1,0.5,0.46,-0.04,50,0.6458333333333334,-7.5,9,0.18,8,0.16,5,1,4,2,0.5,6,0.5,0,0.3333333333333333,0.3333333333333333,0.6,0.0,30,0.8214285714285714,-5.0,1,2,6,12,4,0.6666666666666666,18,18,0.3333333333333333,0.6111111111111112,0.6,24.23681829862384,4.65745813063816
P46_R44,46,44,0.4509803921568627,0.5098039215686274,-0.0434782608695652,51,0.7142857142857143,-6.764705882352941,8,0.1568627450980392,11,0.2156862745098039,4,2,5,1,0.55,6,0.0,0,0.0,0.3333333333333333,0.6,0.2,30,0.8214285714285714,-5.0,1,2,6,12,4,0.6666666666666666,18,18,0.3333333333333333,0.6111111111111112,0.5333333333333333,23215.18318138543,14.50284318732974
P43_R32,43,32,0.5294117647058824,0.4313725490196078,-0.1111111111111111,51,0.7346938775510204,-7.9411764705882355,10,0.196078431372549,7,0.1372549019607843,5,1,5,1,0.55,6,0.1666666666666666,0,0.6666666666666666,0.4,0.5333333333333333,0.1666666666666666,30,0.8571428571428571,-6.0,1,2,6,12,4,0.8333333333333334,18,18,0.4444444444444444,0.5,0.5333333333333333,2009.661113676912,10.97345422815667
P42_R32,42,32,0.56,0.4,-0.0714285714285714,50,0.7291666666666666,-8.4,9,0.18,4,0.08,5,1,4,2,0.45,6,0.5,0,0.3333333333333333,0.4,0.5333333333333333,0.1666666666666666,30,0.8571428571428571,-6.0,1,2,6,12,4,0.8333333333333334,18,18,0.4444444444444444,0.5,0.5333333333333333,1753.7467699053525,10.777047132763768
P10_R42,10,42,0.4516129032258064,0.5161290322580645,0.0,62,0.6833333333333333,-6.774193548387097,10,0.1612903225806451,9,0.1451612903225806,4,2,4,2,0.75,6,0.3333333333333333,1,0.3333333333333333,0.3333333333333333,0.6060606060606061,0.0909090909090909,33,0.8709677419354839,-5.0,0,999,999,999,0,0.5,999,999,0.0,0.0,0.6,262.7448191663446,8.042998944499068
P13_R46,13,46,0.4833333333333333,0.4833333333333333,-0.1034482758620689,60,0.7586206896551724,-7.25,8,0.1333333333333333,7,0.1166666666666666,6,0,6,0,0.45,6,0.3333333333333333,0,0.6666666666666666,0.3939393939393939,0.5454545454545454,0.0769230769230769,33,0.9032258064516128,-5.909090909090909,0,999,999,999,0,0.5,999,999,0.0,0.0,0.6,1400.653715996286,10.452914254608569
P14_R23,14,23,0.5166666666666667,0.45,-0.032258064516129,60,0.6896551724137931,-7.750000000000001,11,0.1833333333333333,8,0.1333333333333333,6,0,5,1,0.6,6,0.3333333333333333,0,0.3333333333333333,0.3055555555555556,0.6388888888888888,-0.2727272727272727,36,0.6176470588235294,-4.583333333333334,1,2,21,27,4,0.6666666666666666,9,9,0.2222222222222222,0.6666666666666666,0.4666666666666667,49.78597233481121,5.666358158072209
P3_R34,3,34,0.4918032786885246,0.4754098360655737,-0.0666666666666666,61,0.7627118644067796,-7.377049180327869,9,0.1475409836065573,11,0.180327868852459,6,0,5,1,0.55,6,0.3333333333333333,0,0.6666666666666666,0.3666666666666666,0.5666666666666667,0.0909090909090909,30,0.8571428571428571,-5.5,1,2,6,12,4,0.6666666666666666,18,18,0.3888888888888889,0.5555555555555556,0.4666666666666667,21.76668211315694,4.508852151505907
P38_R13,38,13,0.5185185185185185,0.4074074074074074,0.0,27,0.8,-7.777777777777778,6,0.2222222222222222,5,0.1851851851851851,5,1,5,1,0.0,6,0.5,0,0.3333333333333333,0.3333333333333333,0.6,0.0,30,0.7857142857142857,-5.0,1,2,6,12,4,0.6666666666666666,18,18,0.3333333333333333,0.6111111111111112,0.5333333333333333,404.42684192542697,8.663297797648994
P15_R26,15,26,0.4230769230769231,0.5384615384615384,-0.1818181818181818,52,0.7,-6.346153846153846,6,0.1153846153846153,8,0.1538461538461538,5,1,3,3,0.7,6,0.5,0,0.3333333333333333,0.4,0.5333333333333333,0.3333333333333333,30,0.7857142857142857,-6.0,1,2,6,12,4,0.8333333333333334,18,18,0.4444444444444444,0.5,0.4666666666666667,94.05813054860012,6.570738124186098
P9_R31,9,31,0.54,0.42,0.1111111111111111,50,0.6666666666666666,-8.100000000000001,9,0.18,9,0.18,6,0,4,2,0.45,6,0.5,0,0.3333333333333333,0.4333333333333333,0.5,-0.0769230769230769,30,0.7857142857142857,-6.5,1,2,6,12,4,0.6666666666666666,18,18,0.5,0.4444444444444444,0.4666666666666667,27.23335572459681,4.819328707894352
P26_R21,26,21,0.4901960784313725,0.4705882352941176,0.04,51,0.7959183673469388,-7.352941176470588,9,0.1764705882352941,10,0.196078431372549,5,1,5,1,0.65,6,0.0,0,0.6666666666666666,0.3666666666666666,0.5666666666666667,0.0909090909090909,30,0.8214285714285714,-5.5,1,2,6,12,4,0.6666666666666666,18,18,0.3888888888888889,0.5555555555555556,0.5333333333333333,581.0230419086536,9.18493245938477
P41_R14,41,14,0.56,0.4,-0.0714285714285714,50,0.6458333333333334,-8.4,12,0.24,7,0.14,5,1,5,1,0.5,6,0.5,0,0.6666666666666666,0.3055555555555556,0.6388888888888888,0.0909090909090909,36,0.7941176470588235,-4.583333333333334,1,2,16,22,4,1.0,14,14,0.4285714285714285,0.5,0.4666666666666667,461.00469980595017,8.851763717503179
P10_R15,10,15,0.4516129032258064,0.5161290322580645,0.0,62,0.6833333333333333,-6.774193548387097,10,0.1612903225806451,9,0.1451612903225806,4,2,4,2,0.75,6,0.3333333333333333,1,0.3333333333333333,0.3333333333333333,0.6060606060606061,0.0909090909090909,33,0.8064516129032258,-5.0,1,2,15,21,4,0.6666666666666666,12,12,0.25,0.6666666666666666,0.6,27.300751970641382,4.822768481863329
P9_R46,9,46,0.54,0.42,0.1111111111111111,50,0.6666666666666666,-8.100000000000001,9,0.18,9,0.18,6,0,4,2,0.45,6,0.5,0,0.3333333333333333,0.3939393939393939,0.5454545454545454,0.0769230769230769,33,0.9032258064516128,-5.909090909090909,0,999,999,999,0,0.5,999,999,0.0,0.0,0.6,469.2249273105972,8.877207210165386
P10_R2,10,2,0.4516129032258064,0.5161290322580645,0.0,62,0.6833333333333333,-6.774193548387097,10,0.1612903225806451,9,0.1451612903225806,4,2,4,2,0.75,6,0.3333333333333333,1,0.3333333333333333,0.3636363636363636,0.5757575757575758,0.0,33,0.8709677419354839,-5.454545454545455,1,2,16,22,4,0.6666666666666666,11,11,0.2727272727272727,0.6363636363636364,0.6,5.133761429721806,2.616772054630589
P12_R41,12,41,0.4901960784313725,0.4705882352941176,0.12,51,0.6938775510204082,-7.352941176470588,10,0.196078431372549,11,0.2156862745098039,4,2,5,1,0.55,6,0.0,0,0.3333333333333333,0.4,0.5333333333333333,0.1666666666666666,30,0.7857142857142857,-6.0,1,2,6,12,4,0.6666666666666666,18,18,0.4444444444444444,0.5,0.5333333333333333,257.54732960594976,8.014284593864451
P20_R16,20,16,0.3962264150943396,0.5660377358490566,0.0476190476190476,53,0.7254901960784313,-5.943396226415095,6,0.1132075471698113,11,0.2075471698113207,5,1,2,4,0.65,6,0.1666666666666666,0,0.3333333333333333,0.4,0.5333333333333333,0.1666666666666666,30,0.8214285714285714,-6.0,1,2,6,12,4,0.6666666666666666,18,18,0.4444444444444444,0.5,0.5333333333333333,285.4040906093999,8.161908288032448
P44_R11,44,11,0.4901960784313725,0.4705882352941176,-0.04,51,0.7346938775510204,-7.352941176470588,8,0.1568627450980392,7,0.1372549019607843,4,2,5,1,0.55,6,0.0,0,0.3333333333333333,0.3333333333333333,0.6060606060606061,-0.0909090909090909,33,0.9032258064516128,-5.0,1,2,11,17,4,0.6666666666666666,16,16,0.375,0.5625,0.6,479.7931495165036,8.909272530023122
P45_R30,45,30,0.5,0.4615384615384615,-0.2307692307692307,52,0.64,-7.5,11,0.2115384615384615,9,0.173076923076923,5,1,5,1,0.55,6,0.0,0,0.3333333333333333,0.4,0.5333333333333333,0.0,30,0.8214285714285714,-6.0,1,2,6,12,4,0.6666666666666666,18,18,0.4444444444444444,0.5,0.5333333333333333,1466.1328888379423,10.51878383691714
P16_R17,16,17,0.4615384615384615,0.5,-0.0833333333333333,52,0.7,-6.923076923076923,10,0.1923076923076923,8,0.1538461538461538,5,1,3,3,0.6,6,0.5,0,0.6666666666666666,0.3939393939393939,0.5454545454545454,-0.0769230769230769,33,0.9032258064516128,-5.909090909090909,1,1,16,22,5,0.8333333333333334,11,11,0.2727272727272727,0.6363636363636364,0.5333333333333333,81.83126773964509,6.372103564274605
P8_R24,8,24,0.52,0.44,-0.0769230769230769,50,0.7083333333333334,-7.800000000000001,9,0.18,9,0.18,5,1,4,2,0.5,6,0.6666666666666666,0,0.3333333333333333,0.2666666666666666,0.6666666666666666,0.25,30,0.7857142857142857,-4.0,1,2,6,12,4,0.6666666666666666,18,18,0.2222222222222222,0.7222222222222222,0.6666666666666666,14.713135878267313,3.973899223613362
P41_R8,41,8,0.56,0.4,-0.0714285714285714,50,0.6458333333333334,-8.4,12,0.24,7,0.14,5,1,5,1,0.5,6,0.5,0,0.6666666666666666,0.3333333333333333,0.6060606060606061,-0.0909090909090909,33,0.935483870967742,-5.0,1,1,16,22,5,0.8333333333333334,11,11,0.1818181818181818,0.7272727272727273,0.6666666666666666,265.93565385733183,8.060348204912964
P38_R5,38,5,0.5185185185185185,0.4074074074074074,0.0,27,0.8,-7.777777777777778,6,0.2222222222222222,5,0.1851851851851851,5,1,5,1,0.0,6,0.5,0,0.3333333333333333,0.3636363636363636,0.5757575757575758,0.0,33,0.8709677419354839,-5.454545454545455,1,1,11,17,5,0.8333333333333334,16,16,0.375,0.5625,0.6,293.20960589154134,8.200700540874099
P9_R39,9,39,0.54,0.42,0.1111111111111111,50,0.6666666666666666,-8.100000000000001,9,0.18,9,0.18,6,0,4,2,0.45,6,0.5,0,0.3333333333333333,0.3939393939393939,0.5454545454545454,-0.0769230769230769,33,0.8709677419354839,-5.909090909090909,1,2,16,22,4,0.6666666666666666,11,11,0.1818181818181818,0.7272727272727273,0.6,82.54667761781681,6.384510552981089
P44_R46,44,46,0.4901960784313725,0.4705882352941176,-0.04,51,0.7346938775510204,-7.352941176470588,8,0.1568627450980392,7,0.1372549019607843,4,2,5,1,0.55,6,0.0,0,0.3333333333333333,0.3939393939393939,0.5454545454545454,0.0769230769230769,33,0.9032258064516128,-5.909090909090909,0,999,999,999,0,0.5,999,999,0.0,0.0,0.6,22791.67928178944,14.4762829030712
P11_R26,11,26,0.56,0.4,0.0,50,0.7083333333333334,-8.4,9,0.18,5,0.1,5,1,4,2,0.45,6,0.5,0,0.3333333333333333,0.4,0.5333333333333333,0.3333333333333333,30,0.7857142857142857,-6.0,1,2,6,12,4,0.8333333333333334,18,18,0.4444444444444444,0.5,0.4666666666666667,45.28358618668876,5.532428747865757
P19_R18,19,18,0.56,0.4,0.0714285714285714,50,0.6458333333333334,-8.4,9,0.18,6,0.12,5,1,4,2,0.45,6,0.5,0,0.3333333333333333,0.3636363636363636,0.5757575757575758,-0.1666666666666666,33,0.935483870967742,-5.454545454545455,1,2,16,22,4,0.6666666666666666,11,11,0.2727272727272727,0.6363636363636364,0.6,254.56495786758063,7.997546222552311
P40_R1,40,1,0.5,0.4666666666666667,0.0666666666666666,60,0.6551724137931034,-7.5,10,0.1666666666666666,12,0.2,6,0,5,1,0.6,6,0.3333333333333333,0,0.3333333333333333,0.3333333333333333,0.6,0.0,30,0.8214285714285714,-5.0,1,2,6,12,4,0.6666666666666666,18,18,0.3333333333333333,0.6111111111111112,0.6,104.10465667033677,6.715682779211595
P27_R20,27,20,0.6,0.36,0.0666666666666666,50,0.7083333333333334,-9.0,12,0.24,5,0.1,5,1,4,2,0.4,6,0.6666666666666666,0,0.6666666666666666,0.4333333333333333,0.5,0.2307692307692307,30,0.75,-6.5,1,2,6,12,4,0.8333333333333334,18,18,0.5,0.4444444444444444,0.4,523.1132340593883,9.033734727811416
P34_R28,34,28,0.4354838709677419,0.532258064516129,0.037037037037037,62,0.6833333333333333,-6.532258064516129,10,0.1612903225806451,12,0.1935483870967742,4,2,5,1,0.75,6,0.3333333333333333,1,0.6666666666666666,0.3939393939393939,0.5454545454545454,0.0769230769230769,33,0.8709677419354839,-5.909090909090909,1,2,11,17,4,0.6666666666666666,16,16,0.4375,0.5,0.5333333333333333,1394.9378780433988,10.447019024896694
P4_R11,4,11,0.3809523809523809,0.5873015873015873,0.0,63,0.5245901639344263,-5.7142857142857135,10,0.1587301587301587,14,0.2222222222222222,4,2,4,2,0.85,6,0.0,1,0.6666666666666666,0.3333333333333333,0.6060606060606061,-0.0909090909090909,33,0.9032258064516128,-5.0,1,2,11,17,4,0.6666666666666666,16,16,0.375,0.5625,0.6,5.264028790215849,2.647090843440924
P3_R30,3,30,0.4918032786885246,0.4754098360655737,-0.0666666666666666,61,0.7627118644067796,-7.377049180327869,9,0.1475409836065573,11,0.180327868852459,6,0,5,1,0.55,6,0.3333333333333333,0,0.6666666666666666,0.4,0.5333333333333333,0.0,30,0.8214285714285714,-6.0,1,2,6,12,4,0.6666666666666666,18,18,0.4444444444444444,0.5,0.5333333333333333,9.338351465786216,3.3699342494234705
P23_R31,23,31,0.4528301886792453,0.5094339622641509,-0.1666666666666666,53,0.7058823529411765,-6.79245283018868,8,0.1509433962264151,11,0.2075471698113207,5,1,2,4,0.6,6,0.1666666666666666,0,0.3333333333333333,0.4333333333333333,0.5,-0.0769230769230769,30,0.7857142857142857,-6.5,1,2,6,12,4,0.6666666666666666,18,18,0.5,0.4444444444444444,0.4666666666666667,831.0804871785766,9.700579276839573
P2_R24,2,24,0.3174603174603174,0.6507936507936508,-0.1,63,0.5573770491803278,-4.761904761904762,7,0.1111111111111111,12,0.1904761904761904,4,2,4,2,0.8,6,0.0,1,0.0,0.2666666666666666,0.6666666666666666,0.25,30,0.7857142857142857,-4.0,1,2,6,12,4,0.6666666666666666,18,18,0.2222222222222222,0.7222222222222222,0.6666666666666666,6.292495103319134,2.86641251239948
P5_R43,5,43,0.4705882352941176,0.4901960784313725,0.0833333333333333,51,0.7551020408163265,-7.0588235294117645,8,0.1568627450980392,6,0.1176470588235294,5,1,5,1,0.6,6,0.0,0,0.3333333333333333,0.4,0.5333333333333333,0.1666666666666666,30,0.8571428571428571,-6.0,1,2,6,12,4,0.6666666666666666,18,18,0.4444444444444444,0.5,0.5333333333333333,200.100574898553,7.651773395744722
P40_R27,40,27,0.5,0.4666666666666667,0.0666666666666666,60,0.6551724137931034,-7.5,10,0.1666666666666666,12,0.2,6,0,5,1,0.6,6,0.3333333333333333,0,0.3333333333333333,0.3333333333333333,0.6060606060606061,-0.0909090909090909,33,0.8387096774193549,-5.0,0,999,999,999,0,0.5,999,999,0.0,0.0,0.7333333333333333,851.1305128811752,9.734930601289658
P22_R38,22,38,0.4423076923076923,0.5192307692307693,-0.0434782608695652,52,0.78,-6.634615384615384,10,0.1923076923076923,10,0.1923076923076923,5,1,5,1,0.6,6,0.0,0,0.3333333333333333,0.3636363636363636,0.5757575757575758,-0.1666666666666666,33,0.8064516129032258,-5.454545454545455,0,999,999,999,0,0.5,999,999,0.0,0.0,0.6666666666666666,1357.7579303435818,10.408072740178865
P27_R7,27,7,0.6,0.36,0.0666666666666666,50,0.7083333333333334,-9.0,12,0.24,5,0.1,5,1,4,2,0.4,6,0.6666666666666666,0,0.6666666666666666,0.3666666666666666,0.5666666666666667,0.2727272727272727,30,0.9285714285714286,-5.5,1,2,6,12,4,0.6666666666666666,18,18,0.3888888888888889,0.5555555555555556,0.4666666666666667,295.53078099990154,8.212038059439747
P17_R45,17,45,0.5,0.46,-0.04,50,0.6458333333333334,-7.5,9,0.18,8,0.16,5,1,4,2,0.5,6,0.5,0,0.3333333333333333,0.3666666666666666,0.5666666666666667,0.0909090909090909,30,0.75,-5.5,1,2,6,12,4,0.6666666666666666,18,18,0.3888888888888889,0.5555555555555556,0.5333333333333333,3246.713663063529,11.665208726579197
P25_R21,25,21,0.3809523809523809,0.5873015873015873,-0.1666666666666666,63,0.6721311475409836,-5.7142857142857135,10,0.1587301587301587,10,0.1587301587301587,4,2,4,2,0.8,6,0.0,1,0.6666666666666666,0.3666666666666666,0.5666666666666667,0.0909090909090909,30,0.8214285714285714,-5.5,1,2,6,12,4,0.6666666666666666,18,18,0.3888888888888889,0.5555555555555556,0.5333333333333333,621.2873109169393,9.28143701825319
P5_R35,5,35,0.4705882352941176,0.4901960784313725,0.0833333333333333,51,0.7551020408163265,-7.0588235294117645,8,0.1568627450980392,6,0.1176470588235294,5,1,5,1,0.6,6,0.0,0,0.3333333333333333,0.303030303030303,0.6363636363636364,0.0,33,0.8064516129032258,-4.545454545454546,1,2,16,22,4,0.6666666666666666,11,11,0.2727272727272727,0.6363636363636364,0.6,48.08417006863901,5.617185916866592
P39_R42,39,42,0.54,0.42,0.037037037037037,50,0.6875,-8.100000000000001,10,0.2,7,0.14,5,1,4,2,0.45,6,0.6666666666666666,0,0.3333333333333333,0.3333333333333333,0.6060606060606061,0.0909090909090909,33,0.8709677419354839,-5.0,0,999,999,999,0,0.5,999,999,0.0,0.0,0.6,5189.220065800364,12.341579994942354
P36_R34,36,34,0.58,0.38,-0.1034482758620689,50,0.7291666666666666,-8.7,10,0.2,7,0.14,6,0,4,2,0.4,6,0.5,0,0.6666666666666666,0.3666666666666666,0.5666666666666667,0.0909090909090909,30,0.8571428571428571,-5.5,1,2,6,12,4,0.6666666666666666,18,18,0.3888888888888889,0.5555555555555556,0.4666666666666667,1938.7660583299155,10.921666954167984
P9_R32,9,32,0.54,0.42,0.1111111111111111,50,0.6666666666666666,-8.100000000000001,9,0.18,9,0.18,6,0,4,2,0.45,6,0.5,0,0.3333333333333333,0.4,0.5333333333333333,0.1666666666666666,30,0.8571428571428571,-6.0,1,2,6,12,4,0.8333333333333334,18,18,0.4444444444444444,0.5,0.5333333333333333,36.55503553150463,5.230934458000159
P31_R33,31,33,0.5294117647058824,0.4313725490196078,-0.037037037037037,51,0.6938775510204082,-7.9411764705882355,11,0.2156862745098039,8,0.1568627450980392,4,2,5,1,0.45,6,0.3333333333333333,0,0.3333333333333333,0.3636363636363636,0.5757575757575758,0.0,33,0.7419354838709677,-5.454545454545455,1,2,13,19,4,0.6666666666666666,14,14,0.2142857142857142,0.7142857142857143,0.6666666666666666,1144.280950066836,10.161485835428598
P9_R18,9,18,0.54,0.42,0.1111111111111111,50,0.6666666666666666,-8.100000000000001,9,0.18,9,0.18,6,0,4,2,0.45,6,0.5,0,0.3333333333333333,0.3636363636363636,0.5757575757575758,-0.1666666666666666,33,0.935483870967742,-5.454545454545455,1,2,16,22,4,0.6666666666666666,11,11,0.2727272727272727,0.6363636363636364,0.6,14.723787869066074,3.974876900374142
P17_R3,17,3,0.5,0.46,-0.04,50,0.6458333333333334,-7.5,9,0.18,8,0.16,5,1,4,2,0.5,6,0.5,0,0.3333333333333333,0.4,0.5333333333333333,0.1666666666666666,30,0.8928571428571429,-6.0,1,2,6,12,4,0.8333333333333334,18,18,0.4444444444444444,0.5,0.5333333333333333,39.21320219428831,5.32959731801586
P43_R13,43,13,0.5294117647058824,0.4313725490196078,-0.1111111111111111,51,0.7346938775510204,-7.9411764705882355,10,0.196078431372549,7,0.1372549019607843,5,1,5,1,0.55,6,0.1666666666666666,0,0.6666666666666666,0.3333333333333333,0.6,0.0,30,0.7857142857142857,-5.0,1,2,6,12,4,0.6666666666666666,18,18,0.3333333333333333,0.6111111111111112,0.5333333333333333,465.6614923069093,8.866232614544284
P34_R1,34,1,0.4354838709677419,0.532258064516129,0.037037037037037,62,0.6833333333333333,-6.532258064516129,10,0.1612903225806451,12,0.1935483870967742,4,2,5,1,0.75,6,0.3333333333333333,1,0.6666666666666666,0.3333333333333333,0.6,0.0,30,0.8214285714285714,-5.0,1,2,6,12,4,0.6666666666666666,18,18,0.3333333333333333,0.6111111111111112,0.6,83.1983134541921,6.395719430368557
P21_R42,21,42,0.4807692307692308,0.4807692307692308,-0.04,52,0.76,-7.211538461538462,9,0.173076923076923,6,0.1153846153846153,5,1,3,3,0.65,6,0.5,0,0.6666666666666666,0.3333333333333333,0.6060606060606061,0.0909090909090909,33,0.8709677419354839,-5.0,0,999,999,999,0,0.5,999,999,0.0,0.0,0.6,1705.0205351079233,10.736419296922078
P27_R26,27,26,0.6,0.36,0.0666666666666666,50,0.7083333333333334,-9.0,12,0.24,5,0.1,5,1,4,2,0.4,6,0.6666666666666666,0,0.6666666666666666,0.4,0.5333333333333333,0.3333333333333333,30,0.7857142857142857,-6.0,1,2,6,12,4,0.8333333333333334,18,18,0.4444444444444444,0.5,0.4666666666666667,673.616568507718,9.397923940995256
P30_R47,30,47,0.4754098360655737,0.4918032786885246,0.1724137931034483,61,0.7457627118644068,-7.131147540983606,7,0.1147540983606557,12,0.1967213114754098,6,0,5,1,0.55,6,0.3333333333333333,0,0.6666666666666666,0.3939393939393939,0.5454545454545454,0.0769230769230769,33,0.935483870967742,-5.909090909090909,1,2,16,22,4,0.6666666666666666,11,11,0.2727272727272727,0.6363636363636364,0.6,16154.142176750893,13.979705826951912
P47_R46,47,46,0.5192307692307693,0.4423076923076923,-0.1851851851851851,52,0.7,-7.788461538461539,12,0.2307692307692307,8,0.1538461538461538,5,1,6,0,0.5,6,0.0,0,0.3333333333333333,0.3939393939393939,0.5454545454545454,0.0769230769230769,33,0.9032258064516128,-5.909090909090909,0,999,999,999,0,0.5,999,999,0.0,0.0,0.6,20827.14245621811,14.346246558884804
P25_R44,25,44,0.3809523809523809,0.5873015873015873,-0.1666666666666666,63,0.6721311475409836,-5.7142857142857135,10,0.1587301587301587,10,0.1587301587301587,4,2,4,2,0.8,6,0.0,1,0.6666666666666666,0.3333333333333333,0.6,0.2,30,0.8214285714285714,-5.0,1,2,6,12,4,0.6666666666666666,18,18,0.3333333333333333,0.6111111111111112,0.5333333333333333,12525.27605826158,13.612669958550992
P26_R15,26,15,0.4901960784313725,0.4705882352941176,0.04,51,0.7959183673469388,-7.352941176470588,9,0.1764705882352941,10,0.196078431372549,5,1,5,1,0.65,6,0.0,0,0.6666666666666666,0.3333333333333333,0.6060606060606061,0.0909090909090909,33,0.8064516129032258,-5.0,1,2,15,21,4,0.6666666666666666,12,12,0.25,0.6666666666666666,0.6,342.2320995068415,8.423040671615073
P12_R37,12,37,0.4901960784313725,0.4705882352941176,0.12,51,0.6938775510204082,-7.352941176470588,10,0.196078431372549,11,0.2156862745098039,4,2,5,1,0.55,6,0.0,0,0.3333333333333333,0.3333333333333333,0.6060606060606061,-0.0909090909090909,33,0.8064516129032258,-5.0,0,999,999,999,0,0.5,999,999,0.0,0.0,0.6,202.6844410281416,7.670191970231444
P3_R19,3,19,0.4918032786885246,0.4754098360655737,-0.0666666666666666,61,0.7627118644067796,-7.377049180327869,9,0.1475409836065573,11,0.180327868852459,6,0,5,1,0.55,6,0.3333333333333333,0,0.6666666666666666,0.4583333333333333,0.4583333333333333,-0.0909090909090909,24,0.8636363636363636,-6.875,1,2,7,13,4,0.6666666666666666,11,11,0.5454545454545454,0.3636363636363636,0.4666666666666667,5.172142857701743,2.625771454279466
P25_R31,25,31,0.3809523809523809,0.5873015873015873,-0.1666666666666666,63,0.6721311475409836,-5.7142857142857135,10,0.1587301587301587,10,0.1587301587301587,4,2,4,2,0.8,6,0.0,1,0.6666666666666666,0.4333333333333333,0.5,-0.0769230769230769,30,0.7857142857142857,-6.5,1,2,6,12,4,0.6666666666666666,18,18,0.5,0.4444444444444444,0.4666666666666667,864.3198780543528,9.757089734286634
P19_R28,19,28,0.56,0.4,0.0714285714285714,50,0.6458333333333334,-8.4,9,0.18,6,0.12,5,1,4,2,0.45,6,0.5,0,0.3333333333333333,0.3939393939393939,0.5454545454545454,0.0769230769230769,33,0.8709677419354839,-5.909090909090909,1,2,11,17,4,0.6666666666666666,16,16,0.4375,0.5,0.5333333333333333,475.1873316714102,8.895385429916903
P45_R1,45,1,0.5,0.4615384615384615,-0.2307692307692307,52,0.64,-7.5,11,0.2115384615384615,9,0.173076923076923,5,1,5,1,0.55,6,0.0,0,0.3333333333333333,0.3333333333333333,0.6,0.0,30,0.8214285714285714,-5.0,1,2,6,12,4,0.6666666666666666,18,18,0.3333333333333333,0.6111111111111112,0.6,89.06888964348008,6.492956971097414
P14_R22,14,22,0.5166666666666667,0.45,-0.032258064516129,60,0.6896551724137931,-7.750000000000001,11,0.1833333333333333,8,0.1333333333333333,6,0,5,1,0.6,6,0.3333333333333333,0,0.3333333333333333,0.3529411764705882,0.5294117647058824,-0.6666666666666666,17,0.7333333333333333,-5.294117647058824,0,999,999,999,0,0.3333333333333333,999,999,0.0,0.0,0.6,46.72244624474078,5.57659609212633
P28_R31,28,31,0.54,0.42,0.1111111111111111,50,0.6666666666666666,-8.100000000000001,11,0.22,9,0.18,5,1,4,2,0.45,6,0.6666666666666666,0,0.3333333333333333,0.4333333333333333,0.5,-0.0769230769230769,30,0.7857142857142857,-6.5,1,2,6,12,4,0.6666666666666666,18,18,0.5,0.4444444444444444,0.4666666666666667,1208.8341941548526,10.240593626656764
P35_R1,35,1,0.54,0.42,0.037037037037037,50,0.6666666666666666,-8.100000000000001,11,0.22,9,0.18,5,1,5,1,0.4,6,0.6666666666666666,0,0.3333333333333333,0.3333333333333333,0.6,0.0,30,0.8214285714285714,-5.0,1,2,6,12,4,0.6666666666666666,18,18,0.3333333333333333,0.6111111111111112,0.6,71.94235618349298,6.188684897239463
P46_R14,46,14,0.4509803921568627,0.5098039215686274,-0.0434782608695652,51,0.7142857142857143,-6.764705882352941,8,0.1568627450980392,11,0.2156862745098039,4,2,5,1,0.55,6,0.0,0,0.0,0.3055555555555556,0.6388888888888888,0.0909090909090909,36,0.7941176470588235,-4.583333333333334,1,2,16,22,4,1.0,14,14,0.4285714285714285,0.5,0.4666666666666667,643.1735221252655,9.33130555170062
P25_R7,25,7,0.3809523809523809,0.5873015873015873,-0.1666666666666666,63,0.6721311475409836,-5.7142857142857135,10,0.1587301587301587,10,0.1587301587301587,4,2,4,2,0.8,6,0.0,1,0.6666666666666666,0.3666666666666666,0.5666666666666667,0.2727272727272727,30,0.9285714285714286,-5.5,1,2,6,12,4,0.6666666666666666,18,18,0.3888888888888889,0.5555555555555556,0.4666666666666667,207.77330237914575,7.705793423771492
P35_R33,35,33,0.54,0.42,0.037037037037037,50,0.6666666666666666,-8.100000000000001,11,0.22,9,0.18,5,1,5,1,0.4,6,0.6666666666666666,0,0.3333333333333333,0.3636363636363636,0.5757575757575758,0.0,33,0.7419354838709677,-5.454545454545455,1,2,13,19,4,0.6666666666666666,14,14,0.2142857142857142,0.7142857142857143,0.6666666666666666,1918.361716637796,10.90641090741148
P10_R27,10,27,0.4516129032258064,0.5161290322580645,0.0,62,0.6833333333333333,-6.774193548387097,10,0.1612903225806451,9,0.1451612903225806,4,2,4,2,0.75,6,0.3333333333333333,1,0.3333333333333333,0.3333333333333333,0.6060606060606061,-0.0909090909090909,33,0.8387096774193549,-5.0,0,999,999,999,0,0.5,999,999,0.0,0.0,0.7333333333333333,50.24986600311392,5.679476327468455
P44_R19,44,19,0.4901960784313725,0.4705882352941176,-0.04,51,0.7346938775510204,-7.352941176470588,8,0.1568627450980392,7,0.1372549019607843,4,2,5,1,0.55,6,0.0,0,0.3333333333333333,0.4583333333333333,0.4583333333333333,-0.0909090909090909,24,0.8636363636363636,-6.875,1,2,7,13,4,0.6666666666666666,11,11,0.5454545454545454,0.3636363636363636,0.4666666666666667,960.9124717449936,9.909761813162488
P10_R29,10,29,0.4516129032258064,0.5161290322580645,0.0,62,0.6833333333333333,-6.774193548387097,10,0.1612903225806451,9,0.1451612903225806,4,2,4,2,0.75,6,0.3333333333333333,1,0.3333333333333333,0.3666666666666666,0.5666666666666667,0.0909090909090909,30,0.7857142857142857,-5.5,1,2,6,12,4,0.6666666666666666,18,18,0.3888888888888889,0.5555555555555556,0.6,57.23895519689191,5.863912568799943
P4_R38,4,38,0.3809523809523809,0.5873015873015873,0.0,63,0.5245901639344263,-5.7142857142857135,10,0.1587301587301587,14,0.2222222222222222,4,2,4,2,0.85,6,0.0,1,0.6666666666666666,0.3636363636363636,0.5757575757575758,-0.1666666666666666,33,0.8064516129032258,-5.454545454545455,0,999,999,999,0,0.5,999,999,0.0,0.0,0.6666666666666666,29.261972571207355,4.919434124938605
P41_R17,41,17,0.56,0.4,-0.0714285714285714,50,0.6458333333333334,-8.4,12,0.24,7,0.14,5,1,5,1,0.5,6,0.5,0,0.6666666666666666,0.3939393939393939,0.5454545454545454,-0.0769230769230769,33,0.9032258064516128,-5.909090909090909,1,1,16,22,5,0.8333333333333334,11,11,0.2727272727272727,0.6363636363636364,0.5333333333333333,547.5042487196906,9.099358985577464
P10_R34,10,34,0.4516129032258064,0.5161290322580645,0.0,62,0.6833333333333333,-6.774193548387097,10,0.1612903225806451,9,0.1451612903225806,4,2,4,2,0.75,6,0.3333333333333333,1,0.3333333333333333,0.3666666666666666,0.5666666666666667,0.0909090909090909,30,0.8571428571428571,-5.5,1,2,6,12,4,0.6666666666666666,18,18,0.3888888888888889,0.5555555555555556,0.4666666666666667,121.71077777955163,6.9391181573268765
P18_R24,18,24,0.34375,0.625,-0.0909090909090909,64,0.6129032258064516,-5.15625,7,0.109375,14,0.21875,4,2,4,2,0.85,6,0.0,1,0.6666666666666666,0.2666666666666666,0.6666666666666666,0.25,30,0.7857142857142857,-4.0,1,2,6,12,4,0.6666666666666666,18,18,0.2222222222222222,0.7222222222222222,0.6666666666666666,158.01992471929333,7.313063731968574
P14_R47,14,47,0.5166666666666667,0.45,-0.032258064516129,60,0.6896551724137931,-7.750000000000001,11,0.1833333333333333,8,0.1333333333333333,6,0,5,1,0.6,6,0.3333333333333333,0,0.3333333333333333,0.3939393939393939,0.5454545454545454,0.0769230769230769,33,0.935483870967742,-5.909090909090909,1,2,16,22,4,0.6666666666666666,11,11,0.2727272727272727,0.6363636363636364,0.6,1509.262565941082,10.560583675040872
P15_R22,15,22,0.4230769230769231,0.5384615384615384,-0.1818181818181818,52,0.7,-6.346153846153846,6,0.1153846153846153,8,0.1538461538461538,5,1,3,3,0.7,6,0.5,0,0.3333333333333333,0.3529411764705882,0.5294117647058824,-0.6666666666666666,17,0.7333333333333333,-5.294117647058824,0,999,999,999,0,0.3333333333333333,999,999,0.0,0.0,0.6,52.32559872627753,5.736756353757612
P28_R42,28,42,0.54,0.42,0.1111111111111111,50,0.6666666666666666,-8.100000000000001,11,0.22,9,0.18,5,1,4,2,0.45,6,0.6666666666666666,0,0.3333333333333333,0.3333333333333333,0.6060606060606061,0.0909090909090909,33,0.8709677419354839,-5.0,0,999,999,999,0,0.5,999,999,0.0,0.0,0.6,4311.042905570855,12.074155817888483
P6_R36,6,36,0.5,0.4666666666666667,-0.1333333333333333,60,0.7413793103448276,-7.5,10,0.1666666666666666,10,0.1666666666666666,6,0,4,2,0.6,6,0.3333333333333333,0,0.3333333333333333,0.3636363636363636,0.5757575757575758,0.0,33,0.9032258064516128,-5.454545454545455,0,999,999,999,0,0.5,999,999,0.0,0.0,0.6,68.46492017498025,6.118212694790393
P9_R13,9,13,0.54,0.42,0.1111111111111111,50,0.6666666666666666,-8.100000000000001,9,0.18,9,0.18,6,0,4,2,0.45,6,0.5,0,0.3333333333333333,0.3333333333333333,0.6,0.0,30,0.7857142857142857,-5.0,1,2,6,12,4,0.6666666666666666,18,18,0.3333333333333333,0.6111111111111112,0.5333333333333333,9.072029469653955,3.332282504230621
P7_R38,7,38,0.4901960784313725,0.4705882352941176,0.2,51,0.7755102040816326,-7.352941176470588,8,0.1568627450980392,6,0.1176470588235294,5,1,5,1,0.6,6,0.0,0,0.3333333333333333,0.3636363636363636,0.5757575757575758,-0.1666666666666666,33,0.8064516129032258,-5.454545454545455,0,999,999,999,0,0.5,999,999,0.0,0.0,0.6666666666666666,79.39921017861545,6.329109423692168
P12_R44,12,44,0.4901960784313725,0.4705882352941176,0.12,51,0.6938775510204082,-7.352941176470588,10,0.196078431372549,11,0.2156862745098039,4,2,5,1,0.55,6,0.0,0,0.3333333333333333,0.3333333333333333,0.6,0.2,30,0.8214285714285714,-5.0,1,2,6,12,4,0.6666666666666666,18,18,0.3333333333333333,0.6111111111111112,0.5333333333333333,867.4792654836408,9.76234759548528
P29_R14,29,14,0.5490196078431373,0.4117647058823529,0.1428571428571428,51,0.7551020408163265,-8.23529411764706,10,0.196078431372549,5,0.0980392156862745,5,1,5,1,0.6,6,0.0,0,0.6666666666666666,0.3055555555555556,0.6388888888888888,0.0909090909090909,36,0.7941176470588235,-4.583333333333334,1,2,16,22,4,1.0,14,14,0.4285714285714285,0.5,0.4666666666666667,383.2483417845209,8.585895223784693
P17_R40,17,40,0.5,0.46,-0.04,50,0.6458333333333334,-7.5,9,0.18,8,0.16,5,1,4,2,0.5,6,0.5,0,0.3333333333333333,0.3666666666666666,0.5666666666666667,0.2727272727272727,30,0.8571428571428571,-5.5,1,2,6,12,4,0.8333333333333334,18,18,0.3888888888888889,0.5555555555555556,0.6,973.9199944280404,9.92914002055715
