pair_id,promoter_id,rbs_id,prom__gc_content,prom__at_content,prom__gc_skew,prom__length,prom__complexity,prom__mfe,prom__gc_motif_count,prom__gc_motif_density,prom__at_motif_count,prom__at_motif_density,prom__dist_minus35,prom__score_minus35,prom__dist_minus10,prom__score_minus10,prom__up_at_content,prom__spacer_length,prom__spacer_gc,prom__has_extended_minus10,prom__discriminator_gc,rbs__gc_content,rbs__at_content,rbs__gc_skew,rbs__length,rbs__complexity,rbs__mfe,rbs__sd_present,rbs__sd_mismatches,rbs__sd_start_pos,rbs__sd_end_pos,rbs__sd_sequence_score,rbs__sd_best_score,rbs__sd_to_start_distance,rbs__spacer_length,rbs__spacer_gc,rbs__spacer_at,rbs__a_rich_before_start,expression_raw,expression_log2
P0_R0,0,0,0.4705882352941176,0.4901960784313725,0.0833333333333333,51,0.7959183673469388,-7.0588235294117645,9,0.1764705882352941,8,0.1568627450980392,5,1,5,1,0.6,6,0.0,0,0.3333333333333333,0.3333333333333333,0.6,0.2,30,0.8214285714285714,-5.0,1,2,6,12,4,0.6666666666666666,18,18,0.3333333333333333,0.6111111111111112,0.6,0.5734111565101595,0.6538957184006533
P0_R1,0,1,0.4705882352941176,0.4901960784313725,0.0833333333333333,51,0.7959183673469388,-7.0588235294117645,9,0.1764705882352941,8,0.1568627450980392,5,1,5,1,0.6,6,0.0,0,0.3333333333333333,0.3333333333333333,0.6,0.0,30,0.8214285714285714,-5.0,1,2,6,12,4,0.6666666666666666,18,18,0.3333333333333333,0.6111111111111112,0.6,0.6112395559529208,0.6881710070748942
P0_R2,0,2,0.4705882352941176,0.4901960784313725,0.0833333333333333,51,0.7959183673469388,-7.0588235294117645,9,0.1764705882352941,8,0.1568627450980392,5,1,5,1,0.6,6,0.0,0,0.3333333333333333,0.3636363636363636,0.5757575757575758,0.0,33,0.8709677419354839,-5.454545454545455,1,2,16,22,4,0.6666666666666666,11,11,0.2727272727272727,0.6363636363636364,0.6,0.940075005172816,0.9561124294737906
P0_R3,0,3,0.4705882352941176,0.4901960784313725,0.0833333333333333,51,0.7959183673469388,-7.0588235294117645,9,0.1764705882352941,8,0.1568627450980392,5,1,5,1,0.6,6,0.0,0,0.3333333333333333,0.4,0.5333333333333333,0.1666666666666666,30,0.8928571428571429,-6.0,1,2,6,12,4,0.8333333333333334,18,18,0.4444444444444444,0.5,0.5333333333333333,1.638017376400994,1.3994540675329676
P0_R4,0,4,0.4705882352941176,0.4901960784313725,0.0833333333333333,51,0.7959183673469388,-7.0588235294117645,9,0.1764705882352941,8,0.1568627450980392,5,1,5,1,0.6,6,0.0,0,0.3333333333333333,0.4,0.5333333333333333,0.1666666666666666,30,0.8214285714285714,-6.0,1,2,6,12,4,0.6666666666666666,18,18,0.4444444444444444,0.5,0.4666666666666667,1.3840986568413403,1.2534439374740605
P0_R5,0,5,0.4705882352941176,0.4901960784313725,0.0833333333333333,51,0.7959183673469388,-7.0588235294117645,9,0.1764705882352941,8,0.1568627450980392,5,1,5,1,0.6,6,0.0,0,0.3333333333333333,0.3636363636363636,0.5757575757575758,0.0,33,0.8709677419354839,-5.454545454545455,1,1,11,17,5,0.8333333333333334,16,16,0.375,0.5625,0.6,2.064810988006515,1.6157981032556925
P0_R6,0,6,0.4705882352941176,0.4901960784313725,0.0833333333333333,51,0.7959183673469388,-7.0588235294117645,9,0.1764705882352941,8,0.1568627450980392,5,1,5,1,0.6,6,0.0,0,0.3333333333333333,0.3,0.6333333333333333,0.1111111111111111,30,0.8214285714285714,-4.5,1,2,6,12,4,0.6666666666666666,18,18,0.2777777777777778,0.6666666666666666,0.6,2.604609061313572,1.849842800135236
P0_R7,0,7,0.4705882352941176,0.4901960784313725,0.0833333333333333,51,0.7959183673469388,-7.0588235294117645,9,0.1764705882352941,8,0.1568627450980392,5,1,5,1,0.6,6,0.0,0,0.3333333333333333,0.3666666666666666,0.5666666666666667,0.2727272727272727,30,0.9285714285714286,-5.5,1,2,6,12,4,0.6666666666666666,18,18,0.3888888888888889,0.5555555555555556,0.4666666666666667,2.524470352640389,1.817406469701186
P0_R8,0,8,0.4705882352941176,0.4901960784313725,0.0833333333333333,51,0.7959183673469388,-7.0588235294117645,9,0.1764705882352941,8,0.1568627450980392,5,1,5,1,0.6,6,0.0,0,0.3333333333333333,0.3333333333333333,0.6060606060606061,-0.0909090909090909,33,0.935483870967742,-5.0,1,1,16,22,5,0.8333333333333334,11,11,0.1818181818181818,0.7272727272727273,0.6666666666666666,2.7788879564704603,1.9179617435143133
P0_R9,0,9,0.4705882352941176,0.4901960784313725,0.0833333333333333,51,0.7959183673469388,-7.0588235294117645,9,0.1764705882352941,8,0.1568627450980392,5,1,5,1,0.6,6,0.0,0,0.3333333333333333,0.4333333333333333,0.5,-0.0769230769230769,30,0.8214285714285714,-6.5,1,2,6,12,4,0.6666666666666666,18,18,0.5,0.4444444444444444,0.4,2.5687428258471057,1.835415940265265
P0_R10,0,10,0.4705882352941176,0.4901960784313725,0.0833333333333333,51,0.7959183673469388,-7.0588235294117645,9,0.1764705882352941,8,0.1568627450980392,5,1,5,1,0.6,6,0.0,0,0.3333333333333333,0.3636363636363636,0.5757575757575758,0.0,33,0.8709677419354839,-5.454545454545455,1,2,13,19,4,0.6666666666666666,14,14,0.3571428571428571,0.5714285714285714,0.5333333333333333,3.3957806688130927,2.1361194035961173
P0_R11,0,11,0.4705882352941176,0.4901960784313725,0.0833333333333333,51,0.7959183673469388,-7.0588235294117645,9,0.1764705882352941,8,0.1568627450980392,5,1,5,1,0.6,6,0.0,0,0.3333333333333333,0.3333333333333333,0.6060606060606061,-0.0909090909090909,33,0.9032258064516128,-5.0,1,2,11,17,4,0.6666666666666666,16,16,0.375,0.5625,0.6,3.734217357280974,2.2431259445754232
P0_R12,0,12,0.4705882352941176,0.4901960784313725,0.0833333333333333,51,0.7959183673469388,-7.0588235294117645,9,0.1764705882352941,8,0.1568627450980392,5,1,5,1,0.6,6,0.0,0,0.3333333333333333,0.3666666666666666,0.5666666666666667,0.2727272727272727,30,0.8214285714285714,-5.5,1,2,6,12,4,0.8333333333333334,18,18,0.3888888888888889,0.5555555555555556,0.6,3.466590863271483,2.1591741107947082
P0_R13,0,13,0.4705882352941176,0.4901960784313725,0.0833333333333333,51,0.7959183673469388,-7.0588235294117645,9,0.1764705882352941,8,0.1568627450980392,5,1,5,1,0.6,6,0.0,0,0.3333333333333333,0.3333333333333333,0.6,0.0,30,0.7857142857142857,-5.0,1,2,6,12,4,0.6666666666666666,18,18,0.3333333333333333,0.6111111111111112,0.5333333333333333,4.1200801767492745,2.3561664019621715
P0_R14,0,14,0.4705882352941176,0.4901960784313725,0.0833333333333333,51,0.7959183673469388,-7.0588235294117645,9,0.1764705882352941,8,0.1568627450980392,5,1,5,1,0.6,6,0.0,0,0.3333333333333333,0.3055555555555556,0.6388888888888888,0.0909090909090909,36,0.7941176470588235,-4.583333333333334,1,2,16,22,4,1.0,14,14,0.4285714285714285,0.5,0.4666666666666667,3.8814877223795667,2.2873209024191934
P0_R15,0,15,0.4705882352941176,0.4901960784313725,0.0833333333333333,51,0.7959183673469388,-7.0588235294117645,9,0.1764705882352941,8,0.1568627450980392,5,1,5,1,0.6,6,0.0,0,0.3333333333333333,0.3333333333333333,0.6060606060606061,0.0909090909090909,33,0.8064516129032258,-5.0,1,2,15,21,4,0.6666666666666666,12,12,0.25,0.6666666666666666,0.6,3.459812610498455,2.156983093198467
P0_R16,0,16,0.4705882352941176,0.4901960784313725,0.0833333333333333,51,0.7959183673469388,-7.0588235294117645,9,0.1764705882352941,8,0.1568627450980392,5,1,5,1,0.6,6,0.0,0,0.3333333333333333,0.4,0.5333333333333333,0.1666666666666666,30,0.8214285714285714,-6.0,1,2,6,12,4,0.6666666666666666,18,18,0.4444444444444444,0.5,0.5333333333333333,4.579888538623667,2.480236303706621
P0_R17,0,17,0.4705882352941176,0.4901960784313725,0.0833333333333333,51,0.7959183673469388,-7.0588235294117645,9,0.1764705882352941,8,0.1568627450980392,5,1,5,1,0.6,6,0.0,0,0.3333333333333333,0.3939393939393939,0.5454545454545454,-0.0769230769230769,33,0.9032258064516128,-5.909090909090909,1,1,16,22,5,0.8333333333333334,11,11,0.2727272727272727,0.6363636363636364,0.5333333333333333,3.9053996796870156,2.294370688414168
P0_R18,0,18,0.4705882352941176,0.4901960784313725,0.0833333333333333,51,0.7959183673469388,-7.0588235294117645,9,0.1764705882352941,8,0.1568627450980392,5,1,5,1,0.6,6,0.0,0,0.3333333333333333,0.3636363636363636,0.5757575757575758,-0.1666666666666666,33,0.935483870967742,-5.454545454545455,1,2,16,22,4,0.6666666666666666,11,11,0.2727272727272727,0.6363636363636364,0.6,5.264385146963563,2.6471729151405707
P0_R19,0,19,0.4705882352941176,0.4901960784313725,0.0833333333333333,51,0.7959183673469388,-7.0588235294117645,9,0.1764705882352941,8,0.1568627450980392,5,1,5,1,0.6,6,0.0,0,0.3333333333333333,0.4583333333333333,0.4583333333333333,-0.0909090909090909,24,0.8636363636363636,-6.875,1,2,7,13,4,0.6666666666666666,11,11,0.5454545454545454,0.3636363636363636,0.4666666666666667,4.699155207711873,2.510748082791309
P0_R20,0,20,0.4705882352941176,0.4901960784313725,0.0833333333333333,51,0.7959183673469388,-7.0588235294117645,9,0.1764705882352941,8,0.1568627450980392,5,1,5,1,0.6,6,0.0,0,0.3333333333333333,0.4333333333333333,0.5,0.2307692307692307,30,0.75,-6.5,1,2,6,12,4,0.8333333333333334,18,18,0.5,0.4444444444444444,0.4,5.2607984818475435,2.6463466655188497
P0_R21,0,21,0.4705882352941176,0.4901960784313725,0.0833333333333333,51,0.7959183673469388,-7.0588235294117645,9,0.1764705882352941,8,0.1568627450980392,5,1,5,1,0.6,6,0.0,0,0.3333333333333333,0.3666666666666666,0.5666666666666667,0.0909090909090909,30,0.8214285714285714,-5.5,1,2,6,12,4,0.6666666666666666,18,18,0.3888888888888889,0.5555555555555556,0.5333333333333333,5.1611698475054,2.623204307568871
P0_R22,0,22,0.4705882352941176,0.4901960784313725,0.0833333333333333,51,0.7959183673469388,-7.0588235294117645,9,0.1764705882352941,8,0.1568627450980392,5,1,5,1,0.6,6,0.0,0,0.3333333333333333,0.3529411764705882,0.5294117647058824,-0.6666666666666666,17,0.7333333333333333,-5.294117647058824,0,999,999,999,0,0.3333333333333333,999,999,0.0,0.0,0.6,6.913373346117856,2.984292823935393
P0_R23,0,23,0.4705882352941176,0.4901960784313725,0.0833333333333333,51,0.7959183673469388,-7.0588235294117645,9,0.1764705882352941,8,0.1568627450980392,5,1,5,1,0.6,6,0.0,0,0.3333333333333333,0.3055555555555556,0.6388888888888888,-0.2727272727272727,36,0.6176470588235294,-4.583333333333334,1,2,21,27,4,0.6666666666666666,9,9,0.2222222222222222,0.6666666666666666,0.4666666666666667,5.95220857238173,2.797471364923748
P0_R24,0,24,0.4705882352941176,0.4901960784313725,0.0833333333333333,51,0.7959183673469388,-7.0588235294117645,9,0.1764705882352941,8,0.1568627450980392,5,1,5,1,0.6,6,0.0,0,0.3333333333333333,0.2666666666666666,0.6666666666666666,0.25,30,0.7857142857142857,-4.0,1,2,6,12,4,0.6666666666666666,18,18,0.2222222222222222,0.7222222222222222,0.6666666666666666,5.809946719981929,2.7676435108484263
P0_R25,0,25,0.4705882352941176,0.4901960784313725,0.0833333333333333,51,0.7959183673469388,-7.0588235294117645,9,0.1764705882352941,8,0.1568627450980392,5,1,5,1,0.6,6,0.0,0,0.3333333333333333,0.3666666666666666,0.5666666666666667,0.2727272727272727,30,0.8214285714285714,-5.5,1,2,6,12,4,0.6666666666666666,18,18,0.3888888888888889,0.5555555555555556,0.5333333333333333,5.974173923047981,2.802022342719446
P0_R26,0,26,0.4705882352941176,0.4901960784313725,0.0833333333333333,51,0.7959183673469388,-7.0588235294117645,9,0.1764705882352941,8,0.1568627450980392,5,1,5,1,0.6,6,0.0,0,0.3333333333333333,0.4,0.5333333333333333,0.3333333333333333,30,0.7857142857142857,-6.0,1,2,6,12,4,0.8333333333333334,18,18,0.4444444444444444,0.5,0.4666666666666667,7.34204591009853,3.060401252060418
P0_R27,0,27,0.4705882352941176,0.4901960784313725,0.0833333333333333,51,0.7959183673469388,-7.0588235294117645,9,0.1764705882352941,8,0.1568627450980392,5,1,5,1,0.6,6,0.0,0,0.3333333333333333,0.3333333333333333,0.6060606060606061,-0.0909090909090909,33,0.8387096774193549,-5.0,0,999,999,999,0,0.5,999,999,0.0,0.0,0.7333333333333333,8.249214385250543,3.2093308304250034
P0_R28,0,28,0.4705882352941176,0.4901960784313725,0.0833333333333333,51,0.7959183673469388,-7.0588235294117645,9,0.1764705882352941,8,0.1568627450980392,5,1,5,1,0.6,6,0.0,0,0.3333333333333333,0.3939393939393939,0.5454545454545454,0.0769230769230769,33,0.8709677419354839,-5.909090909090909,1,2,11,17,4,0.6666666666666666,16,16,0.4375,0.5,0.5333333333333333,8.885500708509076,3.305314041461652
P0_R29,0,29,0.4705882352941176,0.4901960784313725,0.0833333333333333,51,0.7959183673469388,-7.0588235294117645,9,0.1764705882352941,8,0.1568627450980392,5,1,5,1,0.6,6,0.0,0,0.3333333333333333,0.3666666666666666,0.5666666666666667,0.0909090909090909,30,0.7857142857142857,-5.5,1,2,6,12,4,0.6666666666666666,18,18,0.3888888888888889,0.5555555555555556,0.6,9.44628876453121,3.3849185843725413
P0_R30,0,30,0.4705882352941176,0.4901960784313725,0.0833333333333333,51,0.7959183673469388,-7.0588235294117645,9,0.1764705882352941,8,0.1568627450980392,5,1,5,1,0.6,6,0.0,0,0.3333333333333333,0.4,0.5333333333333333,0.0,30,0.8214285714285714,-6.0,1,2,6,12,4,0.6666666666666666,18,18,0.4444444444444444,0.5,0.5333333333333333,12.622034578992544,3.7678702944052107
P0_R31,0,31,0.4705882352941176,0.4901960784313725,0.0833333333333333,51,0.7959183673469388,-7.0588235294117645,9,0.1764705882352941,8,0.1568627450980392,5,1,5,1,0.6,6,0.0,0,0.3333333333333333,0.4333333333333333,0.5,-0.0769230769230769,30,0.7857142857142857,-6.5,1,2,6,12,4,0.6666666666666666,18,18,0.5,0.4444444444444444,0.4666666666666667,10.745526978043948,3.5540395380420864
P0_R32,0,32,0.4705882352941176,0.4901960784313725,0.0833333333333333,51,0.7959183673469388,-7.0588235294117645,9,0.1764705882352941,8,0.1568627450980392,5,1,5,1,0.6,6,0.0,0,0.3333333333333333,0.4,0.5333333333333333,0.1666666666666666,30,0.8571428571428571,-6.0,1,2,6,12,4,0.8333333333333334,18,18,0.4444444444444444,0.5,0.5333333333333333,12.30064782771129,3.733424610919473
P0_R33,0,33,0.4705882352941176,0.4901960784313725,0.0833333333333333,51,0.7959183673469388,-7.0588235294117645,9,0.1764705882352941,8,0.1568627450980392,5,1,5,1,0.6,6,0.0,0,0.3333333333333333,0.3636363636363636,0.5757575757575758,0.0,33,0.7419354838709677,-5.454545454545455,1,2,13,19,4,0.6666666666666666,14,14,0.2142857142857142,0.7142857142857143,0.6666666666666666,14.70504691885927,3.9731563479380156
P0_R34,0,34,0.4705882352941176,0.4901960784313725,0.0833333333333333,51,0.7959183673469388,-7.0588235294117645,9,0.1764705882352941,8,0.1568627450980392,5,1,5,1,0.6,6,0.0,0,0.3333333333333333,0.3666666666666666,0.5666666666666667,0.0909090909090909,30,0.8571428571428571,-5.5,1,2,6,12,4,0.6666666666666666,18,18,0.3888888888888889,0.5555555555555556,0.4666666666666667,19.667148834538953,4.369267468363317
P0_R35,0,35,0.4705882352941176,0.4901960784313725,0.0833333333333333,51,0.7959183673469388,-7.0588235294117645,9,0.1764705882352941,8,0.1568627450980392,5,1,5,1,0.6,6,0.0,0,0.3333333333333333,0.303030303030303,0.6363636363636364,0.0,33,0.8064516129032258,-4.545454545454546,1,2,16,22,4,0.6666666666666666,11,11,0.2727272727272727,0.6363636363636364,0.6,21.410787381051517,4.486121432302506
P0_R36,0,36,0.4705882352941176,0.4901960784313725,0.0833333333333333,51,0.7959183673469388,-7.0588235294117645,9,0.1764705882352941,8,0.1568627450980392,5,1,5,1,0.6,6,0.0,0,0.3333333333333333,0.3636363636363636,0.5757575757575758,0.0,33,0.9032258064516128,-5.454545454545455,0,999,999,999,0,0.5,999,999,0.0,0.0,0.6,19.06191280840152,4.3263872615370325
P0_R37,0,37,0.4705882352941176,0.4901960784313725,0.0833333333333333,51,0.7959183673469388,-7.0588235294117645,9,0.1764705882352941,8,0.1568627450980392,5,1,5,1,0.6,6,0.0,0,0.3333333333333333,0.3333333333333333,0.6060606060606061,-0.0909090909090909,33,0.8064516129032258,-5.0,0,999,999,999,0,0.5,999,999,0.0,0.0,0.6,21.56034397757627,4.495717159563796
P0_R38,0,38,0.4705882352941176,0.4901960784313725,0.0833333333333333,51,0.7959183673469388,-7.0588235294117645,9,0.1764705882352941,8,0.1568627450980392,5,1,5,1,0.6,6,0.0,0,0.3333333333333333,0.3636363636363636,0.5757575757575758,-0.1666666666666666,33,0.8064516129032258,-5.454545454545455,0,999,999,999,0,0.5,999,999,0.0,0.0,0.6666666666666666,22.391838631434045,4.547933358894965
P0_R39,0,39,0.4705882352941176,0.4901960784313725,0.0833333333333333,51,0.7959183673469388,-7.0588235294117645,9,0.1764705882352941,8,0.1568627450980392,5,1,5,1,0.6,6,0.0,0,0.3333333333333333,0.3939393939393939,0.5454545454545454,-0.0769230769230769,33,0.8709677419354839,-5.909090909090909,1,2,16,22,4,0.6666666666666666,11,11,0.1818181818181818,0.7272727272727273,0.6,29.727613188356422,4.9414638027536295
P0_R40,0,40,0.4705882352941176,0.4901960784313725,0.0833333333333333,51,0.7959183673469388,-7.0588235294117645,9,0.1764705882352941,8,0.1568627450980392,5,1,5,1,0.6,6,0.0,0,0.3333333333333333,0.3666666666666666,0.5666666666666667,0.2727272727272727,30,0.8571428571428571,-5.5,1,2,6,12,4,0.8333333333333334,18,18,0.3888888888888889,0.5555555555555556,0.6,31.652080182752705,5.029103000096867
P0_R41,0,41,0.4705882352941176,0.4901960784313725,0.0833333333333333,51,0.7959183673469388,-7.0588235294117645,9,0.1764705882352941,8,0.1568627450980392,5,1,5,1,0.6,6,0.0,0,0.3333333333333333,0.4,0.5333333333333333,0.1666666666666666,30,0.7857142857142857,-6.0,1,2,6,12,4,0.6666666666666666,18,18,0.4444444444444444,0.5,0.5333333333333333,34.764862264144114,5.160470980388317
P0_R42,0,42,0.4705882352941176,0.4901960784313725,0.0833333333333333,51,0.7959183673469388,-7.0588235294117645,9,0.1764705882352941,8,0.1568627450980392,5,1,5,1,0.6,6,0.0,0,0.3333333333333333,0.3333333333333333,0.6060606060606061,0.0909090909090909,33,0.8709677419354839,-5.0,0,999,999,999,0,0.5,999,999,0.0,0.0,0.6,32.28217775989987,5.056677931630042
P0_R43,0,43,0.4705882352941176,0.4901960784313725,0.0833333333333333,51,0.7959183673469388,-7.0588235294117645,9,0.1764705882352941,8,0.1568627450980392,5,1,5,1,0.6,6,0.0,0,0.3333333333333333,0.4,0.5333333333333333,0.1666666666666666,30,0.8571428571428571,-6.0,1,2,6,12,4,0.6666666666666666,18,18,0.4444444444444444,0.5,0.5333333333333333,77.08851146646671,6.2870384067689775
P0_R44,0,44,0.4705882352941176,0.4901960784313725,0.0833333333333333,51,0.7959183673469388,-7.0588235294117645,9,0.1764705882352941,8,0.1568627450980392,5,1,5,1,0.6,6,0.0,0,0.3333333333333333,0.3333333333333333,0.6,0.2,30,0.8214285714285714,-5.0,1,2,6,12,4,0.6666666666666666,18,18,0.3333333333333333,0.6111111111111112,0.5333333333333333,121.67694573157065,6.938720343390171
P0_R45,0,45,0.4705882352941176,0.4901960784313725,0.0833333333333333,51,0.7959183673469388,-7.0588235294117645,9,0.1764705882352941,8,0.1568627450980392,5,1,5,1,0.6,6,0.0,0,0.3333333333333333,0.3666666666666666,0.5666666666666667,0.0909090909090909,30,0.75,-5.5,1,2,6,12,4,0.6666666666666666,18,18,0.3888888888888889,0.5555555555555556,0.5333333333333333,127.3603917824995,7.004056287917853
P0_R46,0,46,0.4705882352941176,0.4901960784313725,0.0833333333333333,51,0.7959183673469388,-7.0588235294117645,9,0.1764705882352941,8,0.1568627450980392,5,1,5,1,0.6,6,0.0,0,0.3333333333333333,0.3939393939393939,0.5454545454545454,0.0769230769230769,33,0.9032258064516128,-5.909090909090909,0,999,999,999,0,0.5,999,999,0.0,0.0,0.6,164.1708205626695,7.367815029390496
P0_R47,0,47,0.4705882352941176,0.4901960784313725,0.0833333333333333,51,0.7959183673469388,-7.0588235294117645,9,0.1764705882352941,8,0.1568627450980392,5,1,5,1,0.6,6,0.0,0,0.3333333333333333,0.3939393939393939,0.5454545454545454,0.0769230769230769,33,0.935483870967742,-5.909090909090909,1,2,16,22,4,0.6666666666666666,11,11,0.2727272727272727,0.6363636363636364,0.6,197.967695900114,7.636390405730294
P1_R0,1,0,0.4615384615384615,0.5,-0.25,52,0.58,-6.923076923076923,8,0.1538461538461538,8,0.1538461538461538,5,1,3,3,0.6,6,0.5,0,0.3333333333333333,0.3333333333333333,0.6,0.2,30,0.8214285714285714,-5.0,1,2,6,12,4,0.6666666666666666,18,18,0.3333333333333333,0.6111111111111112,0.6,0.6675634355857353,0.7377416438471722
P1_R1,1,1,0.4615384615384615,0.5,-0.25,52,0.58,-6.923076923076923,8,0.1538461538461538,8,0.1538461538461538,5,1,3,3,0.6,6,0.5,0,0.3333333333333333,0.3333333333333333,0.6,0.0,30,0.8214285714285714,-5.0,1,2,6,12,4,0.6666666666666666,18,18,0.3333333333333333,0.6111111111111112,0.6,0.7943509518547868,0.843462090359059
P1_R2,1,2,0.4615384615384615,0.5,-0.25,52,0.58,-6.923076923076923,8,0.1538461538461538,8,0.1538461538461538,5,1,3,3,0.6,6,0.5,0,0.3333333333333333,0.3636363636363636,0.5757575757575758,0.0,33,0.8709677419354839,-5.454545454545455,1,2,16,22,4,0.6666666666666666,11,11,0.2727272727272727,0.6363636363636364,0.6,0.9655151885945257,0.9749075122867259
P1_R3,1,3,0.4615384615384615,0.5,-0.25,52,0.58,-6.923076923076923,8,0.1538461538461538,8,0.1538461538461538,5,1,3,3,0.6,6,0.5,0,0.3333333333333333,0.4,0.5333333333333333,0.1666666666666666,30,0.8928571428571429,-6.0,1,2,6,12,4,0.8333333333333334,18,18,0.4444444444444444,0.5,0.5333333333333333,1.7211575487306185,1.4442204877130285
P1_R4,1,4,0.4615384615384615,0.5,-0.25,52,0.58,-6.923076923076923,8,0.1538461538461538,8,0.1538461538461538,5,1,3,3,0.6,6,0.5,0,0.3333333333333333,0.4,0.5333333333333333,0.1666666666666666,30,0.8214285714285714,-6.0,1,2,6,12,4,0.6666666666666666,18,18,0.4444444444444444,0.5,0.4666666666666667,1.640552346270445,1.4008397416578742
P1_R5,1,5,0.4615384615384615,0.5,-0.25,52,0.58,-6.923076923076923,8,0.1538461538461538,8,0.1538461538461538,5,1,3,3,0.6,6,0.5,0,0.3333333333333333,0.3636363636363636,0.5757575757575758,0.0,33,0.8709677419354839,-5.454545454545455,1,1,11,17,5,0.8333333333333334,16,16,0.375,0.5625,0.6,2.6335081966398888,1.8613631608256715
P1_R6,1,6,0.4615384615384615,0.5,-0.25,52,0.58,-6.923076923076923,8,0.1538461538461538,8,0.1538461538461538,5,1,3,3,0.6,6,0.5,0,0.3333333333333333,0.3,0.6333333333333333,0.1111111111111111,30,0.8214285714285714,-4.5,1,2,6,12,4,0.6666666666666666,18,18,0.2777777777777778,0.6666666666666666,0.6,2.6207291241350053,1.856280249201608
P1_R7,1,7,0.4615384615384615,0.5,-0.25,52,0.58,-6.923076923076923,8,0.1538461538461538,8,0.1538461538461538,5,1,3,3,0.6,6,0.5,0,0.3333333333333333,0.3666666666666666,0.5666666666666667,0.2727272727272727,30,0.9285714285714286,-5.5,1,2,6,12,4,0.6666666666666666,18,18,0.3888888888888889,0.5555555555555556,0.4666666666666667,2.64729384808889,1.8668264366092722
P1_R8,1,8,0.4615384615384615,0.5,-0.25,52,0.58,-6.923076923076923,8,0.1538461538461538,8,0.1538461538461538,5,1,3,3,0.6,6,0.5,0,0.3333333333333333,0.3333333333333333,0.6060606060606061,-0.0909090909090909,33,0.935483870967742,-5.0,1,1,16,22,5,0.8333333333333334,11,11,0.1818181818181818,0.7272727272727273,0.6666666666666666,2.9423294741956525,1.9790483524658968
P1_R9,1,9,0.4615384615384615,0.5,-0.25,52,0.58,-6.923076923076923,8,0.1538461538461538,8,0.1538461538461538,5,1,3,3,0.6,6,0.5,0,0.3333333333333333,0.4333333333333333,0.5,-0.0769230769230769,30,0.8214285714285714,-6.5,1,2,6,12,4,0.6666666666666666,18,18,0.5,0.4444444444444444,0.4,4.02094250866257,2.3279582057979975
P1_R10,1,10,0.4615384615384615,0.5,-0.25,52,0.58,-6.923076923076923,8,0.1538461538461538,8,0.1538461538461538,5,1,3,3,0.6,6,0.5,0,0.3333333333333333,0.3636363636363636,0.5757575757575758,0.0,33,0.8709677419354839,-5.454545454545455,1,2,13,19,4,0.6666666666666666,14,14,0.3571428571428571,0.5714285714285714,0.5333333333333333,2.8767214360945648,1.9548370731846965
P1_R11,1,11,0.4615384615384615,0.5,-0.25,52,0.58,-6.923076923076923,8,0.1538461538461538,8,0.1538461538461538,5,1,3,3,0.6,6,0.5,0,0.3333333333333333,0.3333333333333333,0.6060606060606061,-0.0909090909090909,33,0.9032258064516128,-5.0,1,2,11,17,4,0.6666666666666666,16,16,0.375,0.5625,0.6,4.229201287998064,2.386590605011181
P1_R12,1,12,0.4615384615384615,0.5,-0.25,52,0.58,-6.923076923076923,8,0.1538461538461538,8,0.1538461538461538,5,1,3,3,0.6,6,0.5,0,0.3333333333333333,0.3666666666666666,0.5666666666666667,0.2727272727272727,30,0.8214285714285714,-5.5,1,2,6,12,4,0.8333333333333334,18,18,0.3888888888888889,0.5555555555555556,0.6,2.9350911773064654,1.976397063820168
P1_R13,1,13,0.4615384615384615,0.5,-0.25,52,0.58,-6.923076923076923,8,0.1538461538461538,8,0.1538461538461538,5,1,3,3,0.6,6,0.5,0,0.3333333333333333,0.3333333333333333,0.6,0.0,30,0.7857142857142857,-5.0,1,2,6,12,4,0.6666666666666666,18,18,0.3333333333333333,0.6111111111111112,0.5333333333333333,3.641718282235887,2.214658964484487
P1_R14,1,14,0.4615384615384615,0.5,-0.25,52,0.58,-6.923076923076923,8,0.1538461538461538,8,0.1538461538461538,5,1,3,3,0.6,6,0.5,0,0.3333333333333333,0.3055555555555556,0.6388888888888888,0.0909090909090909,36,0.7941176470588235,-4.583333333333334,1,2,16,22,4,1.0,14,14,0.4285714285714285,0.5,0.4666666666666667,4.081265084129357,2.3451877299461046
P1_R15,1,15,0.4615384615384615,0.5,-0.25,52,0.58,-6.923076923076923,8,0.1538461538461538,8,0.1538461538461538,5,1,3,3,0.6,6,0.5,0,0.3333333333333333,0.3333333333333333,0.6060606060606061,0.0909090909090909,33,0.8064516129032258,-5.0,1,2,15,21,4,0.6666666666666666,12,12,0.25,0.6666666666666666,0.6,4.730086953523427,2.518557031908045
P1_R16,1,16,0.4615384615384615,0.5,-0.25,52,0.58,-6.923076923076923,8,0.1538461538461538,8,0.1538461538461538,5,1,3,3,0.6,6,0.5,0,0.3333333333333333,0.4,0.5333333333333333,0.1666666666666666,30,0.8214285714285714,-6.0,1,2,6,12,4,0.6666666666666666,18,18,0.4444444444444444,0.5,0.5333333333333333,5.306582167763413,2.6568583529864274
P1_R17,1,17,0.4615384615384615,0.5,-0.25,52,0.58,-6.923076923076923,8,0.1538461538461538,8,0.1538461538461538,5,1,3,3,0.6,6,0.5,0,0.3333333333333333,0.3939393939393939,0.5454545454545454,-0.0769230769230769,33,0.9032258064516128,-5.909090909090909,1,1,16,22,5,0.8333333333333334,11,11,0.2727272727272727,0.6363636363636364,0.5333333333333333,5.590655493115253,2.7204219598672603
P1_R18,1,18,0.4615384615384615,0.5,-0.25,52,0.58,-6.923076923076923,8,0.1538461538461538,8,0.1538461538461538,5,1,3,3,0.6,6,0.5,0,0.3333333333333333,0.3636363636363636,0.5757575757575758,-0.1666666666666666,33,0.935483870967742,-5.454545454545455,1,2,16,22,4,0.6666666666666666,11,11,0.2727272727272727,0.6363636363636364,0.6,4.820077416024316,2.541038343334857
P1_R19,1,19,0.4615384615384615,0.5,-0.25,52,0.58,-6.923076923076923,8,0.1538461538461538,8,0.1538461538461538,5,1,3,3,0.6,6,0.5,0,0.3333333333333333,0.4583333333333333,0.4583333333333333,-0.0909090909090909,24,0.8636363636363636,-6.875,1,2,7,13,4,0.6666666666666666,11,11,0.5454545454545454,0.3636363636363636,0.4666666666666667,4.861858659797253,2.5513581824136886
P1_R20,1,20,0.4615384615384615,0.5,-0.25,52,0.58,-6.923076923076923,8,0.1538461538461538,8,0.1538461538461538,5,1,3,3,0.6,6,0.5,0,0.3333333333333333,0.4333333333333333,0.5,0.2307692307692307,30,0.75,-6.5,1,2,6,12,4,0.8333333333333334,18,18,0.5,0.4444444444444444,0.4,6.770740715599687,2.958052124474609
P1_R21,1,21,0.4615384615384615,0.5,-0.25,52,0.58,-6.923076923076923,8,0.1538461538461538,8,0.1538461538461538,5,1,3,3,0.6,6,0.5,0,0.3333333333333333,0.3666666666666666,0.5666666666666667,0.0909090909090909,30,0.8214285714285714,-5.5,1,2,6,12,4,0.6666666666666666,18,18,0.3888888888888889,0.5555555555555556,0.5333333333333333,6.113558375500506,2.8305714116710443
P1_R22,1,22,0.4615384615384615,0.5,-0.25,52,0.58,-6.923076923076923,8,0.1538461538461538,8,0.1538461538461538,5,1,3,3,0.6,6,0.5,0,0.3333333333333333,0.3529411764705882,0.5294117647058824,-0.6666666666666666,17,0.7333333333333333,-5.294117647058824,0,999,999,999,0,0.3333333333333333,999,999,0.0,0.0,0.6,5.231120450477333,2.639491605144248
P1_R23,1,23,0.4615384615384615,0.5,-0.25,52,0.58,-6.923076923076923,8,0.1538461538461538,8,0.1538461538461538,5,1,3,3,0.6,6,0.5,0,0.3333333333333333,0.3055555555555556,0.6388888888888888,-0.2727272727272727,36,0.6176470588235294,-4.583333333333334,1,2,21,27,4,0.6666666666666666,9,9,0.2222222222222222,0.6666666666666666,0.4666666666666667,5.656756194144056,2.734819330049609
P1_R24,1,24,0.4615384615384615,0.5,-0.25,52,0.58,-6.923076923076923,8,0.1538461538461538,8,0.1538461538461538,5,1,3,3,0.6,6,0.5,0,0.3333333333333333,0.2666666666666666,0.6666666666666666,0.25,30,0.7857142857142857,-4.0,1,2,6,12,4,0.6666666666666666,18,18,0.2222222222222222,0.7222222222222222,0.6666666666666666,5.940567506743678,2.795053631923291
P1_R25,1,25,0.4615384615384615,0.5,-0.25,52,0.58,-6.923076923076923,8,0.1538461538461538,8,0.1538461538461538,5,1,3,3,0.6,6,0.5,0,0.3333333333333333,0.3666666666666666,0.5666666666666667,0.2727272727272727,30,0.8214285714285714,-5.5,1,2,6,12,4,0.6666666666666666,18,18,0.3888888888888889,0.5555555555555556,0.5333333333333333,7.4688565467495,3.0821671920254796
P1_R26,1,26,0.4615384615384615,0.5,-0.25,52,0.58,-6.923076923076923,8,0.1538461538461538,8,0.1538461538461538,5,1,3,3,0.6,6,0.5,0,0.3333333333333333,0.4,0.5333333333333333,0.3333333333333333,30,0.7857142857142857,-6.0,1,2,6,12,4,0.8333333333333334,18,18,0.4444444444444444,0.5,0.4666666666666667,7.621985945644962,3.1080202108387387
P1_R27,1,27,0.4615384615384615,0.5,-0.25,52,0.58,-6.923076923076923,8,0.1538461538461538,8,0.1538461538461538,5,1,3,3,0.6,6,0.5,0,0.3333333333333333,0.3333333333333333,0.6060606060606061,-0.0909090909090909,33,0.8387096774193549,-5.0,0,999,999,999,0,0.5,999,999,0.0,0.0,0.7333333333333333,9.533158607044596,3.396866221033045
P1_R28,1,28,0.4615384615384615,0.5,-0.25,52,0.58,-6.923076923076923,8,0.1538461538461538,8,0.1538461538461538,5,1,3,3,0.6,6,0.5,0,0.3333333333333333,0.3939393939393939,0.5454545454545454,0.0769230769230769,33,0.8709677419354839,-5.909090909090909,1,2,11,17,4,0.6666666666666666,16,16,0.4375,0.5,0.5333333333333333,8.622068003585737,3.2663469956464093
P1_R29,1,29,0.4615384615384615,0.5,-0.25,52,0.58,-6.923076923076923,8,0.1538461538461538,8,0.1538461538461538,5,1,3,3,0.6,6,0.5,0,0.3333333333333333,0.3666666666666666,0.5666666666666667,0.0909090909090909,30,0.7857142857142857,-5.5,1,2,6,12,4,0.6666666666666666,18,18,0.3888888888888889,0.5555555555555556,0.6,9.980983994134167,3.4569354333699236
P1_R30,1,30,0.4615384615384615,0.5,-0.25,52,0.58,-6.923076923076923,8,0.1538461538461538,8,0.1538461538461538,5,1,3,3,0.6,6,0.5,0,0.3333333333333333,0.4,0.5333333333333333,0.0,30,0.8214285714285714,-6.0,1,2,6,12,4,0.6666666666666666,18,18,0.4444444444444444,0.5,0.5333333333333333,11.066664810447291,3.5929550695444084
P1_R31,1,31,0.4615384615384615,0.5,-0.25,52,0.58,-6.923076923076923,8,0.1538461538461538,8,0.1538461538461538,5,1,3,3,0.6,6,0.5,0,0.3333333333333333,0.4333333333333333,0.5,-0.0769230769230769,30,0.7857142857142857,-6.5,1,2,6,12,4,0.6666666666666666,18,18,0.5,0.4444444444444444,0.4666666666666667,12.000541601595529,3.7004998219610887
P1_R32,1,32,0.4615384615384615,0.5,-0.25,52,0.58,-6.923076923076923,8,0.1538461538461538,8,0.1538461538461538,5,1,3,3,0.6,6,0.5,0,0.3333333333333333,0.4,0.5333333333333333,0.1666666666666666,30,0.8571428571428571,-6.0,1,2,6,12,4,0.8333333333333334,18,18,0.4444444444444444,0.5,0.5333333333333333,15.65681934111507,4.058041035873795
P1_R33,1,33,0.4615384615384615,0.5,-0.25,52,0.58,-6.923076923076923,8,0.1538461538461538,8,0.1538461538461538,5,1,3,3,0.6,6,0.5,0,0.3333333333333333,0.3636363636363636,0.5757575757575758,0.0,33,0.7419354838709677,-5.454545454545455,1,2,13,19,4,0.6666666666666666,14,14,0.2142857142857142,0.7142857142857143,0.6666666666666666,16.55800579290081,4.134057090326098
P1_R34,1,34,0.4615384615384615,0.5,-0.25,52,0.58,-6.923076923076923,8,0.1538461538461538,8,0.1538461538461538,5,1,3,3,0.6,6,0.5,0,0.3333333333333333,0.3666666666666666,0.5666666666666667,0.0909090909090909,30,0.8571428571428571,-5.5,1,2,6,12,4,0.6666666666666666,18,18,0.3888888888888889,0.5555555555555556,0.4666666666666667,18.690149481885275,4.299402158689348
P1_R35,1,35,0.4615384615384615,0.5,-0.25,52,0.58,-6.923076923076923,8,0.1538461538461538,8,0.1538461538461538,5,1,3,3,0.6,6,0.5,0,0.3333333333333333,0.303030303030303,0.6363636363636364,0.0,33,0.8064516129032258,-4.545454545454546,1,2,16,22,4,0.6666666666666666,11,11,0.2727272727272727,0.6363636363636364,0.6,18.787472438381965,4.3065154357469835
P1_R36,1,36,0.4615384615384615,0.5,-0.25,52,0.58,-6.923076923076923,8,0.1538461538461538,8,0.1538461538461538,5,1,3,3,0.6,6,0.5,0,0.3333333333333333,0.3636363636363636,0.5757575757575758,0.0,33,0.9032258064516128,-5.454545454545455,0,999,999,999,0,0.5,999,999,0.0,0.0,0.6,17.83763159175696,4.235545684805331
P1_R37,1,37,0.4615384615384615,0.5,-0.25,52,0.58,-6.923076923076923,8,0.1538461538461538,8,0.1538461538461538,5,1,3,3,0.6,6,0.5,0,0.3333333333333333,0.3333333333333333,0.6060606060606061,-0.0909090909090909,33,0.8064516129032258,-5.0,0,999,999,999,0,0.5,999,999,0.0,0.0,0.6,28.957434672073827,4.904842182491269
P1_R38,1,38,0.4615384615384615,0.5,-0.25,52,0.58,-6.923076923076923,8,0.1538461538461538,8,0.1538461538461538,5,1,3,3,0.6,6,0.5,0,0.3333333333333333,0.3636363636363636,0.5757575757575758,-0.1666666666666666,33,0.8064516129032258,-5.454545454545455,0,999,999,999,0,0.5,999,999,0.0,0.0,0.6666666666666666,25.993858921670245,4.7545593276833635
P1_R39,1,39,0.4615384615384615,0.5,-0.25,52,0.58,-6.923076923076923,8,0.1538461538461538,8,0.1538461538461538,5,1,3,3,0.6,6,0.5,0,0.3333333333333333,0.3939393939393939,0.5454545454545454,-0.0769230769230769,33,0.8709677419354839,-5.909090909090909,1,2,16,22,4,0.6666666666666666,11,11,0.1818181818181818,0.7272727272727273,0.6,29.73317685880645,4.941724999519345
P1_R40,1,40,0.4615384615384615,0.5,-0.25,52,0.58,-6.923076923076923,8,0.1538461538461538,8,0.1538461538461538,5,1,3,3,0.6,6,0.5,0,0.3333333333333333,0.3666666666666666,0.5666666666666667,0.2727272727272727,30,0.8571428571428571,-5.5,1,2,6,12,4,0.8333333333333334,18,18,0.3888888888888889,0.5555555555555556,0.6,33.49277292513311,5.108222208740681
P1_R41,1,41,0.4615384615384615,0.5,-0.25,52,0.58,-6.923076923076923,8,0.1538461538461538,8,0.1538461538461538,5,1,3,3,0.6,6,0.5,0,0.3333333333333333,0.4,0.5333333333333333,0.1666666666666666,30,0.7857142857142857,-6.0,1,2,6,12,4,0.6666666666666666,18,18,0.4444444444444444,0.5,0.5333333333333333,37.713406661818496,5.274761360871051
P1_R42,1,42,0.4615384615384615,0.5,-0.25,52,0.58,-6.923076923076923,8,0.1538461538461538,8,0.1538461538461538,5,1,3,3,0.6,6,0.5,0,0.3333333333333333,0.3333333333333333,0.6060606060606061,0.0909090909090909,33,0.8709677419354839,-5.0,0,999,999,999,0,0.5,999,999,0.0,0.0,0.6,43.382297494583156,5.471912446925412
P1_R43,1,43,0.4615384615384615,0.5,-0.25,52,0.58,-6.923076923076923,8,0.1538461538461538,8,0.1538461538461538,5,1,3,3,0.6,6,0.5,0,0.3333333333333333,0.4,0.5333333333333333,0.1666666666666666,30,0.8571428571428571,-6.0,1,2,6,12,4,0.6666666666666666,18,18,0.4444444444444444,0.5,0.5333333333333333,80.74202357224891,6.353006053458955
P1_R44,1,44,0.4615384615384615,0.5,-0.25,52,0.58,-6.923076923076923,8,0.1538461538461538,8,0.1538461538461538,5,1,3,3,0.6,6,0.5,0,0.3333333333333333,0.3333333333333333,0.6,0.2,30,0.8214285714285714,-5.0,1,2,6,12,4,0.6666666666666666,18,18,0.3333333333333333,0.6111111111111112,0.5333333333333333,123.5040397985719,6.96004874413885
P1_R45,1,45,0.4615384615384615,0.5,-0.25,52,0.58,-6.923076923076923,8,0.1538461538461538,8,0.1538461538461538,5,1,3,3,0.6,6,0.5,0,0.3333333333333333,0.3666666666666666,0.5666666666666667,0.0909090909090909,30,0.75,-5.5,1,2,6,12,4,0.6666666666666666,18,18,0.3888888888888889,0.5555555555555556,0.5333333333333333,134.04314355344195,7.077276582583051
P1_R46,1,46,0.4615384615384615,0.5,-0.25,52,0.58,-6.923076923076923,8,0.1538461538461538,8,0.1538461538461538,5,1,3,3,0.6,6,0.5,0,0.3333333333333333,0.3939393939393939,0.5454545454545454,0.0769230769230769,33,0.9032258064516128,-5.909090909090909,0,999,999,999,0,0.5,999,999,0.0,0.0,0.6,123.09974116862753,6.955356296257282
P1_R47,1,47,0.4615384615384615,0.5,-0.25,52,0.58,-6.923076923076923,8,0.1538461538461538,8,0.1538461538461538,5,1,3,3,0.6,6,0.5,0,0.3333333333333333,0.3939393939393939,0.5454545454545454,0.0769230769230769,33,0.935483870967742,-5.909090909090909,1,2,16,22,4,0.6666666666666666,11,11,0.2727272727272727,0.6363636363636364,0.6,169.59268643692937,7.4144119872671315
P2_R0,2,0,0.3174603174603174,0.6507936507936508,-0.1,63,0.5573770491803278,-4.761904761904762,7,0.1111111111111111,12,0.1904761904761904,4,2,4,2,0.8,6,0.0,1,0.0,0.3333333333333333,0.6,0.2,30,0.8214285714285714,-5.0,1,2,6,12,4,0.6666666666666666,18,18,0.3333333333333333,0.6111111111111112,0.6,0.531951450227442,0.6153705768803838
P2_R1,2,1,0.3174603174603174,0.6507936507936508,-0.1,63,0.5573770491803278,-4.761904761904762,7,0.1111111111111111,12,0.1904761904761904,4,2,4,2,0.8,6,0.0,1,0.0,0.3333333333333333,0.6,0.0,30,0.8214285714285714,-5.0,1,2,6,12,4,0.6666666666666666,18,18,0.3333333333333333,0.6111111111111112,0.6,0.7284807973018494,0.7895045759513206
P2_R2,2,2,0.3174603174603174,0.6507936507936508,-0.1,63,0.5573770491803278,-4.761904761904762,7,0.1111111111111111,12,0.1904761904761904,4,2,4,2,0.8,6,0.0,1,0.0,0.3636363636363636,0.5757575757575758,0.0,33,0.8709677419354839,-5.454545454545455,1,2,16,22,4,0.6666666666666666,11,11,0.2727272727272727,0.6363636363636364,0.6,1.0561862686213288,1.0399709632885565
P2_R3,2,3,0.3174603174603174,0.6507936507936508,-0.1,63,0.5573770491803278,-4.761904761904762,7,0.1111111111111111,12,0.1904761904761904,4,2,4,2,0.8,6,0.0,1,0.0,0.4,0.5333333333333333,0.1666666666666666,30,0.8928571428571429,-6.0,1,2,6,12,4,0.8333333333333334,18,18,0.4444444444444444,0.5,0.5333333333333333,1.4705577460499921,1.3048367772856533
P2_R4,2,4,0.3174603174603174,0.6507936507936508,-0.1,63,0.5573770491803278,-4.761904761904762,7,0.1111111111111111,12,0.1904761904761904,4,2,4,2,0.8,6,0.0,1,0.0,0.4,0.5333333333333333,0.1666666666666666,30,0.8214285714285714,-6.0,1,2,6,12,4,0.6666666666666666,18,18,0.4444444444444444,0.5,0.4666666666666667,2.0751672517505924,1.6206648776744235
P2_R5,2,5,0.3174603174603174,0.6507936507936508,-0.1,63,0.5573770491803278,-4.761904761904762,7,0.1111111111111111,12,0.1904761904761904,4,2,4,2,0.8,6,0.0,1,0.0,0.3636363636363636,0.5757575757575758,0.0,33,0.8709677419354839,-5.454545454545455,1,1,11,17,5,0.8333333333333334,16,16,0.375,0.5625,0.6,3.6121804099279373,2.2054489465147955
P2_R6,2,6,0.3174603174603174,0.6507936507936508,-0.1,63,0.5573770491803278,-4.761904761904762,7,0.1111111111111111,12,0.1904761904761904,4,2,4,2,0.8,6,0.0,1,0.0,0.3,0.6333333333333333,0.1111111111111111,30,0.8214285714285714,-4.5,1,2,6,12,4,0.6666666666666666,18,18,0.2777777777777778,0.6666666666666666,0.6,2.868326203746736,1.9517094578666008
P2_R7,2,7,0.3174603174603174,0.6507936507936508,-0.1,63,0.5573770491803278,-4.761904761904762,7,0.1111111111111111,12,0.1904761904761904,4,2,4,2,0.8,6,0.0,1,0.0,0.3666666666666666,0.5666666666666667,0.2727272727272727,30,0.9285714285714286,-5.5,1,2,6,12,4,0.6666666666666666,18,18,0.3888888888888889,0.5555555555555556,0.4666666666666667,3.5013784139160187,2.170366851755683
P2_R8,2,8,0.3174603174603174,0.6507936507936508,-0.1,63,0.5573770491803278,-4.761904761904762,7,0.1111111111111111,12,0.1904761904761904,4,2,4,2,0.8,6,0.0,1,0.0,0.3333333333333333,0.6060606060606061,-0.0909090909090909,33,0.935483870967742,-5.0,1,1,16,22,5,0.8333333333333334,11,11,0.1818181818181818,0.7272727272727273,0.6666666666666666,2.867928733664763,1.9515612134973788
P2_R9,2,9,0.3174603174603174,0.6507936507936508,-0.1,63,0.5573770491803278,-4.761904761904762,7,0.1111111111111111,12,0.1904761904761904,4,2,4,2,0.8,6,0.0,1,0.0,0.4333333333333333,0.5,-0.0769230769230769,30,0.8214285714285714,-6.5,1,2,6,12,4,0.6666666666666666,18,18,0.5,0.4444444444444444,0.4,3.3522081630913587,2.1217475613395242
P2_R10,2,10,0.3174603174603174,0.6507936507936508,-0.1,63,0.5573770491803278,-4.761904761904762,7,0.1111111111111111,12,0.1904761904761904,4,2,4,2,0.8,6,0.0,1,0.0,0.3636363636363636,0.5757575757575758,0.0,33,0.8709677419354839,-5.454545454545455,1,2,13,19,4,0.6666666666666666,14,14,0.3571428571428571,0.5714285714285714,0.5333333333333333,3.056230814441364,2.020139749327305
P2_R11,2,11,0.3174603174603174,0.6507936507936508,-0.1,63,0.5573770491803278,-4.761904761904762,7,0.1111111111111111,12,0.1904761904761904,4,2,4,2,0.8,6,0.0,1,0.0,0.3333333333333333,0.6060606060606061,-0.0909090909090909,33,0.9032258064516128,-5.0,1,2,11,17,4,0.6666666666666666,16,16,0.375,0.5625,0.6,3.739964883811827,2.2448763709087247
P2_R12,2,12,0.3174603174603174,0.6507936507936508,-0.1,63,0.5573770491803278,-4.761904761904762,7,0.1111111111111111,12,0.1904761904761904,4,2,4,2,0.8,6,0.0,1,0.0,0.3666666666666666,0.5666666666666667,0.2727272727272727,30,0.8214285714285714,-5.5,1,2,6,12,4,0.8333333333333334,18,18,0.3888888888888889,0.5555555555555556,0.6,4.610678318497305,2.488175199991668
P2_R13,2,13,0.3174603174603174,0.6507936507936508,-0.1,63,0.5573770491803278,-4.761904761904762,7,0.1111111111111111,12,0.1904761904761904,4,2,4,2,0.8,6,0.0,1,0.0,0.3333333333333333,0.6,0.0,30,0.7857142857142857,-5.0,1,2,6,12,4,0.6666666666666666,18,18,0.3333333333333333,0.6111111111111112,0.5333333333333333,3.1795831364096263,2.0633590578503798
P2_R14,2,14,0.3174603174603174,0.6507936507936508,-0.1,63,0.5573770491803278,-4.761904761904762,7,0.1111111111111111,12,0.1904761904761904,4,2,4,2,0.8,6,0.0,1,0.0,0.3055555555555556,0.6388888888888888,0.0909090909090909,36,0.7941176470588235,-4.583333333333334,1,2,16,22,4,1.0,14,14,0.4285714285714285,0.5,0.4666666666666667,4.573676553413185,2.4786292836892656
P2_R15,2,15,0.3174603174603174,0.6507936507936508,-0.1,63,0.5573770491803278,-4.761904761904762,7,0.1111111111111111,12,0.1904761904761904,4,2,4,2,0.8,6,0.0,1,0.0,0.3333333333333333,0.6060606060606061,0.0909090909090909,33,0.8064516129032258,-5.0,1,2,15,21,4,0.6666666666666666,12,12,0.25,0.6666666666666666,0.6,4.829922193678923,2.543476629301824
P2_R16,2,16,0.3174603174603174,0.6507936507936508,-0.1,63,0.5573770491803278,-4.761904761904762,7,0.1111111111111111,12,0.1904761904761904,4,2,4,2,0.8,6,0.0,1,0.0,0.4,0.5333333333333333,0.1666666666666666,30,0.8214285714285714,-6.0,1,2,6,12,4,0.6666666666666666,18,18,0.4444444444444444,0.5,0.5333333333333333,4.694075916135604,2.5094617279067055
P2_R17,2,17,0.3174603174603174,0.6507936507936508,-0.1,63,0.5573770491803278,-4.761904761904762,7,0.1111111111111111,12,0.1904761904761904,4,2,4,2,0.8,6,0.0,1,0.0,0.3939393939393939,0.5454545454545454,-0.0769230769230769,33,0.9032258064516128,-5.909090909090909,1,1,16,22,5,0.8333333333333334,11,11,0.2727272727272727,0.6363636363636364,0.5333333333333333,4.298841469791756,2.405676965621199
P2_R18,2,18,0.3174603174603174,0.6507936507936508,-0.1,63,0.5573770491803278,-4.761904761904762,7,0.1111111111111111,12,0.1904761904761904,4,2,4,2,0.8,6,0.0,1,0.0,0.3636363636363636,0.5757575757575758,-0.1666666666666666,33,0.935483870967742,-5.454545454545455,1,2,16,22,4,0.6666666666666666,11,11,0.2727272727272727,0.6363636363636364,0.6,5.523865895328732,2.705727126296779
P2_R19,2,19,0.3174603174603174,0.6507936507936508,-0.1,63,0.5573770491803278,-4.761904761904762,7,0.1111111111111111,12,0.1904761904761904,4,2,4,2,0.8,6,0.0,1,0.0,0.4583333333333333,0.4583333333333333,-0.0909090909090909,24,0.8636363636363636,-6.875,1,2,7,13,4,0.6666666666666666,11,11,0.5454545454545454,0.3636363636363636,0.4666666666666667,5.178468984800908,2.6272493847834024
P2_R20,2,20,0.3174603174603174,0.6507936507936508,-0.1,63,0.5573770491803278,-4.761904761904762,7,0.1111111111111111,12,0.1904761904761904,4,2,4,2,0.8,6,0.0,1,0.0,0.4333333333333333,0.5,0.2307692307692307,30,0.75,-6.5,1,2,6,12,4,0.8333333333333334,18,18,0.5,0.4444444444444444,0.4,6.632457002055313,2.932147556938272
P2_R21,2,21,0.3174603174603174,0.6507936507936508,-0.1,63,0.5573770491803278,-4.761904761904762,7,0.1111111111111111,12,0.1904761904761904,4,2,4,2,0.8,6,0.0,1,0.0,0.3666666666666666,0.5666666666666667,0.0909090909090909,30,0.8214285714285714,-5.5,1,2,6,12,4,0.6666666666666666,18,18,0.3888888888888889,0.5555555555555556,0.5333333333333333,6.791299053590879,2.9618638907934858
P2_R22,2,22,0.3174603174603174,0.6507936507936508,-0.1,63,0.5573770491803278,-4.761904761904762,7,0.1111111111111111,12,0.1904761904761904,4,2,4,2,0.8,6,0.0,1,0.0,0.3529411764705882,0.5294117647058824,-0.6666666666666666,17,0.7333333333333333,-5.294117647058824,0,999,999,999,0,0.3333333333333333,999,999,0.0,0.0,0.6,8.665980340869734,3.272916060546873
P2_R23,2,23,0.3174603174603174,0.6507936507936508,-0.1,63,0.5573770491803278,-4.761904761904762,7,0.1111111111111111,12,0.1904761904761904,4,2,4,2,0.8,6,0.0,1,0.0,0.3055555555555556,0.6388888888888888,-0.2727272727272727,36,0.6176470588235294,-4.583333333333334,1,2,21,27,4,0.6666666666666666,9,9,0.2222222222222222,0.6666666666666666,0.4666666666666667,6.959447837486329,2.9926683516545367
P2_R24,2,24,0.3174603174603174,0.6507936507936508,-0.1,63,0.5573770491803278,-4.761904761904762,7,0.1111111111111111,12,0.1904761904761904,4,2,4,2,0.8,6,0.0,1,0.0,0.2666666666666666,0.6666666666666666,0.25,30,0.7857142857142857,-4.0,1,2,6,12,4,0.6666666666666666,18,18,0.2222222222222222,0.7222222222222222,0.6666666666666666,6.292495103319134,2.8664125123994797
P2_R25,2,25,0.3174603174603174,0.6507936507936508,-0.1,63,0.5573770491803278,-4.761904761904762,7,0.1111111111111111,12,0.1904761904761904,4,2,4,2,0.8,6,0.0,1,0.0,0.3666666666666666,0.5666666666666667,0.2727272727272727,30,0.8214285714285714,-5.5,1,2,6,12,4,0.6666666666666666,18,18,0.3888888888888889,0.5555555555555556,0.5333333333333333,7.661585376239123,3.1146311133012863
P2_R26,2,26,0.3174603174603174,0.6507936507936508,-0.1,63,0.5573770491803278,-4.761904761904762,7,0.1111111111111111,12,0.1904761904761904,4,2,4,2,0.8,6,0.0,1,0.0,0.4,0.5333333333333333,0.3333333333333333,30,0.7857142857142857,-6.0,1,2,6,12,4,0.8333333333333334,18,18,0.4444444444444444,0.5,0.4666666666666667,8.296488748052484,3.2166859181245533
P2_R27,2,27,0.3174603174603174,0.6507936507936508,-0.1,63,0.5573770491803278,-4.761904761904762,7,0.1111111111111111,12,0.1904761904761904,4,2,4,2,0.8,6,0.0,1,0.0,0.3333333333333333,0.6060606060606061,-0.0909090909090909,33,0.8387096774193549,-5.0,0,999,999,999,0,0.5,999,999,0.0,0.0,0.7333333333333333,11.338921822621634,3.6251444319100163
P2_R28,2,28,0.3174603174603174,0.6507936507936508,-0.1,63,0.5573770491803278,-4.761904761904762,7,0.1111111111111111,12,0.1904761904761904,4,2,4,2,0.8,6,0.0,1,0.0,0.3939393939393939,0.5454545454545454,0.0769230769230769,33,0.8709677419354839,-5.909090909090909,1,2,11,17,4,0.6666666666666666,16,16,0.4375,0.5,0.5333333333333333,11.210370972396298,3.6100351274736293
P2_R29,2,29,0.3174603174603174,0.6507936507936508,-0.1,63,0.5573770491803278,-4.761904761904762,7,0.1111111111111111,12,0.1904761904761904,4,2,4,2,0.8,6,0.0,1,0.0,0.3666666666666666,0.5666666666666667,0.0909090909090909,30,0.7857142857142857,-5.5,1,2,6,12,4,0.6666666666666666,18,18,0.3888888888888889,0.5555555555555556,0.6,11.062833640324158,3.5924969406533194
P2_R30,2,30,0.3174603174603174,0.6507936507936508,-0.1,63,0.5573770491803278,-4.761904761904762,7,0.1111111111111111,12,0.1904761904761904,4,2,4,2,0.8,6,0.0,1,0.0,0.4,0.5333333333333333,0.0,30,0.8214285714285714,-6.0,1,2,6,12,4,0.6666666666666666,18,18,0.4444444444444444,0.5,0.5333333333333333,13.50086930436902,3.858067485024783
P2_R31,2,31,0.3174603174603174,0.6507936507936508,-0.1,63,0.5573770491803278,-4.761904761904762,7,0.1111111111111111,12,0.1904761904761904,4,2,4,2,0.8,6,0.0,1,0.0,0.4333333333333333,0.5,-0.0769230769230769,30,0.7857142857142857,-6.5,1,2,6,12,4,0.6666666666666666,18,18,0.5,0.4444444444444444,0.4666666666666667,11.315789906628387,3.622437256855724
P2_R32,2,32,0.3174603174603174,0.6507936507936508,-0.1,63,0.5573770491803278,-4.761904761904762,7,0.1111111111111111,12,0.1904761904761904,4,2,4,2,0.8,6,0.0,1,0.0,0.4,0.5333333333333333,0.1666666666666666,30,0.8571428571428571,-6.0,1,2,6,12,4,0.8333333333333334,18,18,0.4444444444444444,0.5,0.5333333333333333,14.290390656974987,3.9345533617352424
P2_R33,2,33,0.3174603174603174,0.6507936507936508,-0.1,63,0.5573770491803278,-4.761904761904762,7,0.1111111111111111,12,0.1904761904761904,4,2,4,2,0.8,6,0.0,1,0.0,0.3636363636363636,0.5757575757575758,0.0,33,0.7419354838709677,-5.454545454545455,1,2,13,19,4,0.6666666666666666,14,14,0.2142857142857142,0.7142857142857143,0.6666666666666666,17.12144892662311,4.179626407649143
P2_R34,2,34,0.3174603174603174,0.6507936507936508,-0.1,63,0.5573770491803278,-4.761904761904762,7,0.1111111111111111,12,0.1904761904761904,4,2,4,2,0.8,6,0.0,1,0.0,0.3666666666666666,0.5666666666666667,0.0909090909090909,30,0.8571428571428571,-5.5,1,2,6,12,4,0.6666666666666666,18,18,0.3888888888888889,0.5555555555555556,0.4666666666666667,20.028234601672466,4.394255830438675
P2_R35,2,35,0.3174603174603174,0.6507936507936508,-0.1,63,0.5573770491803278,-4.761904761904762,7,0.1111111111111111,12,0.1904761904761904,4,2,4,2,0.8,6,0.0,1,0.0,0.303030303030303,0.6363636363636364,0.0,33,0.8064516129032258,-4.545454545454546,1,2,16,22,4,0.6666666666666666,11,11,0.2727272727272727,0.6363636363636364,0.6,17.411098229951506,4.202503781523496
P2_R36,2,36,0.3174603174603174,0.6507936507936508,-0.1,63,0.5573770491803278,-4.761904761904762,7,0.1111111111111111,12,0.1904761904761904,4,2,4,2,0.8,6,0.0,1,0.0,0.3636363636363636,0.5757575757575758,0.0,33,0.9032258064516128,-5.454545454545455,0,999,999,999,0,0.5,999,999,0.0,0.0,0.6,25.257388608251794,4.7146515370411795
P2_R37,2,37,0.3174603174603174,0.6507936507936508,-0.1,63,0.5573770491803278,-4.761904761904762,7,0.1111111111111111,12,0.1904761904761904,4,2,4,2,0.8,6,0.0,1,0.0,0.3333333333333333,0.6060606060606061,-0.0909090909090909,33,0.8064516129032258,-5.0,0,999,999,999,0,0.5,999,999,0.0,0.0,0.6,28.011285633879513,4.858542324808814
P2_R38,2,38,0.3174603174603174,0.6507936507936508,-0.1,63,0.5573770491803278,-4.761904761904762,7,0.1111111111111111,12,0.1904761904761904,4,2,4,2,0.8,6,0.0,1,0.0,0.3636363636363636,0.5757575757575758,-0.1666666666666666,33,0.8064516129032258,-5.454545454545455,0,999,999,999,0,0.5,999,999,0.0,0.0,0.6666666666666666,24.066227372253035,4.647672972554804
P2_R39,2,39,0.3174603174603174,0.6507936507936508,-0.1,63,0.5573770491803278,-4.761904761904762,7,0.1111111111111111,12,0.1904761904761904,4,2,4,2,0.8,6,0.0,1,0.0,0.3939393939393939,0.5454545454545454,-0.0769230769230769,33,0.8709677419354839,-5.909090909090909,1,2,16,22,4,0.6666666666666666,11,11,0.1818181818181818,0.7272727272727273,0.6,27.4183443305614,4.828750599655654
P2_R40,2,40,0.3174603174603174,0.6507936507936508,-0.1,63,0.5573770491803278,-4.761904761904762,7,0.1111111111111111,12,0.1904761904761904,4,2,4,2,0.8,6,0.0,1,0.0,0.3666666666666666,0.5666666666666667,0.2727272727272727,30,0.8571428571428571,-5.5,1,2,6,12,4,0.8333333333333334,18,18,0.3888888888888889,0.5555555555555556,0.6,35.14226518608183,5.17561502362214
P2_R41,2,41,0.3174603174603174,0.6507936507936508,-0.1,63,0.5573770491803278,-4.761904761904762,7,0.1111111111111111,12,0.1904761904761904,4,2,4,2,0.8,6,0.0,1,0.0,0.4,0.5333333333333333,0.1666666666666666,30,0.7857142857142857,-6.0,1,2,6,12,4,0.6666666666666666,18,18,0.4444444444444444,0.5,0.5333333333333333,43.030739679800234,5.460439175442344
P2_R42,2,42,0.3174603174603174,0.6507936507936508,-0.1,63,0.5573770491803278,-4.761904761904762,7,0.1111111111111111,12,0.1904761904761904,4,2,4,2,0.8,6,0.0,1,0.0,0.3333333333333333,0.6060606060606061,0.0909090909090909,33,0.8709677419354839,-5.0,0,999,999,999,0,0.5,999,999,0.0,0.0,0.6,56.99212586939674,5.857785120293743
P2_R43,2,43,0.3174603174603174,0.6507936507936508,-0.1,63,0.5573770491803278,-4.761904761904762,7,0.1111111111111111,12,0.1904761904761904,4,2,4,2,0.8,6,0.0,1,0.0,0.4,0.5333333333333333,0.1666666666666666,30,0.8571428571428571,-6.0,1,2,6,12,4,0.6666666666666666,18,18,0.4444444444444444,0.5,0.5333333333333333,136.49270264042377,7.1032112400931275
P2_R44,2,44,0.3174603174603174,0.6507936507936508,-0.1,63,0.5573770491803278,-4.761904761904762,7,0.1111111111111111,12,0.1904761904761904,4,2,4,2,0.8,6,0.0,1,0.0,0.3333333333333333,0.6,0.2,30,0.8214285714285714,-5.0,1,2,6,12,4,0.6666666666666666,18,18,0.3333333333333333,0.6111111111111112,0.5333333333333333,150.66966786544663,7.2447887823105575
P2_R45,2,45,0.3174603174603174,0.6507936507936508,-0.1,63,0.5573770491803278,-4.761904761904762,7,0.1111111111111111,12,0.1904761904761904,4,2,4,2,0.8,6,0.0,1,0.0,0.3666666666666666,0.5666666666666667,0.0909090909090909,30,0.75,-5.5,1,2,6,12,4,0.6666666666666666,18,18,0.3888888888888889,0.5555555555555556,0.5333333333333333,125.81952145872401,6.98663302787004
P2_R46,2,46,0.3174603174603174,0.6507936507936508,-0.1,63,0.5573770491803278,-4.761904761904762,7,0.1111111111111111,12,0.1904761904761904,4,2,4,2,0.8,6,0.0,1,0.0,0.3939393939393939,0.5454545454545454,0.0769230769230769,33,0.9032258064516128,-5.909090909090909,0,999,999,999,0,0.5,999,999,0.0,0.0,0.6,123.89667297066187,6.964591236355048
P2_R47,2,47,0.3174603174603174,0.6507936507936508,-0.1,63,0.5573770491803278,-4.761904761904762,7,0.1111111111111111,12,0.1904761904761904,4,2,4,2,0.8,6,0.0,1,0.0,0.3939393939393939,0.5454545454545454,0.0769230769230769,33,0.935483870967742,-5.909090909090909,1,2,16,22,4,0.6666666666666666,11,11,0.2727272727272727,0.6363636363636364,0.6,235.98847578061947,7.888673095571741
P3_R0,3,0,0.4918032786885246,0.4754098360655737,-0.0666666666666666,61,0.7627118644067796,-7.377049180327869,9,0.1475409836065573,11,0.180327868852459,6,0,5,1,0.55,6,0.3333333333333333,0,0.6666666666666666,0.3333333333333333,0.6,0.2,30,0.8214285714285714,-5.0,1,2,6,12,4,0.6666666666666666,18,18,0.3333333333333333,0.6111111111111112,0.6,0.5991893937584376,0.67734080889675
P3_R1,3,1,0.4918032786885246,0.4754098360655737,-0.0666666666666666,61,0.7627118644067796,-7.377049180327869,9,0.1475409836065573,11,0.180327868852459,6,0,5,1,0.55,6,0.3333333333333333,0,0.6666666666666666,0.3333333333333333,0.6,0.0,30,0.8214285714285714,-5.0,1,2,6,12,4,0.6666666666666666,18,18,0.3333333333333333,0.6111111111111112,0.6,0.8294861633545747,0.8714385044251689
P3_R2,3,2,0.4918032786885246,0.4754098360655737,-0.0666666666666666,61,0.7627118644067796,-7.377049180327869,9,0.1475409836065573,11,0.180327868852459,6,0,5,1,0.55,6,0.3333333333333333,0,0.6666666666666666,0.3636363636363636,0.5757575757575758,0.0,33,0.8709677419354839,-5.454545454545455,1,2,16,22,4,0.6666666666666666,11,11,0.2727272727272727,0.6363636363636364,0.6,0.9469070281142699,0.9611839917721094
P3_R3,3,3,0.4918032786885246,0.4754098360655737,-0.0666666666666666,61,0.7627118644067796,-7.377049180327869,9,0.1475409836065573,11,0.180327868852459,6,0,5,1,0.55,6,0.3333333333333333,0,0.6666666666666666,0.4,0.5333333333333333,0.1666666666666666,30,0.8928571428571429,-6.0,1,2,6,12,4,0.8333333333333334,18,18,0.4444444444444444,0.5,0.5333333333333333,1.7210020370395551,1.4441380366411616
P3_R4,3,4,0.4918032786885246,0.4754098360655737,-0.0666666666666666,61,0.7627118644067796,-7.377049180327869,9,0.1475409836065573,11,0.180327868852459,6,0,5,1,0.55,6,0.3333333333333333,0,0.6666666666666666,0.4,0.5333333333333333,0.1666666666666666,30,0.8214285714285714,-6.0,1,2,6,12,4,0.6666666666666666,18,18,0.4444444444444444,0.5,0.4666666666666667,2.689149302098944,1.88328817695332
P3_R5,3,5,0.4918032786885246,0.4754098360655737,-0.0666666666666666,61,0.7627118644067796,-7.377049180327869,9,0.1475409836065573,11,0.180327868852459,6,0,5,1,0.55,6,0.3333333333333333,0,0.6666666666666666,0.3636363636363636,0.5757575757575758,0.0,33,0.8709677419354839,-5.454545454545455,1,1,11,17,5,0.8333333333333334,16,16,0.375,0.5625,0.6,3.175758018225466,2.0620381113280293
P3_R6,3,6,0.4918032786885246,0.4754098360655737,-0.0666666666666666,61,0.7627118644067796,-7.377049180327869,9,0.1475409836065573,11,0.180327868852459,6,0,5,1,0.55,6,0.3333333333333333,0,0.6666666666666666,0.3,0.6333333333333333,0.1111111111111111,30,0.8214285714285714,-4.5,1,2,6,12,4,0.6666666666666666,18,18,0.2777777777777778,0.6666666666666666,0.6,3.0830974372420434,2.029663995814008
P3_R7,3,7,0.4918032786885246,0.4754098360655737,-0.0666666666666666,61,0.7627118644067796,-7.377049180327869,9,0.1475409836065573,11,0.180327868852459,6,0,5,1,0.55,6,0.3333333333333333,0,0.6666666666666666,0.3666666666666666,0.5666666666666667,0.2727272727272727,30,0.9285714285714286,-5.5,1,2,6,12,4,0.6666666666666666,18,18,0.3888888888888889,0.5555555555555556,0.4666666666666667,2.8003462014989973,1.9261308502496897
P3_R8,3,8,0.4918032786885246,0.4754098360655737,-0.0666666666666666,61,0.7627118644067796,-7.377049180327869,9,0.1475409836065573,11,0.180327868852459,6,0,5,1,0.55,6,0.3333333333333333,0,0.6666666666666666,0.3333333333333333,0.6060606060606061,-0.0909090909090909,33,0.935483870967742,-5.0,1,1,16,22,5,0.8333333333333334,11,11,0.1818181818181818,0.7272727272727273,0.6666666666666666,2.677790492928898,1.878839298286721
P3_R9,3,9,0.4918032786885246,0.4754098360655737,-0.0666666666666666,61,0.7627118644067796,-7.377049180327869,9,0.1475409836065573,11,0.180327868852459,6,0,5,1,0.55,6,0.3333333333333333,0,0.6666666666666666,0.4333333333333333,0.5,-0.0769230769230769,30,0.8214285714285714,-6.5,1,2,6,12,4,0.6666666666666666,18,18,0.5,0.4444444444444444,0.4,3.353653862871835,2.122226710656814
P3_R10,3,10,0.4918032786885246,0.4754098360655737,-0.0666666666666666,61,0.7627118644067796,-7.377049180327869,9,0.1475409836065573,11,0.180327868852459,6,0,5,1,0.55,6,0.3333333333333333,0,0.6666666666666666,0.3636363636363636,0.5757575757575758,0.0,33,0.8709677419354839,-5.454545454545455,1,2,13,19,4,0.6666666666666666,14,14,0.3571428571428571,0.5714285714285714,0.5333333333333333,3.648003566844525,2.2166111758566704
P3_R11,3,11,0.4918032786885246,0.4754098360655737,-0.0666666666666666,61,0.7627118644067796,-7.377049180327869,9,0.1475409836065573,11,0.180327868852459,6,0,5,1,0.55,6,0.3333333333333333,0,0.6666666666666666,0.3333333333333333,0.6060606060606061,-0.0909090909090909,33,0.9032258064516128,-5.0,1,2,11,17,4,0.6666666666666666,16,16,0.375,0.5625,0.6,5.353135147030485,2.667468709187
P3_R12,3,12,0.4918032786885246,0.4754098360655737,-0.0666666666666666,61,0.7627118644067796,-7.377049180327869,9,0.1475409836065573,11,0.180327868852459,6,0,5,1,0.55,6,0.3333333333333333,0,0.6666666666666666,0.3666666666666666,0.5666666666666667,0.2727272727272727,30,0.8214285714285714,-5.5,1,2,6,12,4,0.8333333333333334,18,18,0.3888888888888889,0.5555555555555556,0.6,4.325084475375724,2.4128044119561207
P3_R13,3,13,0.4918032786885246,0.4754098360655737,-0.0666666666666666,61,0.7627118644067796,-7.377049180327869,9,0.1475409836065573,11,0.180327868852459,6,0,5,1,0.55,6,0.3333333333333333,0,0.6666666666666666,0.3333333333333333,0.6,0.0,30,0.7857142857142857,-5.0,1,2,6,12,4,0.6666666666666666,18,18,0.3333333333333333,0.6111111111111112,0.5333333333333333,4.981947190708063,2.5806151742419714
P3_R14,3,14,0.4918032786885246,0.4754098360655737,-0.0666666666666666,61,0.7627118644067796,-7.377049180327869,9,0.1475409836065573,11,0.180327868852459,6,0,5,1,0.55,6,0.3333333333333333,0,0.6666666666666666,0.3055555555555556,0.6388888888888888,0.0909090909090909,36,0.7941176470588235,-4.583333333333334,1,2,16,22,4,1.0,14,14,0.4285714285714285,0.5,0.4666666666666667,4.148808647910121,2.3642386543185294
P3_R15,3,15,0.4918032786885246,0.4754098360655737,-0.0666666666666666,61,0.7627118644067796,-7.377049180327869,9,0.1475409836065573,11,0.180327868852459,6,0,5,1,0.55,6,0.3333333333333333,0,0.6666666666666666,0.3333333333333333,0.6060606060606061,0.0909090909090909,33,0.8064516129032258,-5.0,1,2,15,21,4,0.6666666666666666,12,12,0.25,0.6666666666666666,0.6,4.071413273663501,2.3423878456075955
P3_R16,3,16,0.4918032786885246,0.4754098360655737,-0.0666666666666666,61,0.7627118644067796,-7.377049180327869,9,0.1475409836065573,11,0.180327868852459,6,0,5,1,0.55,6,0.3333333333333333,0,0.6666666666666666,0.4,0.5333333333333333,0.1666666666666666,30,0.8214285714285714,-6.0,1,2,6,12,4,0.6666666666666666,18,18,0.4444444444444444,0.5,0.5333333333333333,4.633061945996871,2.4939193367809223
P3_R17,3,17,0.4918032786885246,0.4754098360655737,-0.0666666666666666,61,0.7627118644067796,-7.377049180327869,9,0.1475409836065573,11,0.180327868852459,6,0,5,1,0.55,6,0.3333333333333333,0,0.6666666666666666,0.3939393939393939,0.5454545454545454,-0.0769230769230769,33,0.9032258064516128,-5.909090909090909,1,1,16,22,5,0.8333333333333334,11,11,0.2727272727272727,0.6363636363636364,0.5333333333333333,4.997971133866914,2.5844745790377193
P3_R18,3,18,0.4918032786885246,0.4754098360655737,-0.0666666666666666,61,0.7627118644067796,-7.377049180327869,9,0.1475409836065573,11,0.180327868852459,6,0,5,1,0.55,6,0.3333333333333333,0,0.6666666666666666,0.3636363636363636,0.5757575757575758,-0.1666666666666666,33,0.935483870967742,-5.454545454545455,1,2,16,22,4,0.6666666666666666,11,11,0.2727272727272727,0.6363636363636364,0.6,7.84668162774075,3.145136404691472
P3_R19,3,19,0.4918032786885246,0.4754098360655737,-0.0666666666666666,61,0.7627118644067796,-7.377049180327869,9,0.1475409836065573,11,0.180327868852459,6,0,5,1,0.55,6,0.3333333333333333,0,0.6666666666666666,0.4583333333333333,0.4583333333333333,-0.0909090909090909,24,0.8636363636363636,-6.875,1,2,7,13,4,0.6666666666666666,11,11,0.5454545454545454,0.3636363636363636,0.4666666666666667,5.172142857701743,2.625771454279466
P3_R20,3,20,0.4918032786885246,0.4754098360655737,-0.0666666666666666,61,0.7627118644067796,-7.377049180327869,9,0.1475409836065573,11,0.180327868852459,6,0,5,1,0.55,6,0.3333333333333333,0,0.6666666666666666,0.4333333333333333,0.5,0.2307692307692307,30,0.75,-6.5,1,2,6,12,4,0.8333333333333334,18,18,0.5,0.4444444444444444,0.4,7.579210212033349,3.1008448417075782
P3_R21,3,21,0.4918032786885246,0.4754098360655737,-0.0666666666666666,61,0.7627118644067796,-7.377049180327869,9,0.1475409836065573,11,0.180327868852459,6,0,5,1,0.55,6,0.3333333333333333,0,0.6666666666666666,0.3666666666666666,0.5666666666666667,0.0909090909090909,30,0.8214285714285714,-5.5,1,2,6,12,4,0.6666666666666666,18,18,0.3888888888888889,0.5555555555555556,0.5333333333333333,6.168693536377464,2.8417102179048843
P3_R22,3,22,0.4918032786885246,0.4754098360655737,-0.0666666666666666,61,0.7627118644067796,-7.377049180327869,9,0.1475409836065573,11,0.180327868852459,6,0,5,1,0.55,6,0.3333333333333333,0,0.6666666666666666,0.3529411764705882,0.5294117647058824,-0.6666666666666666,17,0.7333333333333333,-5.294117647058824,0,999,999,999,0,0.3333333333333333,999,999,0.0,0.0,0.6,8.177904143633514,3.1981647389547243
P3_R23,3,23,0.4918032786885246,0.4754098360655737,-0.0666666666666666,61,0.7627118644067796,-7.377049180327869,9,0.1475409836065573,11,0.180327868852459,6,0,5,1,0.55,6,0.3333333333333333,0,0.6666666666666666,0.3055555555555556,0.6388888888888888,-0.2727272727272727,36,0.6176470588235294,-4.583333333333334,1,2,21,27,4,0.6666666666666666,9,9,0.2222222222222222,0.6666666666666666,0.4666666666666667,7.974969738791789,3.1659070745603555
P3_R24,3,24,0.4918032786885246,0.4754098360655737,-0.0666666666666666,61,0.7627118644067796,-7.377049180327869,9,0.1475409836065573,11,0.180327868852459,6,0,5,1,0.55,6,0.3333333333333333,0,0.6666666666666666,0.2666666666666666,0.6666666666666666,0.25,30,0.7857142857142857,-4.0,1,2,6,12,4,0.6666666666666666,18,18,0.2222222222222222,0.7222222222222222,0.6666666666666666,7.477872577106785,3.0837022827697913
P3_R25,3,25,0.4918032786885246,0.4754098360655737,-0.0666666666666666,61,0.7627118644067796,-7.377049180327869,9,0.1475409836065573,11,0.180327868852459,6,0,5,1,0.55,6,0.3333333333333333,0,0.6666666666666666,0.3666666666666666,0.5666666666666667,0.2727272727272727,30,0.8214285714285714,-5.5,1,2,6,12,4,0.6666666666666666,18,18,0.3888888888888889,0.5555555555555556,0.5333333333333333,7.735150446744643,3.1268325510989063
P3_R26,3,26,0.4918032786885246,0.4754098360655737,-0.0666666666666666,61,0.7627118644067796,-7.377049180327869,9,0.1475409836065573,11,0.180327868852459,6,0,5,1,0.55,6,0.3333333333333333,0,0.6666666666666666,0.4,0.5333333333333333,0.3333333333333333,30,0.7857142857142857,-6.0,1,2,6,12,4,0.8333333333333334,18,18,0.4444444444444444,0.5,0.4666666666666667,7.592617955391062,3.1030977513679763
P3_R27,3,27,0.4918032786885246,0.4754098360655737,-0.0666666666666666,61,0.7627118644067796,-7.377049180327869,9,0.1475409836065573,11,0.180327868852459,6,0,5,1,0.55,6,0.3333333333333333,0,0.6666666666666666,0.3333333333333333,0.6060606060606061,-0.0909090909090909,33,0.8387096774193549,-5.0,0,999,999,999,0,0.5,999,999,0.0,0.0,0.7333333333333333,10.317439697629913,3.500475714425441
P3_R28,3,28,0.4918032786885246,0.4754098360655737,-0.0666666666666666,61,0.7627118644067796,-7.377049180327869,9,0.1475409836065573,11,0.180327868852459,6,0,5,1,0.55,6,0.3333333333333333,0,0.6666666666666666,0.3939393939393939,0.5454545454545454,0.0769230769230769,33,0.8709677419354839,-5.909090909090909,1,2,11,17,4,0.6666666666666666,16,16,0.4375,0.5,0.5333333333333333,9.639669735180595,3.4113814638832216
P3_R29,3,29,0.4918032786885246,0.4754098360655737,-0.0666666666666666,61,0.7627118644067796,-7.377049180327869,9,0.1475409836065573,11,0.180327868852459,6,0,5,1,0.55,6,0.3333333333333333,0,0.6666666666666666,0.3666666666666666,0.5666666666666667,0.0909090909090909,30,0.7857142857142857,-5.5,1,2,6,12,4,0.6666666666666666,18,18,0.3888888888888889,0.5555555555555556,0.6,9.104614506583202,3.336942378500192
P3_R30,3,30,0.4918032786885246,0.4754098360655737,-0.0666666666666666,61,0.7627118644067796,-7.377049180327869,9,0.1475409836065573,11,0.180327868852459,6,0,5,1,0.55,6,0.3333333333333333,0,0.6666666666666666,0.4,0.5333333333333333,0.0,30,0.8214285714285714,-6.0,1,2,6,12,4,0.6666666666666666,18,18,0.4444444444444444,0.5,0.5333333333333333,9.338351465786216,3.3699342494234705
P3_R31,3,31,0.4918032786885246,0.4754098360655737,-0.0666666666666666,61,0.7627118644067796,-7.377049180327869,9,0.1475409836065573,11,0.180327868852459,6,0,5,1,0.55,6,0.3333333333333333,0,0.6666666666666666,0.4333333333333333,0.5,-0.0769230769230769,30,0.7857142857142857,-6.5,1,2,6,12,4,0.6666666666666666,18,18,0.5,0.4444444444444444,0.4666666666666667,14.482824942468982,3.9525968195133943
P3_R32,3,32,0.4918032786885246,0.4754098360655737,-0.0666666666666666,61,0.7627118644067796,-7.377049180327869,9,0.1475409836065573,11,0.180327868852459,6,0,5,1,0.55,6,0.3333333333333333,0,0.6666666666666666,0.4,0.5333333333333333,0.1666666666666666,30,0.8571428571428571,-6.0,1,2,6,12,4,0.8333333333333334,18,18,0.4444444444444444,0.5,0.5333333333333333,20.80046776886838,4.446287185879775
P3_R33,3,33,0.4918032786885246,0.4754098360655737,-0.0666666666666666,61,0.7627118644067796,-7.377049180327869,9,0.1475409836065573,11,0.180327868852459,6,0,5,1,0.55,6,0.3333333333333333,0,0.6666666666666666,0.3636363636363636,0.5757575757575758,0.0,33,0.7419354838709677,-5.454545454545455,1,2,13,19,4,0.6666666666666666,14,14,0.2142857142857142,0.7142857142857143,0.6666666666666666,21.028504228040084,4.461299631866641
P3_R34,3,34,0.4918032786885246,0.4754098360655737,-0.0666666666666666,61,0.7627118644067796,-7.377049180327869,9,0.1475409836065573,11,0.180327868852459,6,0,5,1,0.55,6,0.3333333333333333,0,0.6666666666666666,0.3666666666666666,0.5666666666666667,0.0909090909090909,30,0.8571428571428571,-5.5,1,2,6,12,4,0.6666666666666666,18,18,0.3888888888888889,0.5555555555555556,0.4666666666666667,21.76668211315694,4.508852151505907
P3_R35,3,35,0.4918032786885246,0.4754098360655737,-0.0666666666666666,61,0.7627118644067796,-7.377049180327869,9,0.1475409836065573,11,0.180327868852459,6,0,5,1,0.55,6,0.3333333333333333,0,0.6666666666666666,0.303030303030303,0.6363636363636364,0.0,33,0.8064516129032258,-4.545454545454546,1,2,16,22,4,0.6666666666666666,11,11,0.2727272727272727,0.6363636363636364,0.6,23.313821984087376,4.60370478891572
P3_R36,3,36,0.4918032786885246,0.4754098360655737,-0.0666666666666666,61,0.7627118644067796,-7.377049180327869,9,0.1475409836065573,11,0.180327868852459,6,0,5,1,0.55,6,0.3333333333333333,0,0.6666666666666666,0.3636363636363636,0.5757575757575758,0.0,33,0.9032258064516128,-5.454545454545455,0,999,999,999,0,0.5,999,999,0.0,0.0,0.6,29.14572007736688,4.913881285687453
P3_R37,3,37,0.4918032786885246,0.4754098360655737,-0.0666666666666666,61,0.7627118644067796,-7.377049180327869,9,0.1475409836065573,11,0.180327868852459,6,0,5,1,0.55,6,0.3333333333333333,0,0.6666666666666666,0.3333333333333333,0.6060606060606061,-0.0909090909090909,33,0.8064516129032258,-5.0,0,999,999,999,0,0.5,999,999,0.0,0.0,0.6,31.230962629914718,5.010375372352921
P3_R38,3,38,0.4918032786885246,0.4754098360655737,-0.0666666666666666,61,0.7627118644067796,-7.377049180327869,9,0.1475409836065573,11,0.180327868852459,6,0,5,1,0.55,6,0.3333333333333333,0,0.6666666666666666,0.3636363636363636,0.5757575757575758,-0.1666666666666666,33,0.8064516129032258,-5.454545454545455,0,999,999,999,0,0.5,999,999,0.0,0.0,0.6666666666666666,29.439964587720326,4.927894775373039
P3_R39,3,39,0.4918032786885246,0.4754098360655737,-0.0666666666666666,61,0.7627118644067796,-7.377049180327869,9,0.1475409836065573,11,0.180327868852459,6,0,5,1,0.55,6,0.3333333333333333,0,0.6666666666666666,0.3939393939393939,0.5454545454545454,-0.0769230769230769,33,0.8709677419354839,-5.909090909090909,1,2,16,22,4,0.6666666666666666,11,11,0.1818181818181818,0.7272727272727273,0.6,39.332619479118215,5.333875202262943
P3_R40,3,40,0.4918032786885246,0.4754098360655737,-0.0666666666666666,61,0.7627118644067796,-7.377049180327869,9,0.1475409836065573,11,0.180327868852459,6,0,5,1,0.55,6,0.3333333333333333,0,0.6666666666666666,0.3666666666666666,0.5666666666666667,0.2727272727272727,30,0.8571428571428571,-5.5,1,2,6,12,4,0.8333333333333334,18,18,0.3888888888888889,0.5555555555555556,0.6,37.30967433991483,5.259636856744513
P3_R41,3,41,0.4918032786885246,0.4754098360655737,-0.0666666666666666,61,0.7627118644067796,-7.377049180327869,9,0.1475409836065573,11,0.180327868852459,6,0,5,1,0.55,6,0.3333333333333333,0,0.6666666666666666,0.4,0.5333333333333333,0.1666666666666666,30,0.7857142857142857,-6.0,1,2,6,12,4,0.6666666666666666,18,18,0.4444444444444444,0.5,0.5333333333333333,49.85510397337896,5.66832066951212
P3_R42,3,42,0.4918032786885246,0.4754098360655737,-0.0666666666666666,61,0.7627118644067796,-7.377049180327869,9,0.1475409836065573,11,0.180327868852459,6,0,5,1,0.55,6,0.3333333333333333,0,0.6666666666666666,0.3333333333333333,0.6060606060606061,0.0909090909090909,33,0.8709677419354839,-5.0,0,999,999,999,0,0.5,999,999,0.0,0.0,0.6,45.30649388535725,5.533142621834023
P3_R43,3,43,0.4918032786885246,0.4754098360655737,-0.0666666666666666,61,0.7627118644067796,-7.377049180327869,9,0.1475409836065573,11,0.180327868852459,6,0,5,1,0.55,6,0.3333333333333333,0,0.6666666666666666,0.4,0.5333333333333333,0.1666666666666666,30,0.8571428571428571,-6.0,1,2,6,12,4,0.6666666666666666,18,18,0.4444444444444444,0.5,0.5333333333333333,76.56064375713112,6.277252872821061
P3_R44,3,44,0.4918032786885246,0.4754098360655737,-0.0666666666666666,61,0.7627118644067796,-7.377049180327869,9,0.1475409836065573,11,0.180327868852459,6,0,5,1,0.55,6,0.3333333333333333,0,0.6666666666666666,0.3333333333333333,0.6,0.2,30,0.8214285714285714,-5.0,1,2,6,12,4,0.6666666666666666,18,18,0.3333333333333333,0.6111111111111112,0.5333333333333333,120.33340234414655,6.922832960039598
P3_R45,3,45,0.4918032786885246,0.4754098360655737,-0.0666666666666666,61,0.7627118644067796,-7.377049180327869,9,0.1475409836065573,11,0.180327868852459,6,0,5,1,0.55,6,0.3333333333333333,0,0.6666666666666666,0.3666666666666666,0.5666666666666667,0.0909090909090909,30,0.75,-5.5,1,2,6,12,4,0.6666666666666666,18,18,0.3888888888888889,0.5555555555555556,0.5333333333333333,195.09373711314586,7.6153996489147175
P3_R46,3,46,0.4918032786885246,0.4754098360655737,-0.0666666666666666,61,0.7627118644067796,-7.377049180327869,9,0.1475409836065573,11,0.180327868852459,6,0,5,1,0.55,6,0.3333333333333333,0,0.6666666666666666,0.3939393939393939,0.5454545454545454,0.0769230769230769,33,0.9032258064516128,-5.909090909090909,0,999,999,999,0,0.5,999,999,0.0,0.0,0.6,230.526647603281,7.8550344400750935
P3_R47,3,47,0.4918032786885246,0.4754098360655737,-0.0666666666666666,61,0.7627118644067796,-7.377049180327869,9,0.1475409836065573,11,0.180327868852459,6,0,5,1,0.55,6,0.3333333333333333,0,0.6666666666666666,0.3939393939393939,0.5454545454545454,0.0769230769230769,33,0.935483870967742,-5.909090909090909,1,2,16,22,4,0.6666666666666666,11,11,0.2727272727272727,0.6363636363636364,0.6,230.27174204404855,7.853445190710296
P4_R0,4,0,0.3809523809523809,0.5873015873015873,0.0,63,0.5245901639344263,-5.7142857142857135,10,0.1587301587301587,14,0.2222222222222222,4,2,4,2,0.85,6,0.0,1,0.6666666666666666,0.3333333333333333,0.6,0.2,30,0.8214285714285714,-5.0,1,2,6,12,4,0.6666666666666666,18,18,0.3333333333333333,0.6111111111111112,0.6,0.743860658819033,0.8022847678316009
P4_R1,4,1,0.3809523809523809,0.5873015873015873,0.0,63,0.5245901639344263,-5.7142857142857135,10,0.1587301587301587,14,0.2222222222222222,4,2,4,2,0.85,6,0.0,1,0.6666666666666666,0.3333333333333333,0.6,0.0,30,0.8214285714285714,-5.0,1,2,6,12,4,0.6666666666666666,18,18,0.3333333333333333,0.6111111111111112,0.6,1.2793911694706177,1.1886485287406399
P4_R2,4,2,0.3809523809523809,0.5873015873015873,0.0,63,0.5245901639344263,-5.7142857142857135,10,0.1587301587301587,14,0.2222222222222222,4,2,4,2,0.85,6,0.0,1,0.6666666666666666,0.3636363636363636,0.5757575757575758,0.0,33,0.8709677419354839,-5.454545454545455,1,2,16,22,4,0.6666666666666666,11,11,0.2727272727272727,0.6363636363636364,0.6,1.0232831524389514,1.0166982348906577
P4_R3,4,3,0.3809523809523809,0.5873015873015873,0.0,63,0.5245901639344263,-5.7142857142857135,10,0.1587301587301587,14,0.2222222222222222,4,2,4,2,0.85,6,0.0,1,0.6666666666666666,0.4,0.5333333333333333,0.1666666666666666,30,0.8928571428571429,-6.0,1,2,6,12,4,0.8333333333333334,18,18,0.4444444444444444,0.5,0.5333333333333333,1.7889506416614889,1.4797224020391133
P4_R4,4,4,0.3809523809523809,0.5873015873015873,0.0,63,0.5245901639344263,-5.7142857142857135,10,0.1587301587301587,14,0.2222222222222222,4,2,4,2,0.85,6,0.0,1,0.6666666666666666,0.4,0.5333333333333333,0.1666666666666666,30,0.8214285714285714,-6.0,1,2,6,12,4,0.6666666666666666,18,18,0.4444444444444444,0.5,0.4666666666666667,2.9377377632250004,1.9773670370159857
P4_R5,4,5,0.3809523809523809,0.5873015873015873,0.0,63,0.5245901639344263,-5.7142857142857135,10,0.1587301587301587,14,0.2222222222222222,4,2,4,2,0.85,6,0.0,1,0.6666666666666666,0.3636363636363636,0.5757575757575758,0.0,33,0.8709677419354839,-5.454545454545455,1,1,11,17,5,0.8333333333333334,16,16,0.375,0.5625,0.6,3.4028429005226415,2.138435367854094
P4_R6,4,6,0.3809523809523809,0.5873015873015873,0.0,63,0.5245901639344263,-5.7142857142857135,10,0.1587301587301587,14,0.2222222222222222,4,2,4,2,0.85,6,0.0,1,0.6666666666666666,0.3,0.6333333333333333,0.1111111111111111,30,0.8214285714285714,-4.5,1,2,6,12,4,0.6666666666666666,18,18,0.2777777777777778,0.6666666666666666,0.6,3.6721401230188064,2.224083543000654
P4_R7,4,7,0.3809523809523809,0.5873015873015873,0.0,63,0.5245901639344263,-5.7142857142857135,10,0.1587301587301587,14,0.2222222222222222,4,2,4,2,0.85,6,0.0,1,0.6666666666666666,0.3666666666666666,0.5666666666666667,0.2727272727272727,30,0.9285714285714286,-5.5,1,2,6,12,4,0.6666666666666666,18,18,0.3888888888888889,0.5555555555555556,0.4666666666666667,3.7150331979931304,2.237267928781909
P4_R8,4,8,0.3809523809523809,0.5873015873015873,0.0,63,0.5245901639344263,-5.7142857142857135,10,0.1587301587301587,14,0.2222222222222222,4,2,4,2,0.85,6,0.0,1,0.6666666666666666,0.3333333333333333,0.6060606060606061,-0.0909090909090909,33,0.935483870967742,-5.0,1,1,16,22,5,0.8333333333333334,11,11,0.1818181818181818,0.7272727272727273,0.6666666666666666,4.214974614709365,2.3826602300562496
P4_R9,4,9,0.3809523809523809,0.5873015873015873,0.0,63,0.5245901639344263,-5.7142857142857135,10,0.1587301587301587,14,0.2222222222222222,4,2,4,2,0.85,6,0.0,1,0.6666666666666666,0.4333333333333333,0.5,-0.0769230769230769,30,0.8214285714285714,-6.5,1,2,6,12,4,0.6666666666666666,18,18,0.5,0.4444444444444444,0.4,5.185840110219836,2.6289695435509928
P4_R10,4,10,0.3809523809523809,0.5873015873015873,0.0,63,0.5245901639344263,-5.7142857142857135,10,0.1587301587301587,14,0.2222222222222222,4,2,4,2,0.85,6,0.0,1,0.6666666666666666,0.3636363636363636,0.5757575757575758,0.0,33,0.8709677419354839,-5.454545454545455,1,2,13,19,4,0.6666666666666666,14,14,0.3571428571428571,0.5714285714285714,0.5333333333333333,4.3390182024196635,2.4165744676193595
P4_R11,4,11,0.3809523809523809,0.5873015873015873,0.0,63,0.5245901639344263,-5.7142857142857135,10,0.1587301587301587,14,0.2222222222222222,4,2,4,2,0.85,6,0.0,1,0.6666666666666666,0.3333333333333333,0.6060606060606061,-0.0909090909090909,33,0.9032258064516128,-5.0,1,2,11,17,4,0.6666666666666666,16,16,0.375,0.5625,0.6,5.264028790215849,2.6470908434409237
P4_R12,4,12,0.3809523809523809,0.5873015873015873,0.0,63,0.5245901639344263,-5.7142857142857135,10,0.1587301587301587,14,0.2222222222222222,4,2,4,2,0.85,6,0.0,1,0.6666666666666666,0.3666666666666666,0.5666666666666667,0.2727272727272727,30,0.8214285714285714,-5.5,1,2,6,12,4,0.8333333333333334,18,18,0.3888888888888889,0.5555555555555556,0.6,3.629800223642919,2.2109499423887855
P4_R13,4,13,0.3809523809523809,0.5873015873015873,0.0,63,0.5245901639344263,-5.7142857142857135,10,0.1587301587301587,14,0.2222222222222222,4,2,4,2,0.85,6,0.0,1,0.6666666666666666,0.3333333333333333,0.6,0.0,30,0.7857142857142857,-5.0,1,2,6,12,4,0.6666666666666666,18,18,0.3333333333333333,0.6111111111111112,0.5333333333333333,4.9674918912356,2.577124700941382
P4_R14,4,14,0.3809523809523809,0.5873015873015873,0.0,63,0.5245901639344263,-5.7142857142857135,10,0.1587301587301587,14,0.2222222222222222,4,2,4,2,0.85,6,0.0,1,0.6666666666666666,0.3055555555555556,0.6388888888888888,0.0909090909090909,36,0.7941176470588235,-4.583333333333334,1,2,16,22,4,1.0,14,14,0.4285714285714285,0.5,0.4666666666666667,4.586164036333111,2.4818579386249557
P4_R15,4,15,0.3809523809523809,0.5873015873015873,0.0,63,0.5245901639344263,-5.7142857142857135,10,0.1587301587301587,14,0.2222222222222222,4,2,4,2,0.85,6,0.0,1,0.6666666666666666,0.3333333333333333,0.6060606060606061,0.0909090909090909,33,0.8064516129032258,-5.0,1,2,15,21,4,0.6666666666666666,12,12,0.25,0.6666666666666666,0.6,4.714876487180257,2.514722318517077
P4_R16,4,16,0.3809523809523809,0.5873015873015873,0.0,63,0.5245901639344263,-5.7142857142857135,10,0.1587301587301587,14,0.2222222222222222,4,2,4,2,0.85,6,0.0,1,0.6666666666666666,0.4,0.5333333333333333,0.1666666666666666,30,0.8214285714285714,-6.0,1,2,6,12,4,0.6666666666666666,18,18,0.4444444444444444,0.5,0.5333333333333333,5.4634232901051405,2.6922984769227396
P4_R17,4,17,0.3809523809523809,0.5873015873015873,0.0,63,0.5245901639344263,-5.7142857142857135,10,0.1587301587301587,14,0.2222222222222222,4,2,4,2,0.85,6,0.0,1,0.6666666666666666,0.3939393939393939,0.5454545454545454,-0.0769230769230769,33,0.9032258064516128,-5.909090909090909,1,1,16,22,5,0.8333333333333334,11,11,0.2727272727272727,0.6363636363636364,0.5333333333333333,6.168837346982944,2.841739159407999
P4_R18,4,18,0.3809523809523809,0.5873015873015873,0.0,63,0.5245901639344263,-5.7142857142857135,10,0.1587301587301587,14,0.2222222222222222,4,2,4,2,0.85,6,0.0,1,0.6666666666666666,0.3636363636363636,0.5757575757575758,-0.1666666666666666,33,0.935483870967742,-5.454545454545455,1,2,16,22,4,0.6666666666666666,11,11,0.2727272727272727,0.6363636363636364,0.6,7.614227788596527,3.1067214736997526
P4_R19,4,19,0.3809523809523809,0.5873015873015873,0.0,63,0.5245901639344263,-5.7142857142857135,10,0.1587301587301587,14,0.2222222222222222,4,2,4,2,0.85,6,0.0,1,0.6666666666666666,0.4583333333333333,0.4583333333333333,-0.0909090909090909,24,0.8636363636363636,-6.875,1,2,7,13,4,0.6666666666666666,11,11,0.5454545454545454,0.3636363636363636,0.4666666666666667,5.580894729753354,2.7182837442074597
P4_R20,4,20,0.3809523809523809,0.5873015873015873,0.0,63,0.5245901639344263,-5.7142857142857135,10,0.1587301587301587,14,0.2222222222222222,4,2,4,2,0.85,6,0.0,1,0.6666666666666666,0.4333333333333333,0.5,0.2307692307692307,30,0.75,-6.5,1,2,6,12,4,0.8333333333333334,18,18,0.5,0.4444444444444444,0.4,7.814986818253299,3.139958412171116
P4_R21,4,21,0.3809523809523809,0.5873015873015873,0.0,63,0.5245901639344263,-5.7142857142857135,10,0.1587301587301587,14,0.2222222222222222,4,2,4,2,0.85,6,0.0,1,0.6666666666666666,0.3666666666666666,0.5666666666666667,0.0909090909090909,30,0.8214285714285714,-5.5,1,2,6,12,4,0.6666666666666666,18,18,0.3888888888888889,0.5555555555555556,0.5333333333333333,7.645472678783994,3.1119448433002295
P4_R22,4,22,0.3809523809523809,0.5873015873015873,0.0,63,0.5245901639344263,-5.7142857142857135,10,0.1587301587301587,14,0.2222222222222222,4,2,4,2,0.85,6,0.0,1,0.6666666666666666,0.3529411764705882,0.5294117647058824,-0.6666666666666666,17,0.7333333333333333,-5.294117647058824,0,999,999,999,0,0.3333333333333333,999,999,0.0,0.0,0.6,7.880268034306177,3.1506032222880465
P4_R23,4,23,0.3809523809523809,0.5873015873015873,0.0,63,0.5245901639344263,-5.7142857142857135,10,0.1587301587301587,14,0.2222222222222222,4,2,4,2,0.85,6,0.0,1,0.6666666666666666,0.3055555555555556,0.6388888888888888,-0.2727272727272727,36,0.6176470588235294,-4.583333333333334,1,2,21,27,4,0.6666666666666666,9,9,0.2222222222222222,0.6666666666666666,0.4666666666666667,10.1837347615451,3.4833301455183254
P4_R24,4,24,0.3809523809523809,0.5873015873015873,0.0,63,0.5245901639344263,-5.7142857142857135,10,0.1587301587301587,14,0.2222222222222222,4,2,4,2,0.85,6,0.0,1,0.6666666666666666,0.2666666666666666,0.6666666666666666,0.25,30,0.7857142857142857,-4.0,1,2,6,12,4,0.6666666666666666,18,18,0.2222222222222222,0.7222222222222222,0.6666666666666666,9.659812809747166,3.414110198948746
P4_R25,4,25,0.3809523809523809,0.5873015873015873,0.0,63,0.5245901639344263,-5.7142857142857135,10,0.1587301587301587,14,0.2222222222222222,4,2,4,2,0.85,6,0.0,1,0.6666666666666666,0.3666666666666666,0.5666666666666667,0.2727272727272727,30,0.8214285714285714,-5.5,1,2,6,12,4,0.6666666666666666,18,18,0.3888888888888889,0.5555555555555556,0.5333333333333333,11.070810525671664,3.593450647708294
P4_R26,4,26,0.3809523809523809,0.5873015873015873,0.0,63,0.5245901639344263,-5.7142857142857135,10,0.1587301587301587,14,0.2222222222222222,4,2,4,2,0.85,6,0.0,1,0.6666666666666666,0.4,0.5333333333333333,0.3333333333333333,30,0.7857142857142857,-6.0,1,2,6,12,4,0.8333333333333334,18,18,0.4444444444444444,0.5,0.4666666666666667,9.526064652226681,3.395894256046758
P4_R27,4,27,0.3809523809523809,0.5873015873015873,0.0,63,0.5245901639344263,-5.7142857142857135,10,0.1587301587301587,14,0.2222222222222222,4,2,4,2,0.85,6,0.0,1,0.6666666666666666,0.3333333333333333,0.6060606060606061,-0.0909090909090909,33,0.8387096774193549,-5.0,0,999,999,999,0,0.5,999,999,0.0,0.0,0.7333333333333333,10.118306917722576,3.474865207825203
P4_R28,4,28,0.3809523809523809,0.5873015873015873,0.0,63,0.5245901639344263,-5.7142857142857135,10,0.1587301587301587,14,0.2222222222222222,4,2,4,2,0.85,6,0.0,1,0.6666666666666666,0.3939393939393939,0.5454545454545454,0.0769230769230769,33,0.8709677419354839,-5.909090909090909,1,2,11,17,4,0.6666666666666666,16,16,0.4375,0.5,0.5333333333333333,11.615826027228131,3.6571627654402654
P4_R29,4,29,0.3809523809523809,0.5873015873015873,0.0,63,0.5245901639344263,-5.7142857142857135,10,0.1587301587301587,14,0.2222222222222222,4,2,4,2,0.85,6,0.0,1,0.6666666666666666,0.3666666666666666,0.5666666666666667,0.0909090909090909,30,0.7857142857142857,-5.5,1,2,6,12,4,0.6666666666666666,18,18,0.3888888888888889,0.5555555555555556,0.6,13.207828079545546,3.828614124601329
P4_R30,4,30,0.3809523809523809,0.5873015873015873,0.0,63,0.5245901639344263,-5.7142857142857135,10,0.1587301587301587,14,0.2222222222222222,4,2,4,2,0.85,6,0.0,1,0.6666666666666666,0.4,0.5333333333333333,0.0,30,0.8214285714285714,-6.0,1,2,6,12,4,0.6666666666666666,18,18,0.4444444444444444,0.5,0.5333333333333333,13.519313696629148,3.8599013560812114
P4_R31,4,31,0.3809523809523809,0.5873015873015873,0.0,63,0.5245901639344263,-5.7142857142857135,10,0.1587301587301587,14,0.2222222222222222,4,2,4,2,0.85,6,0.0,1,0.6666666666666666,0.4333333333333333,0.5,-0.0769230769230769,30,0.7857142857142857,-6.5,1,2,6,12,4,0.6666666666666666,18,18,0.5,0.4444444444444444,0.4666666666666667,13.96047322508823,3.90308390572054
P4_R32,4,32,0.3809523809523809,0.5873015873015873,0.0,63,0.5245901639344263,-5.7142857142857135,10,0.1587301587301587,14,0.2222222222222222,4,2,4,2,0.85,6,0.0,1,0.6666666666666666,0.4,0.5333333333333333,0.1666666666666666,30,0.8571428571428571,-6.0,1,2,6,12,4,0.8333333333333334,18,18,0.4444444444444444,0.5,0.5333333333333333,19.36559789227792,4.348062264424491
P4_R33,4,33,0.3809523809523809,0.5873015873015873,0.0,63,0.5245901639344263,-5.7142857142857135,10,0.1587301587301587,14,0.2222222222222222,4,2,4,2,0.85,6,0.0,1,0.6666666666666666,0.3636363636363636,0.5757575757575758,0.0,33,0.7419354838709677,-5.454545454545455,1,2,13,19,4,0.6666666666666666,14,14,0.2142857142857142,0.7142857142857143,0.6666666666666666,24.72777985918847,4.68525506208992
P4_R34,4,34,0.3809523809523809,0.5873015873015873,0.0,63,0.5245901639344263,-5.7142857142857135,10,0.1587301587301587,14,0.2222222222222222,4,2,4,2,0.85,6,0.0,1,0.6666666666666666,0.3666666666666666,0.5666666666666667,0.0909090909090909,30,0.8571428571428571,-5.5,1,2,6,12,4,0.6666666666666666,18,18,0.3888888888888889,0.5555555555555556,0.4666666666666667,37.622799829134216,5.271380846260236
P4_R35,4,35,0.3809523809523809,0.5873015873015873,0.0,63,0.5245901639344263,-5.7142857142857135,10,0.1587301587301587,14,0.2222222222222222,4,2,4,2,0.85,6,0.0,1,0.6666666666666666,0.303030303030303,0.6363636363636364,0.0,33,0.8064516129032258,-4.545454545454546,1,2,16,22,4,0.6666666666666666,11,11,0.2727272727272727,0.6363636363636364,0.6,34.45010712029025,5.147718081778897
P4_R36,4,36,0.3809523809523809,0.5873015873015873,0.0,63,0.5245901639344263,-5.7142857142857135,10,0.1587301587301587,14,0.2222222222222222,4,2,4,2,0.85,6,0.0,1,0.6666666666666666,0.3636363636363636,0.5757575757575758,0.0,33,0.9032258064516128,-5.454545454545455,0,999,999,999,0,0.5,999,999,0.0,0.0,0.6,24.538277549925326,4.674589319458953
P4_R37,4,37,0.3809523809523809,0.5873015873015873,0.0,63,0.5245901639344263,-5.7142857142857135,10,0.1587301587301587,14,0.2222222222222222,4,2,4,2,0.85,6,0.0,1,0.6666666666666666,0.3333333333333333,0.6060606060606061,-0.0909090909090909,33,0.8064516129032258,-5.0,0,999,999,999,0,0.5,999,999,0.0,0.0,0.6,33.69023553118329,5.116457730798961
P4_R38,4,38,0.3809523809523809,0.5873015873015873,0.0,63,0.5245901639344263,-5.7142857142857135,10,0.1587301587301587,14,0.2222222222222222,4,2,4,2,0.85,6,0.0,1,0.6666666666666666,0.3636363636363636,0.5757575757575758,-0.1666666666666666,33,0.8064516129032258,-5.454545454545455,0,999,999,999,0,0.5,999,999,0.0,0.0,0.6666666666666666,29.261972571207355,4.919434124938605
P4_R39,4,39,0.3809523809523809,0.5873015873015873,0.0,63,0.5245901639344263,-5.7142857142857135,10,0.1587301587301587,14,0.2222222222222222,4,2,4,2,0.85,6,0.0,1,0.6666666666666666,0.3939393939393939,0.5454545454545454,-0.0769230769230769,33,0.8709677419354839,-5.909090909090909,1,2,16,22,4,0.6666666666666666,11,11,0.1818181818181818,0.7272727272727273,0.6,35.492370626334896,5.1895229695632885
P4_R40,4,40,0.3809523809523809,0.5873015873015873,0.0,63,0.5245901639344263,-5.7142857142857135,10,0.1587301587301587,14,0.2222222222222222,4,2,4,2,0.85,6,0.0,1,0.6666666666666666,0.3666666666666666,0.5666666666666667,0.2727272727272727,30,0.8571428571428571,-5.5,1,2,6,12,4,0.8333333333333334,18,18,0.3888888888888889,0.5555555555555556,0.6,42.695472182340254,5.449411887233021
P4_R41,4,41,0.3809523809523809,0.5873015873015873,0.0,63,0.5245901639344263,-5.7142857142857135,10,0.1587301587301587,14,0.2222222222222222,4,2,4,2,0.85,6,0.0,1,0.6666666666666666,0.4,0.5333333333333333,0.1666666666666666,30,0.7857142857142857,-6.0,1,2,6,12,4,0.6666666666666666,18,18,0.4444444444444444,0.5,0.5333333333333333,55.22680622273299,5.813186196585866
P4_R42,4,42,0.3809523809523809,0.5873015873015873,0.0,63,0.5245901639344263,-5.7142857142857135,10,0.1587301587301587,14,0.2222222222222222,4,2,4,2,0.85,6,0.0,1,0.6666666666666666,0.3333333333333333,0.6060606060606061,0.0909090909090909,33,0.8709677419354839,-5.0,0,999,999,999,0,0.5,999,999,0.0,0.0,0.6,45.989613021202025,5.554269981488028
P4_R43,4,43,0.3809523809523809,0.5873015873015873,0.0,63,0.5245901639344263,-5.7142857142857135,10,0.1587301587301587,14,0.2222222222222222,4,2,4,2,0.85,6,0.0,1,0.6666666666666666,0.4,0.5333333333333333,0.1666666666666666,30,0.8571428571428571,-6.0,1,2,6,12,4,0.6666666666666666,18,18,0.4444444444444444,0.5,0.5333333333333333,97.07117551714647,6.615757265490222
P4_R44,4,44,0.3809523809523809,0.5873015873015873,0.0,63,0.5245901639344263,-5.7142857142857135,10,0.1587301587301587,14,0.2222222222222222,4,2,4,2,0.85,6,0.0,1,0.6666666666666666,0.3333333333333333,0.6,0.2,30,0.8214285714285714,-5.0,1,2,6,12,4,0.6666666666666666,18,18,0.3333333333333333,0.6111111111111112,0.5333333333333333,124.61259713495603,6.972837342800551
P4_R45,4,45,0.3809523809523809,0.5873015873015873,0.0,63,0.5245901639344263,-5.7142857142857135,10,0.1587301587301587,14,0.2222222222222222,4,2,4,2,0.85,6,0.0,1,0.6666666666666666,0.3666666666666666,0.5666666666666667,0.0909090909090909,30,0.75,-5.5,1,2,6,12,4,0.6666666666666666,18,18,0.3888888888888889,0.5555555555555556,0.5333333333333333,172.9934965418967,7.442889572388385
P4_R46,4,46,0.3809523809523809,0.5873015873015873,0.0,63,0.5245901639344263,-5.7142857142857135,10,0.1587301587301587,14,0.2222222222222222,4,2,4,2,0.85,6,0.0,1,0.6666666666666666,0.3939393939393939,0.5454545454545454,0.0769230769230769,33,0.9032258064516128,-5.909090909090909,0,999,999,999,0,0.5,999,999,0.0,0.0,0.6,176.6671364346243,7.473033036659071
P4_R47,4,47,0.3809523809523809,0.5873015873015873,0.0,63,0.5245901639344263,-5.7142857142857135,10,0.1587301587301587,14,0.2222222222222222,4,2,4,2,0.85,6,0.0,1,0.6666666666666666,0.3939393939393939,0.5454545454545454,0.0769230769230769,33,0.935483870967742,-5.909090909090909,1,2,16,22,4,0.6666666666666666,11,11,0.2727272727272727,0.6363636363636364,0.6,254.31788488183992,7.996150791078679
P5_R0,5,0,0.4705882352941176,0.4901960784313725,0.0833333333333333,51,0.7551020408163265,-7.0588235294117645,8,0.1568627450980392,6,0.1176470588235294,5,1,5,1,0.6,6,0.0,0,0.3333333333333333,0.3333333333333333,0.6,0.2,30,0.8214285714285714,-5.0,1,2,6,12,4,0.6666666666666666,18,18,0.3333333333333333,0.6111111111111112,0.6,1.2057937375776535,1.141297891706096
P5_R1,5,1,0.4705882352941176,0.4901960784313725,0.0833333333333333,51,0.7551020408163265,-7.0588235294117645,8,0.1568627450980392,6,0.1176470588235294,5,1,5,1,0.6,6,0.0,0,0.3333333333333333,0.3333333333333333,0.6,0.0,30,0.8214285714285714,-5.0,1,2,6,12,4,0.6666666666666666,18,18,0.3333333333333333,0.6111111111111112,0.6,1.768477327162539,1.4690927067611717
P5_R2,5,2,0.4705882352941176,0.4901960784313725,0.0833333333333333,51,0.7551020408163265,-7.0588235294117645,8,0.1568627450980392,6,0.1176470588235294,5,1,5,1,0.6,6,0.0,0,0.3333333333333333,0.3636363636363636,0.5757575757575758,0.0,33,0.8709677419354839,-5.454545454545455,1,2,16,22,4,0.6666666666666666,11,11,0.2727272727272727,0.6363636363636364,0.6,1.6201268503782909,1.3896366598473069
P5_R3,5,3,0.4705882352941176,0.4901960784313725,0.0833333333333333,51,0.7551020408163265,-7.0588235294117645,8,0.1568627450980392,6,0.1176470588235294,5,1,5,1,0.6,6,0.0,0,0.3333333333333333,0.4,0.5333333333333333,0.1666666666666666,30,0.8928571428571429,-6.0,1,2,6,12,4,0.8333333333333334,18,18,0.4444444444444444,0.5,0.5333333333333333,2.8658703769754594,1.9507932646495554
P5_R4,5,4,0.4705882352941176,0.4901960784313725,0.0833333333333333,51,0.7551020408163265,-7.0588235294117645,8,0.1568627450980392,6,0.1176470588235294,5,1,5,1,0.6,6,0.0,0,0.3333333333333333,0.4,0.5333333333333333,0.1666666666666666,30,0.8214285714285714,-6.0,1,2,6,12,4,0.6666666666666666,18,18,0.4444444444444444,0.5,0.4666666666666667,6.408456746197023,2.88917304637897
P5_R5,5,5,0.4705882352941176,0.4901960784313725,0.0833333333333333,51,0.7551020408163265,-7.0588235294117645,8,0.1568627450980392,6,0.1176470588235294,5,1,5,1,0.6,6,0.0,0,0.3333333333333333,0.3636363636363636,0.5757575757575758,0.0,33,0.8709677419354839,-5.454545454545455,1,1,11,17,5,0.8333333333333334,16,16,0.375,0.5625,0.6,5.195429157969851,2.6312042214506683
P5_R6,5,6,0.4705882352941176,0.4901960784313725,0.0833333333333333,51,0.7551020408163265,-7.0588235294117645,8,0.1568627450980392,6,0.1176470588235294,5,1,5,1,0.6,6,0.0,0,0.3333333333333333,0.3,0.6333333333333333,0.1111111111111111,30,0.8214285714285714,-4.5,1,2,6,12,4,0.6666666666666666,18,18,0.2777777777777778,0.6666666666666666,0.6,5.441831600061484,2.687470946822605
P5_R7,5,7,0.4705882352941176,0.4901960784313725,0.0833333333333333,51,0.7551020408163265,-7.0588235294117645,8,0.1568627450980392,6,0.1176470588235294,5,1,5,1,0.6,6,0.0,0,0.3333333333333333,0.3666666666666666,0.5666666666666667,0.2727272727272727,30,0.9285714285714286,-5.5,1,2,6,12,4,0.6666666666666666,18,18,0.3888888888888889,0.5555555555555556,0.4666666666666667,8.754183484406536,3.2860211109378206
P5_R8,5,8,0.4705882352941176,0.4901960784313725,0.0833333333333333,51,0.7551020408163265,-7.0588235294117645,8,0.1568627450980392,6,0.1176470588235294,5,1,5,1,0.6,6,0.0,0,0.3333333333333333,0.3333333333333333,0.6060606060606061,-0.0909090909090909,33,0.935483870967742,-5.0,1,1,16,22,5,0.8333333333333334,11,11,0.1818181818181818,0.7272727272727273,0.6666666666666666,10.814178337187816,3.562447389871116
P5_R9,5,9,0.4705882352941176,0.4901960784313725,0.0833333333333333,51,0.7551020408163265,-7.0588235294117645,8,0.1568627450980392,6,0.1176470588235294,5,1,5,1,0.6,6,0.0,0,0.3333333333333333,0.4333333333333333,0.5,-0.0769230769230769,30,0.8214285714285714,-6.5,1,2,6,12,4,0.6666666666666666,18,18,0.5,0.4444444444444444,0.4,6.148235944214875,2.8375872546831094
P5_R10,5,10,0.4705882352941176,0.4901960784313725,0.0833333333333333,51,0.7551020408163265,-7.0588235294117645,8,0.1568627450980392,6,0.1176470588235294,5,1,5,1,0.6,6,0.0,0,0.3333333333333333,0.3636363636363636,0.5757575757575758,0.0,33,0.8709677419354839,-5.454545454545455,1,2,13,19,4,0.6666666666666666,14,14,0.3571428571428571,0.5714285714285714,0.5333333333333333,7.070375870084574,3.012635867217935
P5_R11,5,11,0.4705882352941176,0.4901960784313725,0.0833333333333333,51,0.7551020408163265,-7.0588235294117645,8,0.1568627450980392,6,0.1176470588235294,5,1,5,1,0.6,6,0.0,0,0.3333333333333333,0.3333333333333333,0.6060606060606061,-0.0909090909090909,33,0.9032258064516128,-5.0,1,2,11,17,4,0.6666666666666666,16,16,0.375,0.5625,0.6,8.781346863375832,3.290033133820288
P5_R12,5,12,0.4705882352941176,0.4901960784313725,0.0833333333333333,51,0.7551020408163265,-7.0588235294117645,8,0.1568627450980392,6,0.1176470588235294,5,1,5,1,0.6,6,0.0,0,0.3333333333333333,0.3666666666666666,0.5666666666666667,0.2727272727272727,30,0.8214285714285714,-5.5,1,2,6,12,4,0.8333333333333334,18,18,0.3888888888888889,0.5555555555555556,0.6,11.16851539278978,3.6050812591501167
P5_R13,5,13,0.4705882352941176,0.4901960784313725,0.0833333333333333,51,0.7551020408163265,-7.0588235294117645,8,0.1568627450980392,6,0.1176470588235294,5,1,5,1,0.6,6,0.0,0,0.3333333333333333,0.3333333333333333,0.6,0.0,30,0.7857142857142857,-5.0,1,2,6,12,4,0.6666666666666666,18,18,0.3333333333333333,0.6111111111111112,0.5333333333333333,7.5329360678159425,3.0930422388055545
P5_R14,5,14,0.4705882352941176,0.4901960784313725,0.0833333333333333,51,0.7551020408163265,-7.0588235294117645,8,0.1568627450980392,6,0.1176470588235294,5,1,5,1,0.6,6,0.0,0,0.3333333333333333,0.3055555555555556,0.6388888888888888,0.0909090909090909,36,0.7941176470588235,-4.583333333333334,1,2,16,22,4,1.0,14,14,0.4285714285714285,0.5,0.4666666666666667,8.756772812191157,3.2864040353131565
P5_R15,5,15,0.4705882352941176,0.4901960784313725,0.0833333333333333,51,0.7551020408163265,-7.0588235294117645,8,0.1568627450980392,6,0.1176470588235294,5,1,5,1,0.6,6,0.0,0,0.3333333333333333,0.3333333333333333,0.6060606060606061,0.0909090909090909,33,0.8064516129032258,-5.0,1,2,15,21,4,0.6666666666666666,12,12,0.25,0.6666666666666666,0.6,11.10322865395416,3.5973200466611734
P5_R16,5,16,0.4705882352941176,0.4901960784313725,0.0833333333333333,51,0.7551020408163265,-7.0588235294117645,8,0.1568627450980392,6,0.1176470588235294,5,1,5,1,0.6,6,0.0,0,0.3333333333333333,0.4,0.5333333333333333,0.1666666666666666,30,0.8214285714285714,-6.0,1,2,6,12,4,0.6666666666666666,18,18,0.4444444444444444,0.5,0.5333333333333333,11.612753757064704,3.656811390215116
P5_R17,5,17,0.4705882352941176,0.4901960784313725,0.0833333333333333,51,0.7551020408163265,-7.0588235294117645,8,0.1568627450980392,6,0.1176470588235294,5,1,5,1,0.6,6,0.0,0,0.3333333333333333,0.3939393939393939,0.5454545454545454,-0.0769230769230769,33,0.9032258064516128,-5.909090909090909,1,1,16,22,5,0.8333333333333334,11,11,0.2727272727272727,0.6363636363636364,0.5333333333333333,10.700560351185898,3.5485057184156004
P5_R18,5,18,0.4705882352941176,0.4901960784313725,0.0833333333333333,51,0.7551020408163265,-7.0588235294117645,8,0.1568627450980392,6,0.1176470588235294,5,1,5,1,0.6,6,0.0,0,0.3333333333333333,0.3636363636363636,0.5757575757575758,-0.1666666666666666,33,0.935483870967742,-5.454545454545455,1,2,16,22,4,0.6666666666666666,11,11,0.2727272727272727,0.6363636363636364,0.6,11.354911354724642,3.6270127543959902
P5_R19,5,19,0.4705882352941176,0.4901960784313725,0.0833333333333333,51,0.7551020408163265,-7.0588235294117645,8,0.1568627450980392,6,0.1176470588235294,5,1,5,1,0.6,6,0.0,0,0.3333333333333333,0.4583333333333333,0.4583333333333333,-0.0909090909090909,24,0.8636363636363636,-6.875,1,2,7,13,4,0.6666666666666666,11,11,0.5454545454545454,0.3636363636363636,0.4666666666666667,9.671314789385102,3.415666033305383
P5_R20,5,20,0.4705882352941176,0.4901960784313725,0.0833333333333333,51,0.7551020408163265,-7.0588235294117645,8,0.1568627450980392,6,0.1176470588235294,5,1,5,1,0.6,6,0.0,0,0.3333333333333333,0.4333333333333333,0.5,0.2307692307692307,30,0.75,-6.5,1,2,6,12,4,0.8333333333333334,18,18,0.5,0.4444444444444444,0.4,13.102631814735043,3.8178925165013546
P5_R21,5,21,0.4705882352941176,0.4901960784313725,0.0833333333333333,51,0.7551020408163265,-7.0588235294117645,8,0.1568627450980392,6,0.1176470588235294,5,1,5,1,0.6,6,0.0,0,0.3333333333333333,0.3666666666666666,0.5666666666666667,0.0909090909090909,30,0.8214285714285714,-5.5,1,2,6,12,4,0.6666666666666666,18,18,0.3888888888888889,0.5555555555555556,0.5333333333333333,13.789005582481835,3.886453143304477
P5_R22,5,22,0.4705882352941176,0.4901960784313725,0.0833333333333333,51,0.7551020408163265,-7.0588235294117645,8,0.1568627450980392,6,0.1176470588235294,5,1,5,1,0.6,6,0.0,0,0.3333333333333333,0.3529411764705882,0.5294117647058824,-0.6666666666666666,17,0.7333333333333333,-5.294117647058824,0,999,999,999,0,0.3333333333333333,999,999,0.0,0.0,0.6,14.960733253996768,3.9964550269992998
P5_R23,5,23,0.4705882352941176,0.4901960784313725,0.0833333333333333,51,0.7551020408163265,-7.0588235294117645,8,0.1568627450980392,6,0.1176470588235294,5,1,5,1,0.6,6,0.0,0,0.3333333333333333,0.3055555555555556,0.6388888888888888,-0.2727272727272727,36,0.6176470588235294,-4.583333333333334,1,2,21,27,4,0.6666666666666666,9,9,0.2222222222222222,0.6666666666666666,0.4666666666666667,14.071756169421375,3.913775625247135
P5_R24,5,24,0.4705882352941176,0.4901960784313725,0.0833333333333333,51,0.7551020408163265,-7.0588235294117645,8,0.1568627450980392,6,0.1176470588235294,5,1,5,1,0.6,6,0.0,0,0.3333333333333333,0.2666666666666666,0.6666666666666666,0.25,30,0.7857142857142857,-4.0,1,2,6,12,4,0.6666666666666666,18,18,0.2222222222222222,0.7222222222222222,0.6666666666666666,16.6944837961371,4.1452277693028945
P5_R25,5,25,0.4705882352941176,0.4901960784313725,0.0833333333333333,51,0.7551020408163265,-7.0588235294117645,8,0.1568627450980392,6,0.1176470588235294,5,1,5,1,0.6,6,0.0,0,0.3333333333333333,0.3666666666666666,0.5666666666666667,0.2727272727272727,30,0.8214285714285714,-5.5,1,2,6,12,4,0.6666666666666666,18,18,0.3888888888888889,0.5555555555555556,0.5333333333333333,18.406433294347007,4.278463084582949
P5_R26,5,26,0.4705882352941176,0.4901960784313725,0.0833333333333333,51,0.7551020408163265,-7.0588235294117645,8,0.1568627450980392,6,0.1176470588235294,5,1,5,1,0.6,6,0.0,0,0.3333333333333333,0.4,0.5333333333333333,0.3333333333333333,30,0.7857142857142857,-6.0,1,2,6,12,4,0.8333333333333334,18,18,0.4444444444444444,0.5,0.4666666666666667,17.419888323284972,4.2031924095233775
P5_R27,5,27,0.4705882352941176,0.4901960784313725,0.0833333333333333,51,0.7551020408163265,-7.0588235294117645,8,0.1568627450980392,6,0.1176470588235294,5,1,5,1,0.6,6,0.0,0,0.3333333333333333,0.3333333333333333,0.6060606060606061,-0.0909090909090909,33,0.8387096774193549,-5.0,0,999,999,999,0,0.5,999,999,0.0,0.0,0.7333333333333333,20.668107723604418,4.437501263225597
P5_R28,5,28,0.4705882352941176,0.4901960784313725,0.0833333333333333,51,0.7551020408163265,-7.0588235294117645,8,0.1568627450980392,6,0.1176470588235294,5,1,5,1,0.6,6,0.0,0,0.3333333333333333,0.3939393939393939,0.5454545454545454,0.0769230769230769,33,0.8709677419354839,-5.909090909090909,1,2,11,17,4,0.6666666666666666,16,16,0.4375,0.5,0.5333333333333333,21.136707605359575,4.468368760790431
P5_R29,5,29,0.4705882352941176,0.4901960784313725,0.0833333333333333,51,0.7551020408163265,-7.0588235294117645,8,0.1568627450980392,6,0.1176470588235294,5,1,5,1,0.6,6,0.0,0,0.3333333333333333,0.3666666666666666,0.5666666666666667,0.0909090909090909,30,0.7857142857142857,-5.5,1,2,6,12,4,0.6666666666666666,18,18,0.3888888888888889,0.5555555555555556,0.6,22.232128017386252,4.538049403124445
P5_R30,5,30,0.4705882352941176,0.4901960784313725,0.0833333333333333,51,0.7551020408163265,-7.0588235294117645,8,0.1568627450980392,6,0.1176470588235294,5,1,5,1,0.6,6,0.0,0,0.3333333333333333,0.4,0.5333333333333333,0.0,30,0.8214285714285714,-6.0,1,2,6,12,4,0.6666666666666666,18,18,0.4444444444444444,0.5,0.5333333333333333,20.624717160524902,4.434609358097921
P5_R31,5,31,0.4705882352941176,0.4901960784313725,0.0833333333333333,51,0.7551020408163265,-7.0588235294117645,8,0.1568627450980392,6,0.1176470588235294,5,1,5,1,0.6,6,0.0,0,0.3333333333333333,0.4333333333333333,0.5,-0.0769230769230769,30,0.7857142857142857,-6.5,1,2,6,12,4,0.6666666666666666,18,18,0.5,0.4444444444444444,0.4666666666666667,30.067743894799364,4.957345573232716
P5_R32,5,32,0.4705882352941176,0.4901960784313725,0.0833333333333333,51,0.7551020408163265,-7.0588235294117645,8,0.1568627450980392,6,0.1176470588235294,5,1,5,1,0.6,6,0.0,0,0.3333333333333333,0.4,0.5333333333333333,0.1666666666666666,30,0.8571428571428571,-6.0,1,2,6,12,4,0.8333333333333334,18,18,0.4444444444444444,0.5,0.5333333333333333,32.86546303543442,5.081742816449044
P5_R33,5,33,0.4705882352941176,0.4901960784313725,0.0833333333333333,51,0.7551020408163265,-7.0588235294117645,8,0.1568627450980392,6,0.1176470588235294,5,1,5,1,0.6,6,0.0,0,0.3333333333333333,0.3636363636363636,0.5757575757575758,0.0,33,0.7419354838709677,-5.454545454545455,1,2,13,19,4,0.6666666666666666,14,14,0.2142857142857142,0.7142857142857143,0.6666666666666666,57.09741929304899,5.86040217494038
P5_R34,5,34,0.4705882352941176,0.4901960784313725,0.0833333333333333,51,0.7551020408163265,-7.0588235294117645,8,0.1568627450980392,6,0.1176470588235294,5,1,5,1,0.6,6,0.0,0,0.3333333333333333,0.3666666666666666,0.5666666666666667,0.0909090909090909,30,0.8571428571428571,-5.5,1,2,6,12,4,0.6666666666666666,18,18,0.3888888888888889,0.5555555555555556,0.4666666666666667,57.00180848012445,5.8580259786557
P5_R35,5,35,0.4705882352941176,0.4901960784313725,0.0833333333333333,51,0.7551020408163265,-7.0588235294117645,8,0.1568627450980392,6,0.1176470588235294,5,1,5,1,0.6,6,0.0,0,0.3333333333333333,0.303030303030303,0.6363636363636364,0.0,33,0.8064516129032258,-4.545454545454546,1,2,16,22,4,0.6666666666666666,11,11,0.2727272727272727,0.6363636363636364,0.6,48.084170068639004,5.617185916866592
P5_R36,5,36,0.4705882352941176,0.4901960784313725,0.0833333333333333,51,0.7551020408163265,-7.0588235294117645,8,0.1568627450980392,6,0.1176470588235294,5,1,5,1,0.6,6,0.0,0,0.3333333333333333,0.3636363636363636,0.5757575757575758,0.0,33,0.9032258064516128,-5.454545454545455,0,999,999,999,0,0.5,999,999,0.0,0.0,0.6,43.417074644075655,5.473042473466498
P5_R37,5,37,0.4705882352941176,0.4901960784313725,0.0833333333333333,51,0.7551020408163265,-7.0588235294117645,8,0.1568627450980392,6,0.1176470588235294,5,1,5,1,0.6,6,0.0,0,0.3333333333333333,0.3333333333333333,0.6060606060606061,-0.0909090909090909,33,0.8064516129032258,-5.0,0,999,999,999,0,0.5,999,999,0.0,0.0,0.6,51.963650859222916,5.726930667465994
P5_R38,5,38,0.4705882352941176,0.4901960784313725,0.0833333333333333,51,0.7551020408163265,-7.0588235294117645,8,0.1568627450980392,6,0.1176470588235294,5,1,5,1,0.6,6,0.0,0,0.3333333333333333,0.3636363636363636,0.5757575757575758,-0.1666666666666666,33,0.8064516129032258,-5.454545454545455,0,999,999,999,0,0.5,999,999,0.0,0.0,0.6666666666666666,76.06339764541154,6.267973889217649
P5_R39,5,39,0.4705882352941176,0.4901960784313725,0.0833333333333333,51,0.7551020408163265,-7.0588235294117645,8,0.1568627450980392,6,0.1176470588235294,5,1,5,1,0.6,6,0.0,0,0.3333333333333333,0.3939393939393939,0.5454545454545454,-0.0769230769230769,33,0.8709677419354839,-5.909090909090909,1,2,16,22,4,0.6666666666666666,11,11,0.1818181818181818,0.7272727272727273,0.6,70.41644415049586,6.158184398313496
P5_R40,5,40,0.4705882352941176,0.4901960784313725,0.0833333333333333,51,0.7551020408163265,-7.0588235294117645,8,0.1568627450980392,6,0.1176470588235294,5,1,5,1,0.6,6,0.0,0,0.3333333333333333,0.3666666666666666,0.5666666666666667,0.2727272727272727,30,0.8571428571428571,-5.5,1,2,6,12,4,0.8333333333333334,18,18,0.3888888888888889,0.5555555555555556,0.6,76.39095177943038,6.274092997355063
P5_R41,5,41,0.4705882352941176,0.4901960784313725,0.0833333333333333,51,0.7551020408163265,-7.0588235294117645,8,0.1568627450980392,6,0.1176470588235294,5,1,5,1,0.6,6,0.0,0,0.3333333333333333,0.4,0.5333333333333333,0.1666666666666666,30,0.7857142857142857,-6.0,1,2,6,12,4,0.6666666666666666,18,18,0.4444444444444444,0.5,0.5333333333333333,61.92804425113056,5.97563120078731
P5_R42,5,42,0.4705882352941176,0.4901960784313725,0.0833333333333333,51,0.7551020408163265,-7.0588235294117645,8,0.1568627450980392,6,0.1176470588235294,5,1,5,1,0.6,6,0.0,0,0.3333333333333333,0.3333333333333333,0.6060606060606061,0.0909090909090909,33,0.8709677419354839,-5.0,0,999,999,999,0,0.5,999,999,0.0,0.0,0.6,102.92334987828407,6.699376030435433
P5_R43,5,43,0.4705882352941176,0.4901960784313725,0.0833333333333333,51,0.7551020408163265,-7.0588235294117645,8,0.1568627450980392,6,0.1176470588235294,5,1,5,1,0.6,6,0.0,0,0.3333333333333333,0.4,0.5333333333333333,0.1666666666666666,30,0.8571428571428571,-6.0,1,2,6,12,4,0.6666666666666666,18,18,0.4444444444444444,0.5,0.5333333333333333,200.100574898553,7.651773395744722
P5_R44,5,44,0.4705882352941176,0.4901960784313725,0.0833333333333333,51,0.7551020408163265,-7.0588235294117645,8,0.1568627450980392,6,0.1176470588235294,5,1,5,1,0.6,6,0.0,0,0.3333333333333333,0.3333333333333333,0.6,0.2,30,0.8214285714285714,-5.0,1,2,6,12,4,0.6666666666666666,18,18,0.3333333333333333,0.6111111111111112,0.5333333333333333,254.12571204630922,7.995064493546176
P5_R45,5,45,0.4705882352941176,0.4901960784313725,0.0833333333333333,51,0.7551020408163265,-7.0588235294117645,8,0.1568627450980392,6,0.1176470588235294,5,1,5,1,0.6,6,0.0,0,0.3333333333333333,0.3666666666666666,0.5666666666666667,0.0909090909090909,30,0.75,-5.5,1,2,6,12,4,0.6666666666666666,18,18,0.3888888888888889,0.5555555555555556,0.5333333333333333,288.30408931138993,8.176442905671228
P5_R46,5,46,0.4705882352941176,0.4901960784313725,0.0833333333333333,51,0.7551020408163265,-7.0588235294117645,8,0.1568627450980392,6,0.1176470588235294,5,1,5,1,0.6,6,0.0,0,0.3333333333333333,0.3939393939393939,0.5454545454545454,0.0769230769230769,33,0.9032258064516128,-5.909090909090909,0,999,999,999,0,0.5,999,999,0.0,0.0,0.6,376.259001347922,8.559411513442742
P5_R47,5,47,0.4705882352941176,0.4901960784313725,0.0833333333333333,51,0.7551020408163265,-7.0588235294117645,8,0.1568627450980392,6,0.1176470588235294,5,1,5,1,0.6,6,0.0,0,0.3333333333333333,0.3939393939393939,0.5454545454545454,0.0769230769230769,33,0.935483870967742,-5.909090909090909,1,2,16,22,4,0.6666666666666666,11,11,0.2727272727272727,0.6363636363636364,0.6,484.4244832810765,8.923103065089927
P6_R0,6,0,0.5,0.4666666666666667,-0.1333333333333333,60,0.7413793103448276,-7.5,10,0.1666666666666666,10,0.1666666666666666,6,0,4,2,0.6,6,0.3333333333333333,0,0.3333333333333333,0.3333333333333333,0.6,0.2,30,0.8214285714285714,-5.0,1,2,6,12,4,0.6666666666666666,18,18,0.3333333333333333,0.6111111111111112,0.6,1.4088231329331786,1.2683284680439288
P6_R1,6,1,0.5,0.4666666666666667,-0.1333333333333333,60,0.7413793103448276,-7.5,10,0.1666666666666666,10,0.1666666666666666,6,0,4,2,0.6,6,0.3333333333333333,0,0.3333333333333333,0.3333333333333333,0.6,0.0,30,0.8214285714285714,-5.0,1,2,6,12,4,0.6666666666666666,18,18,0.3333333333333333,0.6111111111111112,0.6,1.8901350058287245,1.531136886390438
P6_R2,6,2,0.5,0.4666666666666667,-0.1333333333333333,60,0.7413793103448276,-7.5,10,0.1666666666666666,10,0.1666666666666666,6,0,4,2,0.6,6,0.3333333333333333,0,0.3333333333333333,0.3636363636363636,0.5757575757575758,0.0,33,0.8709677419354839,-5.454545454545455,1,2,16,22,4,0.6666666666666666,11,11,0.2727272727272727,0.6363636363636364,0.6,2.173372931017841,1.6660170750263423
P6_R3,6,3,0.5,0.4666666666666667,-0.1333333333333333,60,0.7413793103448276,-7.5,10,0.1666666666666666,10,0.1666666666666666,6,0,4,2,0.6,6,0.3333333333333333,0,0.3333333333333333,0.4,0.5333333333333333,0.1666666666666666,30,0.8928571428571429,-6.0,1,2,6,12,4,0.8333333333333334,18,18,0.4444444444444444,0.5,0.5333333333333333,3.910739436058794,2.295940275133783
P6_R4,6,4,0.5,0.4666666666666667,-0.1333333333333333,60,0.7413793103448276,-7.5,10,0.1666666666666666,10,0.1666666666666666,6,0,4,2,0.6,6,0.3333333333333333,0,0.3333333333333333,0.4,0.5333333333333333,0.1666666666666666,30,0.8214285714285714,-6.0,1,2,6,12,4,0.6666666666666666,18,18,0.4444444444444444,0.5,0.4666666666666667,6.214395278526378,2.850878470914085
P6_R5,6,5,0.5,0.4666666666666667,-0.1333333333333333,60,0.7413793103448276,-7.5,10,0.1666666666666666,10,0.1666666666666666,6,0,4,2,0.6,6,0.3333333333333333,0,0.3333333333333333,0.3636363636363636,0.5757575757575758,0.0,33,0.8709677419354839,-5.454545454545455,1,1,11,17,5,0.8333333333333334,16,16,0.375,0.5625,0.6,4.589665098156856,2.482761847343568
P6_R6,6,6,0.5,0.4666666666666667,-0.1333333333333333,60,0.7413793103448276,-7.5,10,0.1666666666666666,10,0.1666666666666666,6,0,4,2,0.6,6,0.3333333333333333,0,0.3333333333333333,0.3,0.6333333333333333,0.1111111111111111,30,0.8214285714285714,-4.5,1,2,6,12,4,0.6666666666666666,18,18,0.2777777777777778,0.6666666666666666,0.6,6.626118570984999,2.9309489622785847
P6_R7,6,7,0.5,0.4666666666666667,-0.1333333333333333,60,0.7413793103448276,-7.5,10,0.1666666666666666,10,0.1666666666666666,6,0,4,2,0.6,6,0.3333333333333333,0,0.3333333333333333,0.3666666666666666,0.5666666666666667,0.2727272727272727,30,0.9285714285714286,-5.5,1,2,6,12,4,0.6666666666666666,18,18,0.3888888888888889,0.5555555555555556,0.4666666666666667,7.303726801347338,3.05375897876021
P6_R8,6,8,0.5,0.4666666666666667,-0.1333333333333333,60,0.7413793103448276,-7.5,10,0.1666666666666666,10,0.1666666666666666,6,0,4,2,0.6,6,0.3333333333333333,0,0.3333333333333333,0.3333333333333333,0.6060606060606061,-0.0909090909090909,33,0.935483870967742,-5.0,1,1,16,22,5,0.8333333333333334,11,11,0.1818181818181818,0.7272727272727273,0.6666666666666666,7.825677477398773,3.141707026912905
P6_R9,6,9,0.5,0.4666666666666667,-0.1333333333333333,60,0.7413793103448276,-7.5,10,0.1666666666666666,10,0.1666666666666666,6,0,4,2,0.6,6,0.3333333333333333,0,0.3333333333333333,0.4333333333333333,0.5,-0.0769230769230769,30,0.8214285714285714,-6.5,1,2,6,12,4,0.6666666666666666,18,18,0.5,0.4444444444444444,0.4,7.4188660014256875,3.073625919242035
P6_R10,6,10,0.5,0.4666666666666667,-0.1333333333333333,60,0.7413793103448276,-7.5,10,0.1666666666666666,10,0.1666666666666666,6,0,4,2,0.6,6,0.3333333333333333,0,0.3333333333333333,0.3636363636363636,0.5757575757575758,0.0,33,0.8709677419354839,-5.454545454545455,1,2,13,19,4,0.6666666666666666,14,14,0.3571428571428571,0.5714285714285714,0.5333333333333333,6.144491102947331,2.8368312528324613
P6_R11,6,11,0.5,0.4666666666666667,-0.1333333333333333,60,0.7413793103448276,-7.5,10,0.1666666666666666,10,0.1666666666666666,6,0,4,2,0.6,6,0.3333333333333333,0,0.3333333333333333,0.3333333333333333,0.6060606060606061,-0.0909090909090909,33,0.9032258064516128,-5.0,1,2,11,17,4,0.6666666666666666,16,16,0.375,0.5625,0.6,9.379336202013029,3.3756422757039424
P6_R12,6,12,0.5,0.4666666666666667,-0.1333333333333333,60,0.7413793103448276,-7.5,10,0.1666666666666666,10,0.1666666666666666,6,0,4,2,0.6,6,0.3333333333333333,0,0.3333333333333333,0.3666666666666666,0.5666666666666667,0.2727272727272727,30,0.8214285714285714,-5.5,1,2,6,12,4,0.8333333333333334,18,18,0.3888888888888889,0.5555555555555556,0.6,11.950938197309714,3.694984708905626
P6_R13,6,13,0.5,0.4666666666666667,-0.1333333333333333,60,0.7413793103448276,-7.5,10,0.1666666666666666,10,0.1666666666666666,6,0,4,2,0.6,6,0.3333333333333333,0,0.3333333333333333,0.3333333333333333,0.6,0.0,30,0.7857142857142857,-5.0,1,2,6,12,4,0.6666666666666666,18,18,0.3333333333333333,0.6111111111111112,0.5333333333333333,7.42718887281345,3.075051459683839
P6_R14,6,14,0.5,0.4666666666666667,-0.1333333333333333,60,0.7413793103448276,-7.5,10,0.1666666666666666,10,0.1666666666666666,6,0,4,2,0.6,6,0.3333333333333333,0,0.3333333333333333,0.3055555555555556,0.6388888888888888,0.0909090909090909,36,0.7941176470588235,-4.583333333333334,1,2,16,22,4,1.0,14,14,0.4285714285714285,0.5,0.4666666666666667,11.068536364986604,3.5931788159667732
P6_R15,6,15,0.5,0.4666666666666667,-0.1333333333333333,60,0.7413793103448276,-7.5,10,0.1666666666666666,10,0.1666666666666666,6,0,4,2,0.6,6,0.3333333333333333,0,0.3333333333333333,0.3333333333333333,0.6060606060606061,0.0909090909090909,33,0.8064516129032258,-5.0,1,2,15,21,4,0.6666666666666666,12,12,0.25,0.6666666666666666,0.6,10.06707020919973,3.468201442201975
P6_R16,6,16,0.5,0.4666666666666667,-0.1333333333333333,60,0.7413793103448276,-7.5,10,0.1666666666666666,10,0.1666666666666666,6,0,4,2,0.6,6,0.3333333333333333,0,0.3333333333333333,0.4,0.5333333333333333,0.1666666666666666,30,0.8214285714285714,-6.0,1,2,6,12,4,0.6666666666666666,18,18,0.4444444444444444,0.5,0.5333333333333333,11.53751152750865,3.648179122199149
P6_R17,6,17,0.5,0.4666666666666667,-0.1333333333333333,60,0.7413793103448276,-7.5,10,0.1666666666666666,10,0.1666666666666666,6,0,4,2,0.6,6,0.3333333333333333,0,0.3333333333333333,0.3939393939393939,0.5454545454545454,-0.0769230769230769,33,0.9032258064516128,-5.909090909090909,1,1,16,22,5,0.8333333333333334,11,11,0.2727272727272727,0.6363636363636364,0.5333333333333333,10.34701372909688,3.504240758474705
P6_R18,6,18,0.5,0.4666666666666667,-0.1333333333333333,60,0.7413793103448276,-7.5,10,0.1666666666666666,10,0.1666666666666666,6,0,4,2,0.6,6,0.3333333333333333,0,0.3333333333333333,0.3636363636363636,0.5757575757575758,-0.1666666666666666,33,0.935483870967742,-5.454545454545455,1,2,16,22,4,0.6666666666666666,11,11,0.2727272727272727,0.6363636363636364,0.6,11.792557282225676,3.677232788317231
P6_R19,6,19,0.5,0.4666666666666667,-0.1333333333333333,60,0.7413793103448276,-7.5,10,0.1666666666666666,10,0.1666666666666666,6,0,4,2,0.6,6,0.3333333333333333,0,0.3333333333333333,0.4583333333333333,0.4583333333333333,-0.0909090909090909,24,0.8636363636363636,-6.875,1,2,7,13,4,0.6666666666666666,11,11,0.5454545454545454,0.3636363636363636,0.4666666666666667,15.460966115970418,4.040977106820433
P6_R20,6,20,0.5,0.4666666666666667,-0.1333333333333333,60,0.7413793103448276,-7.5,10,0.1666666666666666,10,0.1666666666666666,6,0,4,2,0.6,6,0.3333333333333333,0,0.3333333333333333,0.4333333333333333,0.5,0.2307692307692307,30,0.75,-6.5,1,2,6,12,4,0.8333333333333334,18,18,0.5,0.4444444444444444,0.4,15.860800151615086,4.075601097796979
P6_R21,6,21,0.5,0.4666666666666667,-0.1333333333333333,60,0.7413793103448276,-7.5,10,0.1666666666666666,10,0.1666666666666666,6,0,4,2,0.6,6,0.3333333333333333,0,0.3333333333333333,0.3666666666666666,0.5666666666666667,0.0909090909090909,30,0.8214285714285714,-5.5,1,2,6,12,4,0.6666666666666666,18,18,0.3888888888888889,0.5555555555555556,0.5333333333333333,19.917318866983614,4.386626037046051
P6_R22,6,22,0.5,0.4666666666666667,-0.1333333333333333,60,0.7413793103448276,-7.5,10,0.1666666666666666,10,0.1666666666666666,6,0,4,2,0.6,6,0.3333333333333333,0,0.3333333333333333,0.3529411764705882,0.5294117647058824,-0.6666666666666666,17,0.7333333333333333,-5.294117647058824,0,999,999,999,0,0.3333333333333333,999,999,0.0,0.0,0.6,18.45118307240901,4.281786001296259
P6_R23,6,23,0.5,0.4666666666666667,-0.1333333333333333,60,0.7413793103448276,-7.5,10,0.1666666666666666,10,0.1666666666666666,6,0,4,2,0.6,6,0.3333333333333333,0,0.3333333333333333,0.3055555555555556,0.6388888888888888,-0.2727272727272727,36,0.6176470588235294,-4.583333333333334,1,2,21,27,4,0.6666666666666666,9,9,0.2222222222222222,0.6666666666666666,0.4666666666666667,17.483279562716362,4.2081488575442485
P6_R24,6,24,0.5,0.4666666666666667,-0.1333333333333333,60,0.7413793103448276,-7.5,10,0.1666666666666666,10,0.1666666666666666,6,0,4,2,0.6,6,0.3333333333333333,0,0.3333333333333333,0.2666666666666666,0.6666666666666666,0.25,30,0.7857142857142857,-4.0,1,2,6,12,4,0.6666666666666666,18,18,0.2222222222222222,0.7222222222222222,0.6666666666666666,21.625019614289666,4.499847137798174
P6_R25,6,25,0.5,0.4666666666666667,-0.1333333333333333,60,0.7413793103448276,-7.5,10,0.1666666666666666,10,0.1666666666666666,6,0,4,2,0.6,6,0.3333333333333333,0,0.3333333333333333,0.3666666666666666,0.5666666666666667,0.2727272727272727,30,0.8214285714285714,-5.5,1,2,6,12,4,0.6666666666666666,18,18,0.3888888888888889,0.5555555555555556,0.5333333333333333,18.07545690934838,4.253645708851828
P6_R26,6,26,0.5,0.4666666666666667,-0.1333333333333333,60,0.7413793103448276,-7.5,10,0.1666666666666666,10,0.1666666666666666,6,0,4,2,0.6,6,0.3333333333333333,0,0.3333333333333333,0.4,0.5333333333333333,0.3333333333333333,30,0.7857142857142857,-6.0,1,2,6,12,4,0.8333333333333334,18,18,0.4444444444444444,0.5,0.4666666666666667,20.623054365640566,4.434498420315457
P6_R27,6,27,0.5,0.4666666666666667,-0.1333333333333333,60,0.7413793103448276,-7.5,10,0.1666666666666666,10,0.1666666666666666,6,0,4,2,0.6,6,0.3333333333333333,0,0.3333333333333333,0.3333333333333333,0.6060606060606061,-0.0909090909090909,33,0.8387096774193549,-5.0,0,999,999,999,0,0.5,999,999,0.0,0.0,0.7333333333333333,20.070597321255892,4.39715930796042
P6_R28,6,28,0.5,0.4666666666666667,-0.1333333333333333,60,0.7413793103448276,-7.5,10,0.1666666666666666,10,0.1666666666666666,6,0,4,2,0.6,6,0.3333333333333333,0,0.3333333333333333,0.3939393939393939,0.5454545454545454,0.0769230769230769,33,0.8709677419354839,-5.909090909090909,1,2,11,17,4,0.6666666666666666,16,16,0.4375,0.5,0.5333333333333333,22.667518624685595,4.5648365523111245
P6_R29,6,29,0.5,0.4666666666666667,-0.1333333333333333,60,0.7413793103448276,-7.5,10,0.1666666666666666,10,0.1666666666666666,6,0,4,2,0.6,6,0.3333333333333333,0,0.3333333333333333,0.3666666666666666,0.5666666666666667,0.0909090909090909,30,0.7857142857142857,-5.5,1,2,6,12,4,0.6666666666666666,18,18,0.3888888888888889,0.5555555555555556,0.6,21.43072037667558,4.487404049113091
P6_R30,6,30,0.5,0.4666666666666667,-0.1333333333333333,60,0.7413793103448276,-7.5,10,0.1666666666666666,10,0.1666666666666666,6,0,4,2,0.6,6,0.3333333333333333,0,0.3333333333333333,0.4,0.5333333333333333,0.0,30,0.8214285714285714,-6.0,1,2,6,12,4,0.6666666666666666,18,18,0.4444444444444444,0.5,0.5333333333333333,28.533382567149978,4.884274698002614
P6_R31,6,31,0.5,0.4666666666666667,-0.1333333333333333,60,0.7413793103448276,-7.5,10,0.1666666666666666,10,0.1666666666666666,6,0,4,2,0.6,6,0.3333333333333333,0,0.3333333333333333,0.4333333333333333,0.5,-0.0769230769230769,30,0.7857142857142857,-6.5,1,2,6,12,4,0.6666666666666666,18,18,0.5,0.4444444444444444,0.4666666666666667,25.71685179981884,4.739678111667245
P6_R32,6,32,0.5,0.4666666666666667,-0.1333333333333333,60,0.7413793103448276,-7.5,10,0.1666666666666666,10,0.1666666666666666,6,0,4,2,0.6,6,0.3333333333333333,0,0.3333333333333333,0.4,0.5333333333333333,0.1666666666666666,30,0.8571428571428571,-6.0,1,2,6,12,4,0.8333333333333334,18,18,0.4444444444444444,0.5,0.5333333333333333,40.13629743361548,5.362340041532195
P6_R33,6,33,0.5,0.4666666666666667,-0.1333333333333333,60,0.7413793103448276,-7.5,10,0.1666666666666666,10,0.1666666666666666,6,0,4,2,0.6,6,0.3333333333333333,0,0.3333333333333333,0.3636363636363636,0.5757575757575758,0.0,33,0.7419354838709677,-5.454545454545455,1,2,13,19,4,0.6666666666666666,14,14,0.2142857142857142,0.7142857142857143,0.6666666666666666,43.38436923896306,5.471979789666858
P6_R34,6,34,0.5,0.4666666666666667,-0.1333333333333333,60,0.7413793103448276,-7.5,10,0.1666666666666666,10,0.1666666666666666,6,0,4,2,0.6,6,0.3333333333333333,0,0.3333333333333333,0.3666666666666666,0.5666666666666667,0.0909090909090909,30,0.8571428571428571,-5.5,1,2,6,12,4,0.6666666666666666,18,18,0.3888888888888889,0.5555555555555556,0.4666666666666667,57.43650229801976,5.868797923468277
P6_R35,6,35,0.5,0.4666666666666667,-0.1333333333333333,60,0.7413793103448276,-7.5,10,0.1666666666666666,10,0.1666666666666666,6,0,4,2,0.6,6,0.3333333333333333,0,0.3333333333333333,0.303030303030303,0.6363636363636364,0.0,33,0.8064516129032258,-4.545454545454546,1,2,16,22,4,0.6666666666666666,11,11,0.2727272727272727,0.6363636363636364,0.6,54.35951079101943,5.79075928890086
P6_R36,6,36,0.5,0.4666666666666667,-0.1333333333333333,60,0.7413793103448276,-7.5,10,0.1666666666666666,10,0.1666666666666666,6,0,4,2,0.6,6,0.3333333333333333,0,0.3333333333333333,0.3636363636363636,0.5757575757575758,0.0,33,0.9032258064516128,-5.454545454545455,0,999,999,999,0,0.5,999,999,0.0,0.0,0.6,68.46492017498025,6.118212694790393
P6_R37,6,37,0.5,0.4666666666666667,-0.1333333333333333,60,0.7413793103448276,-7.5,10,0.1666666666666666,10,0.1666666666666666,6,0,4,2,0.6,6,0.3333333333333333,0,0.3333333333333333,0.3333333333333333,0.6060606060606061,-0.0909090909090909,33,0.8064516129032258,-5.0,0,999,999,999,0,0.5,999,999,0.0,0.0,0.6,73.32749073582032,6.215823998960517
P6_R38,6,38,0.5,0.4666666666666667,-0.1333333333333333,60,0.7413793103448276,-7.5,10,0.1666666666666666,10,0.1666666666666666,6,0,4,2,0.6,6,0.3333333333333333,0,0.3333333333333333,0.3636363636363636,0.5757575757575758,-0.1666666666666666,33,0.8064516129032258,-5.454545454545455,0,999,999,999,0,0.5,999,999,0.0,0.0,0.6666666666666666,53.785445284932294,5.775720761718267
P6_R39,6,39,0.5,0.4666666666666667,-0.1333333333333333,60,0.7413793103448276,-7.5,10,0.1666666666666666,10,0.1666666666666666,6,0,4,2,0.6,6,0.3333333333333333,0,0.3333333333333333,0.3939393939393939,0.5454545454545454,-0.0769230769230769,33,0.8709677419354839,-5.909090909090909,1,2,16,22,4,0.6666666666666666,11,11,0.1818181818181818,0.7272727272727273,0.6,71.7282493624948,6.184443944575732
P6_R40,6,40,0.5,0.4666666666666667,-0.1333333333333333,60,0.7413793103448276,-7.5,10,0.1666666666666666,10,0.1666666666666666,6,0,4,2,0.6,6,0.3333333333333333,0,0.3333333333333333,0.3666666666666666,0.5666666666666667,0.2727272727272727,30,0.8571428571428571,-5.5,1,2,6,12,4,0.8333333333333334,18,18,0.3888888888888889,0.5555555555555556,0.6,63.81286868886309,6.0182083856264414
P6_R41,6,41,0.5,0.4666666666666667,-0.1333333333333333,60,0.7413793103448276,-7.5,10,0.1666666666666666,10,0.1666666666666666,6,0,4,2,0.6,6,0.3333333333333333,0,0.3333333333333333,0.4,0.5333333333333333,0.1666666666666666,30,0.7857142857142857,-6.0,1,2,6,12,4,0.6666666666666666,18,18,0.4444444444444444,0.5,0.5333333333333333,79.6651529292748,6.333873663637085
P6_R42,6,42,0.5,0.4666666666666667,-0.1333333333333333,60,0.7413793103448276,-7.5,10,0.1666666666666666,10,0.1666666666666666,6,0,4,2,0.6,6,0.3333333333333333,0,0.3333333333333333,0.3333333333333333,0.6060606060606061,0.0909090909090909,33,0.8709677419354839,-5.0,0,999,999,999,0,0.5,999,999,0.0,0.0,0.6,120.23717302386736,6.921688307022825
P6_R43,6,43,0.5,0.4666666666666667,-0.1333333333333333,60,0.7413793103448276,-7.5,10,0.1666666666666666,10,0.1666666666666666,6,0,4,2,0.6,6,0.3333333333333333,0,0.3333333333333333,0.4,0.5333333333333333,0.1666666666666666,30,0.8571428571428571,-6.0,1,2,6,12,4,0.6666666666666666,18,18,0.4444444444444444,0.5,0.5333333333333333,220.1260510491912,7.788725190078145
P6_R44,6,44,0.5,0.4666666666666667,-0.1333333333333333,60,0.7413793103448276,-7.5,10,0.1666666666666666,10,0.1666666666666666,6,0,4,2,0.6,6,0.3333333333333333,0,0.3333333333333333,0.3333333333333333,0.6,0.2,30,0.8214285714285714,-5.0,1,2,6,12,4,0.6666666666666666,18,18,0.3333333333333333,0.6111111111111112,0.5333333333333333,289.3008986640881,8.18140522779585
P6_R45,6,45,0.5,0.4666666666666667,-0.1333333333333333,60,0.7413793103448276,-7.5,10,0.1666666666666666,10,0.1666666666666666,6,0,4,2,0.6,6,0.3333333333333333,0,0.3333333333333333,0.3666666666666666,0.5666666666666667,0.0909090909090909,30,0.75,-5.5,1,2,6,12,4,0.6666666666666666,18,18,0.3888888888888889,0.5555555555555556,0.5333333333333333,284.46212345056983,8.157155524031461
P6_R46,6,46,0.5,0.4666666666666667,-0.1333333333333333,60,0.7413793103448276,-7.5,10,0.1666666666666666,10,0.1666666666666666,6,0,4,2,0.6,6,0.3333333333333333,0,0.3333333333333333,0.3939393939393939,0.5454545454545454,0.0769230769230769,33,0.9032258064516128,-5.909090909090909,0,999,999,999,0,0.5,999,999,0.0,0.0,0.6,388.9888496027071,8.607289065408978
P6_R47,6,47,0.5,0.4666666666666667,-0.1333333333333333,60,0.7413793103448276,-7.5,10,0.1666666666666666,10,0.1666666666666666,6,0,4,2,0.6,6,0.3333333333333333,0,0.3333333333333333,0.3939393939393939,0.5454545454545454,0.0769230769230769,33,0.935483870967742,-5.909090909090909,1,2,16,22,4,0.6666666666666666,11,11,0.2727272727272727,0.6363636363636364,0.6,428.598557662964,8.74684533939232
P7_R0,7,0,0.4901960784313725,0.4705882352941176,0.2,51,0.7755102040816326,-7.352941176470588,8,0.1568627450980392,6,0.1176470588235294,5,1,5,1,0.6,6,0.0,0,0.3333333333333333,0.3333333333333333,0.6,0.2,30,0.8214285714285714,-5.0,1,2,6,12,4,0.6666666666666666,18,18,0.3333333333333333,0.6111111111111112,0.6,1.42828060268195,1.279935143466271
P7_R1,7,1,0.4901960784313725,0.4705882352941176,0.2,51,0.7755102040816326,-7.352941176470588,8,0.1568627450980392,6,0.1176470588235294,5,1,5,1,0.6,6,0.0,0,0.3333333333333333,0.3333333333333333,0.6,0.0,30,0.8214285714285714,-5.0,1,2,6,12,4,0.6666666666666666,18,18,0.3333333333333333,0.6111111111111112,0.6,2.158762043903883,1.659359259968556
P7_R2,7,2,0.4901960784313725,0.4705882352941176,0.2,51,0.7755102040816326,-7.352941176470588,8,0.1568627450980392,6,0.1176470588235294,5,1,5,1,0.6,6,0.0,0,0.3333333333333333,0.3636363636363636,0.5757575757575758,0.0,33,0.8709677419354839,-5.454545454545455,1,2,16,22,4,0.6666666666666666,11,11,0.2727272727272727,0.6363636363636364,0.6,2.8804188842732734,1.9562123971662253
P7_R3,7,3,0.4901960784313725,0.4705882352941176,0.2,51,0.7755102040816326,-7.352941176470588,8,0.1568627450980392,6,0.1176470588235294,5,1,5,1,0.6,6,0.0,0,0.3333333333333333,0.4,0.5333333333333333,0.1666666666666666,30,0.8928571428571429,-6.0,1,2,6,12,4,0.8333333333333334,18,18,0.4444444444444444,0.5,0.5333333333333333,4.493888329572493,2.457827586058233
P7_R4,7,4,0.4901960784313725,0.4705882352941176,0.2,51,0.7755102040816326,-7.352941176470588,8,0.1568627450980392,6,0.1176470588235294,5,1,5,1,0.6,6,0.0,0,0.3333333333333333,0.4,0.5333333333333333,0.1666666666666666,30,0.8214285714285714,-6.0,1,2,6,12,4,0.6666666666666666,18,18,0.4444444444444444,0.5,0.4666666666666667,3.7924536403338136,2.260764476090818
P7_R5,7,5,0.4901960784313725,0.4705882352941176,0.2,51,0.7755102040816326,-7.352941176470588,8,0.1568627450980392,6,0.1176470588235294,5,1,5,1,0.6,6,0.0,0,0.3333333333333333,0.3636363636363636,0.5757575757575758,0.0,33,0.8709677419354839,-5.454545454545455,1,1,11,17,5,0.8333333333333334,16,16,0.375,0.5625,0.6,7.576284015254624,3.1003526833860118
P7_R6,7,6,0.4901960784313725,0.4705882352941176,0.2,51,0.7755102040816326,-7.352941176470588,8,0.1568627450980392,6,0.1176470588235294,5,1,5,1,0.6,6,0.0,0,0.3333333333333333,0.3,0.6333333333333333,0.1111111111111111,30,0.8214285714285714,-4.5,1,2,6,12,4,0.6666666666666666,18,18,0.2777777777777778,0.6666666666666666,0.6,7.4477634900207565,3.0785694444796827
P7_R7,7,7,0.4901960784313725,0.4705882352941176,0.2,51,0.7755102040816326,-7.352941176470588,8,0.1568627450980392,6,0.1176470588235294,5,1,5,1,0.6,6,0.0,0,0.3333333333333333,0.3666666666666666,0.5666666666666667,0.2727272727272727,30,0.9285714285714286,-5.5,1,2,6,12,4,0.6666666666666666,18,18,0.3888888888888889,0.5555555555555556,0.4666666666666667,8.121813191326005,3.18932062506223
P7_R8,7,8,0.4901960784313725,0.4705882352941176,0.2,51,0.7755102040816326,-7.352941176470588,8,0.1568627450980392,6,0.1176470588235294,5,1,5,1,0.6,6,0.0,0,0.3333333333333333,0.3333333333333333,0.6060606060606061,-0.0909090909090909,33,0.935483870967742,-5.0,1,1,16,22,5,0.8333333333333334,11,11,0.1818181818181818,0.7272727272727273,0.6666666666666666,10.236959743810113,3.4901798496782575
P7_R9,7,9,0.4901960784313725,0.4705882352941176,0.2,51,0.7755102040816326,-7.352941176470588,8,0.1568627450980392,6,0.1176470588235294,5,1,5,1,0.6,6,0.0,0,0.3333333333333333,0.4333333333333333,0.5,-0.0769230769230769,30,0.8214285714285714,-6.5,1,2,6,12,4,0.6666666666666666,18,18,0.5,0.4444444444444444,0.4,6.1773518205697195,2.8434516406973853
P7_R10,7,10,0.4901960784313725,0.4705882352941176,0.2,51,0.7755102040816326,-7.352941176470588,8,0.1568627450980392,6,0.1176470588235294,5,1,5,1,0.6,6,0.0,0,0.3333333333333333,0.3636363636363636,0.5757575757575758,0.0,33,0.8709677419354839,-5.454545454545455,1,2,13,19,4,0.6666666666666666,14,14,0.3571428571428571,0.5714285714285714,0.5333333333333333,7.853510967564283,3.1462496869489183
P7_R11,7,11,0.4901960784313725,0.4705882352941176,0.2,51,0.7755102040816326,-7.352941176470588,8,0.1568627450980392,6,0.1176470588235294,5,1,5,1,0.6,6,0.0,0,0.3333333333333333,0.3333333333333333,0.6060606060606061,-0.0909090909090909,33,0.9032258064516128,-5.0,1,2,11,17,4,0.6666666666666666,16,16,0.375,0.5625,0.6,10.469933040085902,3.519785064007623
P7_R12,7,12,0.4901960784313725,0.4705882352941176,0.2,51,0.7755102040816326,-7.352941176470588,8,0.1568627450980392,6,0.1176470588235294,5,1,5,1,0.6,6,0.0,0,0.3333333333333333,0.3666666666666666,0.5666666666666667,0.2727272727272727,30,0.8214285714285714,-5.5,1,2,6,12,4,0.8333333333333334,18,18,0.3888888888888889,0.5555555555555556,0.6,7.807072892775735,3.138662606573446
P7_R13,7,13,0.4901960784313725,0.4705882352941176,0.2,51,0.7755102040816326,-7.352941176470588,8,0.1568627450980392,6,0.1176470588235294,5,1,5,1,0.6,6,0.0,0,0.3333333333333333,0.3333333333333333,0.6,0.0,30,0.7857142857142857,-5.0,1,2,6,12,4,0.6666666666666666,18,18,0.3333333333333333,0.6111111111111112,0.5333333333333333,12.518167852828737,3.756827728108684
P7_R14,7,14,0.4901960784313725,0.4705882352941176,0.2,51,0.7755102040816326,-7.352941176470588,8,0.1568627450980392,6,0.1176470588235294,5,1,5,1,0.6,6,0.0,0,0.3333333333333333,0.3055555555555556,0.6388888888888888,0.0909090909090909,36,0.7941176470588235,-4.583333333333334,1,2,16,22,4,1.0,14,14,0.4285714285714285,0.5,0.4666666666666667,11.027011150024617,3.5882062557069516
P7_R15,7,15,0.4901960784313725,0.4705882352941176,0.2,51,0.7755102040816326,-7.352941176470588,8,0.1568627450980392,6,0.1176470588235294,5,1,5,1,0.6,6,0.0,0,0.3333333333333333,0.3333333333333333,0.6060606060606061,0.0909090909090909,33,0.8064516129032258,-5.0,1,2,15,21,4,0.6666666666666666,12,12,0.25,0.6666666666666666,0.6,12.885441571507915,3.795501151978949
P7_R16,7,16,0.4901960784313725,0.4705882352941176,0.2,51,0.7755102040816326,-7.352941176470588,8,0.1568627450980392,6,0.1176470588235294,5,1,5,1,0.6,6,0.0,0,0.3333333333333333,0.4,0.5333333333333333,0.1666666666666666,30,0.8214285714285714,-6.0,1,2,6,12,4,0.6666666666666666,18,18,0.4444444444444444,0.5,0.5333333333333333,11.46985984803282,3.6403733453248504
P7_R17,7,17,0.4901960784313725,0.4705882352941176,0.2,51,0.7755102040816326,-7.352941176470588,8,0.1568627450980392,6,0.1176470588235294,5,1,5,1,0.6,6,0.0,0,0.3333333333333333,0.3939393939393939,0.5454545454545454,-0.0769230769230769,33,0.9032258064516128,-5.909090909090909,1,1,16,22,5,0.8333333333333334,11,11,0.2727272727272727,0.6363636363636364,0.5333333333333333,14.691355947503245,3.9718981211394655
P7_R18,7,18,0.4901960784313725,0.4705882352941176,0.2,51,0.7755102040816326,-7.352941176470588,8,0.1568627450980392,6,0.1176470588235294,5,1,5,1,0.6,6,0.0,0,0.3333333333333333,0.3636363636363636,0.5757575757575758,-0.1666666666666666,33,0.935483870967742,-5.454545454545455,1,2,16,22,4,0.6666666666666666,11,11,0.2727272727272727,0.6363636363636364,0.6,15.618713261357783,4.054736777638044
P7_R19,7,19,0.4901960784313725,0.4705882352941176,0.2,51,0.7755102040816326,-7.352941176470588,8,0.1568627450980392,6,0.1176470588235294,5,1,5,1,0.6,6,0.0,0,0.3333333333333333,0.4583333333333333,0.4583333333333333,-0.0909090909090909,24,0.8636363636363636,-6.875,1,2,7,13,4,0.6666666666666666,11,11,0.5454545454545454,0.3636363636363636,0.4666666666666667,14.137142543001254,3.9200209865969975
P7_R20,7,20,0.4901960784313725,0.4705882352941176,0.2,51,0.7755102040816326,-7.352941176470588,8,0.1568627450980392,6,0.1176470588235294,5,1,5,1,0.6,6,0.0,0,0.3333333333333333,0.4333333333333333,0.5,0.2307692307692307,30,0.75,-6.5,1,2,6,12,4,0.8333333333333334,18,18,0.5,0.4444444444444444,0.4,16.154110282070445,4.100482395663042
P7_R21,7,21,0.4901960784313725,0.4705882352941176,0.2,51,0.7755102040816326,-7.352941176470588,8,0.1568627450980392,6,0.1176470588235294,5,1,5,1,0.6,6,0.0,0,0.3333333333333333,0.3666666666666666,0.5666666666666667,0.0909090909090909,30,0.8214285714285714,-5.5,1,2,6,12,4,0.6666666666666666,18,18,0.3888888888888889,0.5555555555555556,0.5333333333333333,17.16472496213443,4.183067616502654
P7_R22,7,22,0.4901960784313725,0.4705882352941176,0.2,51,0.7755102040816326,-7.352941176470588,8,0.1568627450980392,6,0.1176470588235294,5,1,5,1,0.6,6,0.0,0,0.3333333333333333,0.3529411764705882,0.5294117647058824,-0.6666666666666666,17,0.7333333333333333,-5.294117647058824,0,999,999,999,0,0.3333333333333333,999,999,0.0,0.0,0.6,14.578924070886968,3.9615236947057078
P7_R23,7,23,0.4901960784313725,0.4705882352941176,0.2,51,0.7755102040816326,-7.352941176470588,8,0.1568627450980392,6,0.1176470588235294,5,1,5,1,0.6,6,0.0,0,0.3333333333333333,0.3055555555555556,0.6388888888888888,-0.2727272727272727,36,0.6176470588235294,-4.583333333333334,1,2,21,27,4,0.6666666666666666,9,9,0.2222222222222222,0.6666666666666666,0.4666666666666667,17.181181348701056,4.184374038673554
P7_R24,7,24,0.4901960784313725,0.4705882352941176,0.2,51,0.7755102040816326,-7.352941176470588,8,0.1568627450980392,6,0.1176470588235294,5,1,5,1,0.6,6,0.0,0,0.3333333333333333,0.2666666666666666,0.6666666666666666,0.25,30,0.7857142857142857,-4.0,1,2,6,12,4,0.6666666666666666,18,18,0.2222222222222222,0.7222222222222222,0.6666666666666666,17.460556303442466,4.206374123717467
P7_R25,7,25,0.4901960784313725,0.4705882352941176,0.2,51,0.7755102040816326,-7.352941176470588,8,0.1568627450980392,6,0.1176470588235294,5,1,5,1,0.6,6,0.0,0,0.3333333333333333,0.3666666666666666,0.5666666666666667,0.2727272727272727,30,0.8214285714285714,-5.5,1,2,6,12,4,0.6666666666666666,18,18,0.3888888888888889,0.5555555555555556,0.5333333333333333,19.23587764274266,4.338843515843046
P7_R26,7,26,0.4901960784313725,0.4705882352941176,0.2,51,0.7755102040816326,-7.352941176470588,8,0.1568627450980392,6,0.1176470588235294,5,1,5,1,0.6,6,0.0,0,0.3333333333333333,0.4,0.5333333333333333,0.3333333333333333,30,0.7857142857142857,-6.0,1,2,6,12,4,0.8333333333333334,18,18,0.4444444444444444,0.5,0.4666666666666667,22.70867511086533,4.567343139217613
P7_R27,7,27,0.4901960784313725,0.4705882352941176,0.2,51,0.7755102040816326,-7.352941176470588,8,0.1568627450980392,6,0.1176470588235294,5,1,5,1,0.6,6,0.0,0,0.3333333333333333,0.3333333333333333,0.6060606060606061,-0.0909090909090909,33,0.8387096774193549,-5.0,0,999,999,999,0,0.5,999,999,0.0,0.0,0.7333333333333333,19.21177102597128,4.337123836122159
P7_R28,7,28,0.4901960784313725,0.4705882352941176,0.2,51,0.7755102040816326,-7.352941176470588,8,0.1568627450980392,6,0.1176470588235294,5,1,5,1,0.6,6,0.0,0,0.3333333333333333,0.3939393939393939,0.5454545454545454,0.0769230769230769,33,0.8709677419354839,-5.909090909090909,1,2,11,17,4,0.6666666666666666,16,16,0.4375,0.5,0.5333333333333333,23.635782838852517,4.622683411058913
P7_R29,7,29,0.4901960784313725,0.4705882352941176,0.2,51,0.7755102040816326,-7.352941176470588,8,0.1568627450980392,6,0.1176470588235294,5,1,5,1,0.6,6,0.0,0,0.3333333333333333,0.3666666666666666,0.5666666666666667,0.0909090909090909,30,0.7857142857142857,-5.5,1,2,6,12,4,0.6666666666666666,18,18,0.3888888888888889,0.5555555555555556,0.6,31.887667629471906,5.0394747917590745
P7_R30,7,30,0.4901960784313725,0.4705882352941176,0.2,51,0.7755102040816326,-7.352941176470588,8,0.1568627450980392,6,0.1176470588235294,5,1,5,1,0.6,6,0.0,0,0.3333333333333333,0.4,0.5333333333333333,0.0,30,0.8214285714285714,-6.0,1,2,6,12,4,0.6666666666666666,18,18,0.4444444444444444,0.5,0.5333333333333333,23.60977700008506,4.621159679854137
P7_R31,7,31,0.4901960784313725,0.4705882352941176,0.2,51,0.7755102040816326,-7.352941176470588,8,0.1568627450980392,6,0.1176470588235294,5,1,5,1,0.6,6,0.0,0,0.3333333333333333,0.4333333333333333,0.5,-0.0769230769230769,30,0.7857142857142857,-6.5,1,2,6,12,4,0.6666666666666666,18,18,0.5,0.4444444444444444,0.4666666666666667,29.11101254032251,4.912219317142608
P7_R32,7,32,0.4901960784313725,0.4705882352941176,0.2,51,0.7755102040816326,-7.352941176470588,8,0.1568627450980392,6,0.1176470588235294,5,1,5,1,0.6,6,0.0,0,0.3333333333333333,0.4,0.5333333333333333,0.1666666666666666,30,0.8571428571428571,-6.0,1,2,6,12,4,0.8333333333333334,18,18,0.4444444444444444,0.5,0.5333333333333333,39.481668898312044,5.339196862728075
P7_R33,7,33,0.4901960784313725,0.4705882352941176,0.2,51,0.7755102040816326,-7.352941176470588,8,0.1568627450980392,6,0.1176470588235294,5,1,5,1,0.6,6,0.0,0,0.3333333333333333,0.3636363636363636,0.5757575757575758,0.0,33,0.7419354838709677,-5.454545454545455,1,2,13,19,4,0.6666666666666666,14,14,0.2142857142857142,0.7142857142857143,0.6666666666666666,54.37566222057288,5.791180141406014
P7_R34,7,34,0.4901960784313725,0.4705882352941176,0.2,51,0.7755102040816326,-7.352941176470588,8,0.1568627450980392,6,0.1176470588235294,5,1,5,1,0.6,6,0.0,0,0.3333333333333333,0.3666666666666666,0.5666666666666667,0.0909090909090909,30,0.8571428571428571,-5.5,1,2,6,12,4,0.6666666666666666,18,18,0.3888888888888889,0.5555555555555556,0.4666666666666667,51.79371886674543,5.722294390023409
P7_R35,7,35,0.4901960784313725,0.4705882352941176,0.2,51,0.7755102040816326,-7.352941176470588,8,0.1568627450980392,6,0.1176470588235294,5,1,5,1,0.6,6,0.0,0,0.3333333333333333,0.303030303030303,0.6363636363636364,0.0,33,0.8064516129032258,-4.545454545454546,1,2,16,22,4,0.6666666666666666,11,11,0.2727272727272727,0.6363636363636364,0.6,63.61792947007482,6.013862618453923
P7_R36,7,36,0.4901960784313725,0.4705882352941176,0.2,51,0.7755102040816326,-7.352941176470588,8,0.1568627450980392,6,0.1176470588235294,5,1,5,1,0.6,6,0.0,0,0.3333333333333333,0.3636363636363636,0.5757575757575758,0.0,33,0.9032258064516128,-5.454545454545455,0,999,999,999,0,0.5,999,999,0.0,0.0,0.6,63.58042780386778,6.013025092799217
P7_R37,7,37,0.4901960784313725,0.4705882352941176,0.2,51,0.7755102040816326,-7.352941176470588,8,0.1568627450980392,6,0.1176470588235294,5,1,5,1,0.6,6,0.0,0,0.3333333333333333,0.3333333333333333,0.6060606060606061,-0.0909090909090909,33,0.8064516129032258,-5.0,0,999,999,999,0,0.5,999,999,0.0,0.0,0.6,80.01022184255784,6.340032053145636
P7_R38,7,38,0.4901960784313725,0.4705882352941176,0.2,51,0.7755102040816326,-7.352941176470588,8,0.1568627450980392,6,0.1176470588235294,5,1,5,1,0.6,6,0.0,0,0.3333333333333333,0.3636363636363636,0.5757575757575758,-0.1666666666666666,33,0.8064516129032258,-5.454545454545455,0,999,999,999,0,0.5,999,999,0.0,0.0,0.6666666666666666,79.39921017861545,6.329109423692168
P7_R39,7,39,0.4901960784313725,0.4705882352941176,0.2,51,0.7755102040816326,-7.352941176470588,8,0.1568627450980392,6,0.1176470588235294,5,1,5,1,0.6,6,0.0,0,0.3333333333333333,0.3939393939393939,0.5454545454545454,-0.0769230769230769,33,0.8709677419354839,-5.909090909090909,1,2,16,22,4,0.6666666666666666,11,11,0.1818181818181818,0.7272727272727273,0.6,110.23755359039312,6.797500111220486
P7_R40,7,40,0.4901960784313725,0.4705882352941176,0.2,51,0.7755102040816326,-7.352941176470588,8,0.1568627450980392,6,0.1176470588235294,5,1,5,1,0.6,6,0.0,0,0.3333333333333333,0.3666666666666666,0.5666666666666667,0.2727272727272727,30,0.8571428571428571,-5.5,1,2,6,12,4,0.8333333333333334,18,18,0.3888888888888889,0.5555555555555556,0.6,79.16574634416422,6.324914020649738
P7_R41,7,41,0.4901960784313725,0.4705882352941176,0.2,51,0.7755102040816326,-7.352941176470588,8,0.1568627450980392,6,0.1176470588235294,5,1,5,1,0.6,6,0.0,0,0.3333333333333333,0.4,0.5333333333333333,0.1666666666666666,30,0.7857142857142857,-6.0,1,2,6,12,4,0.6666666666666666,18,18,0.4444444444444444,0.5,0.5333333333333333,68.41608140088162,6.117198020942996
P7_R42,7,42,0.4901960784313725,0.4705882352941176,0.2,51,0.7755102040816326,-7.352941176470588,8,0.1568627450980392,6,0.1176470588235294,5,1,5,1,0.6,6,0.0,0,0.3333333333333333,0.3333333333333333,0.6060606060606061,0.0909090909090909,33,0.8709677419354839,-5.0,0,999,999,999,0,0.5,999,999,0.0,0.0,0.6,130.8409068652364,7.0426542609937455
P7_R43,7,43,0.4901960784313725,0.4705882352941176,0.2,51,0.7755102040816326,-7.352941176470588,8,0.1568627450980392,6,0.1176470588235294,5,1,5,1,0.6,6,0.0,0,0.3333333333333333,0.4,0.5333333333333333,0.1666666666666666,30,0.8571428571428571,-6.0,1,2,6,12,4,0.6666666666666666,18,18,0.4444444444444444,0.5,0.5333333333333333,200.43246673916195,7.654152424403401
P7_R44,7,44,0.4901960784313725,0.4705882352941176,0.2,51,0.7755102040816326,-7.352941176470588,8,0.1568627450980392,6,0.1176470588235294,5,1,5,1,0.6,6,0.0,0,0.3333333333333333,0.3333333333333333,0.6,0.2,30,0.8214285714285714,-5.0,1,2,6,12,4,0.6666666666666666,18,18,0.3333333333333333,0.6111111111111112,0.5333333333333333,350.39145057131947,8.456935280471026
P7_R45,7,45,0.4901960784313725,0.4705882352941176,0.2,51,0.7755102040816326,-7.352941176470588,8,0.1568627450980392,6,0.1176470588235294,5,1,5,1,0.6,6,0.0,0,0.3333333333333333,0.3666666666666666,0.5666666666666667,0.0909090909090909,30,0.75,-5.5,1,2,6,12,4,0.6666666666666666,18,18,0.3888888888888889,0.5555555555555556,0.5333333333333333,432.5302772447592,8.759988942865483
P7_R46,7,46,0.4901960784313725,0.4705882352941176,0.2,51,0.7755102040816326,-7.352941176470588,8,0.1568627450980392,6,0.1176470588235294,5,1,5,1,0.6,6,0.0,0,0.3333333333333333,0.3939393939393939,0.5454545454545454,0.0769230769230769,33,0.9032258064516128,-5.909090909090909,0,999,999,999,0,0.5,999,999,0.0,0.0,0.6,326.6392805110186,8.355964521116459
P7_R47,7,47,0.4901960784313725,0.4705882352941176,0.2,51,0.7755102040816326,-7.352941176470588,8,0.1568627450980392,6,0.1176470588235294,5,1,5,1,0.6,6,0.0,0,0.3333333333333333,0.3939393939393939,0.5454545454545454,0.0769230769230769,33,0.935483870967742,-5.909090909090909,1,2,16,22,4,0.6666666666666666,11,11,0.2727272727272727,0.6363636363636364,0.6,457.51957402350814,8.84083951300372
P8_R0,8,0,0.52,0.44,-0.0769230769230769,50,0.7083333333333334,-7.800000000000001,9,0.18,9,0.18,5,1,4,2,0.5,6,0.6666666666666666,0,0.3333333333333333,0.3333333333333333,0.6,0.2,30,0.8214285714285714,-5.0,1,2,6,12,4,0.6666666666666666,18,18,0.3333333333333333,0.6111111111111112,0.6,1.379646976551703,1.2507475638885461
P8_R1,8,1,0.52,0.44,-0.0769230769230769,50,0.7083333333333334,-7.800000000000001,9,0.18,9,0.18,5,1,4,2,0.5,6,0.6666666666666666,0,0.3333333333333333,0.3333333333333333,0.6,0.0,30,0.8214285714285714,-5.0,1,2,6,12,4,0.6666666666666666,18,18,0.3333333333333333,0.6111111111111112,0.6,2.0309222933056867,1.5997568648244471
P8_R2,8,2,0.52,0.44,-0.0769230769230769,50,0.7083333333333334,-7.800000000000001,9,0.18,9,0.18,5,1,4,2,0.5,6,0.6666666666666666,0,0.3333333333333333,0.3636363636363636,0.5757575757575758,0.0,33,0.8709677419354839,-5.454545454545455,1,2,16,22,4,0.6666666666666666,11,11,0.2727272727272727,0.6363636363636364,0.6,2.873300506251022,1.9535634357994704
P8_R3,8,3,0.52,0.44,-0.0769230769230769,50,0.7083333333333334,-7.800000000000001,9,0.18,9,0.18,5,1,4,2,0.5,6,0.6666666666666666,0,0.3333333333333333,0.4,0.5333333333333333,0.1666666666666666,30,0.8928571428571429,-6.0,1,2,6,12,4,0.8333333333333334,18,18,0.4444444444444444,0.5,0.5333333333333333,4.92788177991223,2.567516676180345
P8_R4,8,4,0.52,0.44,-0.0769230769230769,50,0.7083333333333334,-7.800000000000001,9,0.18,9,0.18,5,1,4,2,0.5,6,0.6666666666666666,0,0.3333333333333333,0.4,0.5333333333333333,0.1666666666666666,30,0.8214285714285714,-6.0,1,2,6,12,4,0.6666666666666666,18,18,0.4444444444444444,0.5,0.4666666666666667,6.190554839746057,2.8461030966265324
P8_R5,8,5,0.52,0.44,-0.0769230769230769,50,0.7083333333333334,-7.800000000000001,9,0.18,9,0.18,5,1,4,2,0.5,6,0.6666666666666666,0,0.3333333333333333,0.3636363636363636,0.5757575757575758,0.0,33,0.8709677419354839,-5.454545454545455,1,1,11,17,5,0.8333333333333334,16,16,0.375,0.5625,0.6,6.503431159205446,2.907550460196021
P8_R6,8,6,0.52,0.44,-0.0769230769230769,50,0.7083333333333334,-7.800000000000001,9,0.18,9,0.18,5,1,4,2,0.5,6,0.6666666666666666,0,0.3333333333333333,0.3,0.6333333333333333,0.1111111111111111,30,0.8214285714285714,-4.5,1,2,6,12,4,0.6666666666666666,18,18,0.2777777777777778,0.6666666666666666,0.6,5.786167697045994,2.762597081788839
P8_R7,8,7,0.52,0.44,-0.0769230769230769,50,0.7083333333333334,-7.800000000000001,9,0.18,9,0.18,5,1,4,2,0.5,6,0.6666666666666666,0,0.3333333333333333,0.3666666666666666,0.5666666666666667,0.2727272727272727,30,0.9285714285714286,-5.5,1,2,6,12,4,0.6666666666666666,18,18,0.3888888888888889,0.5555555555555556,0.4666666666666667,8.546312299350294,3.25494353368261
P8_R8,8,8,0.52,0.44,-0.0769230769230769,50,0.7083333333333334,-7.800000000000001,9,0.18,9,0.18,5,1,4,2,0.5,6,0.6666666666666666,0,0.3333333333333333,0.3333333333333333,0.6060606060606061,-0.0909090909090909,33,0.935483870967742,-5.0,1,1,16,22,5,0.8333333333333334,11,11,0.1818181818181818,0.7272727272727273,0.6666666666666666,8.311863024656272,3.219069836693089
P8_R9,8,9,0.52,0.44,-0.0769230769230769,50,0.7083333333333334,-7.800000000000001,9,0.18,9,0.18,5,1,4,2,0.5,6,0.6666666666666666,0,0.3333333333333333,0.4333333333333333,0.5,-0.0769230769230769,30,0.8214285714285714,-6.5,1,2,6,12,4,0.6666666666666666,18,18,0.5,0.4444444444444444,0.4,10.015763833247343,3.461497629892706
P8_R10,8,10,0.52,0.44,-0.0769230769230769,50,0.7083333333333334,-7.800000000000001,9,0.18,9,0.18,5,1,4,2,0.5,6,0.6666666666666666,0,0.3333333333333333,0.3636363636363636,0.5757575757575758,0.0,33,0.8709677419354839,-5.454545454545455,1,2,13,19,4,0.6666666666666666,14,14,0.3571428571428571,0.5714285714285714,0.5333333333333333,10.588793265559127,3.5346584420399934
P8_R11,8,11,0.52,0.44,-0.0769230769230769,50,0.7083333333333334,-7.800000000000001,9,0.18,9,0.18,5,1,4,2,0.5,6,0.6666666666666666,0,0.3333333333333333,0.3333333333333333,0.6060606060606061,-0.0909090909090909,33,0.9032258064516128,-5.0,1,2,11,17,4,0.6666666666666666,16,16,0.375,0.5625,0.6,10.864328980431031,3.5685586021634217
P8_R12,8,12,0.52,0.44,-0.0769230769230769,50,0.7083333333333334,-7.800000000000001,9,0.18,9,0.18,5,1,4,2,0.5,6,0.6666666666666666,0,0.3333333333333333,0.3666666666666666,0.5666666666666667,0.2727272727272727,30,0.8214285714285714,-5.5,1,2,6,12,4,0.8333333333333334,18,18,0.3888888888888889,0.5555555555555556,0.6,12.319288229842725,3.7354450830988593
P8_R13,8,13,0.52,0.44,-0.0769230769230769,50,0.7083333333333334,-7.800000000000001,9,0.18,9,0.18,5,1,4,2,0.5,6,0.6666666666666666,0,0.3333333333333333,0.3333333333333333,0.6,0.0,30,0.7857142857142857,-5.0,1,2,6,12,4,0.6666666666666666,18,18,0.3333333333333333,0.6111111111111112,0.5333333333333333,11.531095265681973,3.6474406121258216
P8_R14,8,14,0.52,0.44,-0.0769230769230769,50,0.7083333333333334,-7.800000000000001,9,0.18,9,0.18,5,1,4,2,0.5,6,0.6666666666666666,0,0.3333333333333333,0.3055555555555556,0.6388888888888888,0.0909090909090909,36,0.7941176470588235,-4.583333333333334,1,2,16,22,4,1.0,14,14,0.4285714285714285,0.5,0.4666666666666667,12.54699245809443,3.7599006920458784
P8_R15,8,15,0.52,0.44,-0.0769230769230769,50,0.7083333333333334,-7.800000000000001,9,0.18,9,0.18,5,1,4,2,0.5,6,0.6666666666666666,0,0.3333333333333333,0.3333333333333333,0.6060606060606061,0.0909090909090909,33,0.8064516129032258,-5.0,1,2,15,21,4,0.6666666666666666,12,12,0.25,0.6666666666666666,0.6,11.339435104330219,3.6252044447364664
P8_R16,8,16,0.52,0.44,-0.0769230769230769,50,0.7083333333333334,-7.800000000000001,9,0.18,9,0.18,5,1,4,2,0.5,6,0.6666666666666666,0,0.3333333333333333,0.4,0.5333333333333333,0.1666666666666666,30,0.8214285714285714,-6.0,1,2,6,12,4,0.6666666666666666,18,18,0.4444444444444444,0.5,0.5333333333333333,13.508235080565095,3.8588001218465022
P8_R17,8,17,0.52,0.44,-0.0769230769230769,50,0.7083333333333334,-7.800000000000001,9,0.18,9,0.18,5,1,4,2,0.5,6,0.6666666666666666,0,0.3333333333333333,0.3939393939393939,0.5454545454545454,-0.0769230769230769,33,0.9032258064516128,-5.909090909090909,1,1,16,22,5,0.8333333333333334,11,11,0.2727272727272727,0.6363636363636364,0.5333333333333333,14.87360413352622,3.9885578270442674
P8_R18,8,18,0.52,0.44,-0.0769230769230769,50,0.7083333333333334,-7.800000000000001,9,0.18,9,0.18,5,1,4,2,0.5,6,0.6666666666666666,0,0.3333333333333333,0.3636363636363636,0.5757575757575758,-0.1666666666666666,33,0.935483870967742,-5.454545454545455,1,2,16,22,4,0.6666666666666666,11,11,0.2727272727272727,0.6363636363636364,0.6,16.712471840928373,4.146693654453506
P8_R19,8,19,0.52,0.44,-0.0769230769230769,50,0.7083333333333334,-7.800000000000001,9,0.18,9,0.18,5,1,4,2,0.5,6,0.6666666666666666,0,0.3333333333333333,0.4583333333333333,0.4583333333333333,-0.0909090909090909,24,0.8636363636363636,-6.875,1,2,7,13,4,0.6666666666666666,11,11,0.5454545454545454,0.3636363636363636,0.4666666666666667,14.291852707545688,3.9346913040754656
P8_R20,8,20,0.52,0.44,-0.0769230769230769,50,0.7083333333333334,-7.800000000000001,9,0.18,9,0.18,5,1,4,2,0.5,6,0.6666666666666666,0,0.3333333333333333,0.4333333333333333,0.5,0.2307692307692307,30,0.75,-6.5,1,2,6,12,4,0.8333333333333334,18,18,0.5,0.4444444444444444,0.4,18.7288747004427,4.302236764563142
P8_R21,8,21,0.52,0.44,-0.0769230769230769,50,0.7083333333333334,-7.800000000000001,9,0.18,9,0.18,5,1,4,2,0.5,6,0.6666666666666666,0,0.3333333333333333,0.3666666666666666,0.5666666666666667,0.0909090909090909,30,0.8214285714285714,-5.5,1,2,6,12,4,0.6666666666666666,18,18,0.3888888888888889,0.5555555555555556,0.5333333333333333,17.58956898679111,4.216421415557471
P8_R22,8,22,0.52,0.44,-0.0769230769230769,50,0.7083333333333334,-7.800000000000001,9,0.18,9,0.18,5,1,4,2,0.5,6,0.6666666666666666,0,0.3333333333333333,0.3529411764705882,0.5294117647058824,-0.6666666666666666,17,0.7333333333333333,-5.294117647058824,0,999,999,999,0,0.3333333333333333,999,999,0.0,0.0,0.6,18.10746618853749,4.256064572334232
P8_R23,8,23,0.52,0.44,-0.0769230769230769,50,0.7083333333333334,-7.800000000000001,9,0.18,9,0.18,5,1,4,2,0.5,6,0.6666666666666666,0,0.3333333333333333,0.3055555555555556,0.6388888888888888,-0.2727272727272727,36,0.6176470588235294,-4.583333333333334,1,2,21,27,4,0.6666666666666666,9,9,0.2222222222222222,0.6666666666666666,0.4666666666666667,22.092734344341896,4.529367103489439
P8_R24,8,24,0.52,0.44,-0.0769230769230769,50,0.7083333333333334,-7.800000000000001,9,0.18,9,0.18,5,1,4,2,0.5,6,0.6666666666666666,0,0.3333333333333333,0.2666666666666666,0.6666666666666666,0.25,30,0.7857142857142857,-4.0,1,2,6,12,4,0.6666666666666666,18,18,0.2222222222222222,0.7222222222222222,0.6666666666666666,14.713135878267313,3.973899223613362
P8_R25,8,25,0.52,0.44,-0.0769230769230769,50,0.7083333333333334,-7.800000000000001,9,0.18,9,0.18,5,1,4,2,0.5,6,0.6666666666666666,0,0.3333333333333333,0.3666666666666666,0.5666666666666667,0.2727272727272727,30,0.8214285714285714,-5.5,1,2,6,12,4,0.6666666666666666,18,18,0.3888888888888889,0.5555555555555556,0.5333333333333333,16.60450742118052,4.1378729556605744
P8_R26,8,26,0.52,0.44,-0.0769230769230769,50,0.7083333333333334,-7.800000000000001,9,0.18,9,0.18,5,1,4,2,0.5,6,0.6666666666666666,0,0.3333333333333333,0.4,0.5333333333333333,0.3333333333333333,30,0.7857142857142857,-6.0,1,2,6,12,4,0.8333333333333334,18,18,0.4444444444444444,0.5,0.4666666666666667,17.380041793436387,4.200068141988459
P8_R27,8,27,0.52,0.44,-0.0769230769230769,50,0.7083333333333334,-7.800000000000001,9,0.18,9,0.18,5,1,4,2,0.5,6,0.6666666666666666,0,0.3333333333333333,0.3333333333333333,0.6060606060606061,-0.0909090909090909,33,0.8387096774193549,-5.0,0,999,999,999,0,0.5,999,999,0.0,0.0,0.7333333333333333,17.62182368470147,4.218922461663731
P8_R28,8,28,0.52,0.44,-0.0769230769230769,50,0.7083333333333334,-7.800000000000001,9,0.18,9,0.18,5,1,4,2,0.5,6,0.6666666666666666,0,0.3333333333333333,0.3939393939393939,0.5454545454545454,0.0769230769230769,33,0.8709677419354839,-5.909090909090909,1,2,11,17,4,0.6666666666666666,16,16,0.4375,0.5,0.5333333333333333,24.158841734262552,4.652993599668147
P8_R29,8,29,0.52,0.44,-0.0769230769230769,50,0.7083333333333334,-7.800000000000001,9,0.18,9,0.18,5,1,4,2,0.5,6,0.6666666666666666,0,0.3333333333333333,0.3666666666666666,0.5666666666666667,0.0909090909090909,30,0.7857142857142857,-5.5,1,2,6,12,4,0.6666666666666666,18,18,0.3888888888888889,0.5555555555555556,0.6,31.730965996124038,5.032584276471142
P8_R30,8,30,0.52,0.44,-0.0769230769230769,50,0.7083333333333334,-7.800000000000001,9,0.18,9,0.18,5,1,4,2,0.5,6,0.6666666666666666,0,0.3333333333333333,0.4,0.5333333333333333,0.0,30,0.8214285714285714,-6.0,1,2,6,12,4,0.6666666666666666,18,18,0.4444444444444444,0.5,0.5333333333333333,28.088029425612216,4.862353658971079
P8_R31,8,31,0.52,0.44,-0.0769230769230769,50,0.7083333333333334,-7.800000000000001,9,0.18,9,0.18,5,1,4,2,0.5,6,0.6666666666666666,0,0.3333333333333333,0.4333333333333333,0.5,-0.0769230769230769,30,0.7857142857142857,-6.5,1,2,6,12,4,0.6666666666666666,18,18,0.5,0.4444444444444444,0.4666666666666667,37.675104246461444,5.273333275266269
P8_R32,8,32,0.52,0.44,-0.0769230769230769,50,0.7083333333333334,-7.800000000000001,9,0.18,9,0.18,5,1,4,2,0.5,6,0.6666666666666666,0,0.3333333333333333,0.4,0.5333333333333333,0.1666666666666666,30,0.8571428571428571,-6.0,1,2,6,12,4,0.8333333333333334,18,18,0.4444444444444444,0.5,0.5333333333333333,50.08643122692066,5.674868250999695
P8_R33,8,33,0.52,0.44,-0.0769230769230769,50,0.7083333333333334,-7.800000000000001,9,0.18,9,0.18,5,1,4,2,0.5,6,0.6666666666666666,0,0.3333333333333333,0.3636363636363636,0.5757575757575758,0.0,33,0.7419354838709677,-5.454545454545455,1,2,13,19,4,0.6666666666666666,14,14,0.2142857142857142,0.7142857142857143,0.6666666666666666,64.92863642380509,6.0428333378585615
P8_R34,8,34,0.52,0.44,-0.0769230769230769,50,0.7083333333333334,-7.800000000000001,9,0.18,9,0.18,5,1,4,2,0.5,6,0.6666666666666666,0,0.3333333333333333,0.3666666666666666,0.5666666666666667,0.0909090909090909,30,0.8571428571428571,-5.5,1,2,6,12,4,0.6666666666666666,18,18,0.3888888888888889,0.5555555555555556,0.4666666666666667,56.82982308164295,5.853741783389072
P8_R35,8,35,0.52,0.44,-0.0769230769230769,50,0.7083333333333334,-7.800000000000001,9,0.18,9,0.18,5,1,4,2,0.5,6,0.6666666666666666,0,0.3333333333333333,0.303030303030303,0.6363636363636364,0.0,33,0.8064516129032258,-4.545454545454546,1,2,16,22,4,0.6666666666666666,11,11,0.2727272727272727,0.6363636363636364,0.6,70.91387351454853,6.168198214924104
P8_R36,8,36,0.52,0.44,-0.0769230769230769,50,0.7083333333333334,-7.800000000000001,9,0.18,9,0.18,5,1,4,2,0.5,6,0.6666666666666666,0,0.3333333333333333,0.3636363636363636,0.5757575757575758,0.0,33,0.9032258064516128,-5.454545454545455,0,999,999,999,0,0.5,999,999,0.0,0.0,0.6,62.95892575668605,5.999073802646871
P8_R37,8,37,0.52,0.44,-0.0769230769230769,50,0.7083333333333334,-7.800000000000001,9,0.18,9,0.18,5,1,4,2,0.5,6,0.6666666666666666,0,0.3333333333333333,0.3333333333333333,0.6060606060606061,-0.0909090909090909,33,0.8064516129032258,-5.0,0,999,999,999,0,0.5,999,999,0.0,0.0,0.6,69.07194290096727,6.130764993612525
P8_R38,8,38,0.52,0.44,-0.0769230769230769,50,0.7083333333333334,-7.800000000000001,9,0.18,9,0.18,5,1,4,2,0.5,6,0.6666666666666666,0,0.3333333333333333,0.3636363636363636,0.5757575757575758,-0.1666666666666666,33,0.8064516129032258,-5.454545454545455,0,999,999,999,0,0.5,999,999,0.0,0.0,0.6666666666666666,74.22402234220088,6.233121546413086
P8_R39,8,39,0.52,0.44,-0.0769230769230769,50,0.7083333333333334,-7.800000000000001,9,0.18,9,0.18,5,1,4,2,0.5,6,0.6666666666666666,0,0.3333333333333333,0.3939393939393939,0.5454545454545454,-0.0769230769230769,33,0.8709677419354839,-5.909090909090909,1,2,16,22,4,0.6666666666666666,11,11,0.1818181818181818,0.7272727272727273,0.6,69.15055814784324,6.132382677476972
P8_R40,8,40,0.52,0.44,-0.0769230769230769,50,0.7083333333333334,-7.800000000000001,9,0.18,9,0.18,5,1,4,2,0.5,6,0.6666666666666666,0,0.3333333333333333,0.3666666666666666,0.5666666666666667,0.2727272727272727,30,0.8571428571428571,-5.5,1,2,6,12,4,0.8333333333333334,18,18,0.3888888888888889,0.5555555555555556,0.6,79.35844282312894,6.328377702847118
P8_R41,8,41,0.52,0.44,-0.0769230769230769,50,0.7083333333333334,-7.800000000000001,9,0.18,9,0.18,5,1,4,2,0.5,6,0.6666666666666666,0,0.3333333333333333,0.4,0.5333333333333333,0.1666666666666666,30,0.7857142857142857,-6.0,1,2,6,12,4,0.6666666666666666,18,18,0.4444444444444444,0.5,0.5333333333333333,97.25250125474672,6.618422230013177
P8_R42,8,42,0.52,0.44,-0.0769230769230769,50,0.7083333333333334,-7.800000000000001,9,0.18,9,0.18,5,1,4,2,0.5,6,0.6666666666666666,0,0.3333333333333333,0.3333333333333333,0.6060606060606061,0.0909090909090909,33,0.8709677419354839,-5.0,0,999,999,999,0,0.5,999,999,0.0,0.0,0.6,128.86414226263793,7.020859322475589
P8_R43,8,43,0.52,0.44,-0.0769230769230769,50,0.7083333333333334,-7.800000000000001,9,0.18,9,0.18,5,1,4,2,0.5,6,0.6666666666666666,0,0.3333333333333333,0.4,0.5333333333333333,0.1666666666666666,30,0.8571428571428571,-6.0,1,2,6,12,4,0.6666666666666666,18,18,0.4444444444444444,0.5,0.5333333333333333,308.6243098027207,8.274374937274455
P8_R44,8,44,0.52,0.44,-0.0769230769230769,50,0.7083333333333334,-7.800000000000001,9,0.18,9,0.18,5,1,4,2,0.5,6,0.6666666666666666,0,0.3333333333333333,0.3333333333333333,0.6,0.2,30,0.8214285714285714,-5.0,1,2,6,12,4,0.6666666666666666,18,18,0.3333333333333333,0.6111111111111112,0.5333333333333333,311.19465663765106,8.28630203487936
P8_R45,8,45,0.52,0.44,-0.0769230769230769,50,0.7083333333333334,-7.800000000000001,9,0.18,9,0.18,5,1,4,2,0.5,6,0.6666666666666666,0,0.3333333333333333,0.3666666666666666,0.5666666666666667,0.0909090909090909,30,0.75,-5.5,1,2,6,12,4,0.6666666666666666,18,18,0.3888888888888889,0.5555555555555556,0.5333333333333333,418.64395230472604,8.713021979346886
P8_R46,8,46,0.52,0.44,-0.0769230769230769,50,0.7083333333333334,-7.800000000000001,9,0.18,9,0.18,5,1,4,2,0.5,6,0.6666666666666666,0,0.3333333333333333,0.3939393939393939,0.5454545454545454,0.0769230769230769,33,0.9032258064516128,-5.909090909090909,0,999,999,999,0,0.5,999,999,0.0,0.0,0.6,394.646623649437,8.628068635448194
P8_R47,8,47,0.52,0.44,-0.0769230769230769,50,0.7083333333333334,-7.800000000000001,9,0.18,9,0.18,5,1,4,2,0.5,6,0.6666666666666666,0,0.3333333333333333,0.3939393939393939,0.5454545454545454,0.0769230769230769,33,0.935483870967742,-5.909090909090909,1,2,16,22,4,0.6666666666666666,11,11,0.2727272727272727,0.6363636363636364,0.6,658.2917816234201,9.364773287386518
P9_R0,9,0,0.54,0.42,0.1111111111111111,50,0.6666666666666666,-8.100000000000001,9,0.18,9,0.18,6,0,4,2,0.45,6,0.5,0,0.3333333333333333,0.3333333333333333,0.6,0.2,30,0.8214285714285714,-5.0,1,2,6,12,4,0.6666666666666666,18,18,0.3333333333333333,0.6111111111111112,0.6,1.7479005760070219,1.458329805794836
P9_R1,9,1,0.54,0.42,0.1111111111111111,50,0.6666666666666666,-8.100000000000001,9,0.18,9,0.18,6,0,4,2,0.45,6,0.5,0,0.3333333333333333,0.3333333333333333,0.6,0.0,30,0.8214285714285714,-5.0,1,2,6,12,4,0.6666666666666666,18,18,0.3333333333333333,0.6111111111111112,0.6,1.766559099157699,1.4680927429208217
P9_R2,9,2,0.54,0.42,0.1111111111111111,50,0.6666666666666666,-8.100000000000001,9,0.18,9,0.18,6,0,4,2,0.45,6,0.5,0,0.3333333333333333,0.3636363636363636,0.5757575757575758,0.0,33,0.8709677419354839,-5.454545454545455,1,2,16,22,4,0.6666666666666666,11,11,0.2727272727272727,0.6363636363636364,0.6,3.1418741364808773,2.0502837135212904
P9_R3,9,3,0.54,0.42,0.1111111111111111,50,0.6666666666666666,-8.100000000000001,9,0.18,9,0.18,6,0,4,2,0.45,6,0.5,0,0.3333333333333333,0.4,0.5333333333333333,0.1666666666666666,30,0.8928571428571429,-6.0,1,2,6,12,4,0.8333333333333334,18,18,0.4444444444444444,0.5,0.5333333333333333,4.227412081301411,2.38609689264707
P9_R4,9,4,0.54,0.42,0.1111111111111111,50,0.6666666666666666,-8.100000000000001,9,0.18,9,0.18,6,0,4,2,0.45,6,0.5,0,0.3333333333333333,0.4,0.5333333333333333,0.1666666666666666,30,0.8214285714285714,-6.0,1,2,6,12,4,0.6666666666666666,18,18,0.4444444444444444,0.5,0.4666666666666667,5.570905491159212,2.7160921920988153
P9_R5,9,5,0.54,0.42,0.1111111111111111,50,0.6666666666666666,-8.100000000000001,9,0.18,9,0.18,6,0,4,2,0.45,6,0.5,0,0.3333333333333333,0.3636363636363636,0.5757575757575758,0.0,33,0.8709677419354839,-5.454545454545455,1,1,11,17,5,0.8333333333333334,16,16,0.375,0.5625,0.6,6.957644483260222,2.992341446443751
P9_R6,9,6,0.54,0.42,0.1111111111111111,50,0.6666666666666666,-8.100000000000001,9,0.18,9,0.18,6,0,4,2,0.45,6,0.5,0,0.3333333333333333,0.3,0.6333333333333333,0.1111111111111111,30,0.8214285714285714,-4.5,1,2,6,12,4,0.6666666666666666,18,18,0.2777777777777778,0.6666666666666666,0.6,7.537588211140775,3.093828579536597
P9_R7,9,7,0.54,0.42,0.1111111111111111,50,0.6666666666666666,-8.100000000000001,9,0.18,9,0.18,6,0,4,2,0.45,6,0.5,0,0.3333333333333333,0.3666666666666666,0.5666666666666667,0.2727272727272727,30,0.9285714285714286,-5.5,1,2,6,12,4,0.6666666666666666,18,18,0.3888888888888889,0.5555555555555556,0.4666666666666667,9.18516295349669,3.348397157205982
P9_R8,9,8,0.54,0.42,0.1111111111111111,50,0.6666666666666666,-8.100000000000001,9,0.18,9,0.18,6,0,4,2,0.45,6,0.5,0,0.3333333333333333,0.3333333333333333,0.6060606060606061,-0.0909090909090909,33,0.935483870967742,-5.0,1,1,16,22,5,0.8333333333333334,11,11,0.1818181818181818,0.7272727272727273,0.6666666666666666,8.812071826769257,3.2945577948152596
P9_R9,9,9,0.54,0.42,0.1111111111111111,50,0.6666666666666666,-8.100000000000001,9,0.18,9,0.18,6,0,4,2,0.45,6,0.5,0,0.3333333333333333,0.4333333333333333,0.5,-0.0769230769230769,30,0.8214285714285714,-6.5,1,2,6,12,4,0.6666666666666666,18,18,0.5,0.4444444444444444,0.4,9.980275760976964,3.456842381835045
P9_R10,9,10,0.54,0.42,0.1111111111111111,50,0.6666666666666666,-8.100000000000001,9,0.18,9,0.18,6,0,4,2,0.45,6,0.5,0,0.3333333333333333,0.3636363636363636,0.5757575757575758,0.0,33,0.8709677419354839,-5.454545454545455,1,2,13,19,4,0.6666666666666666,14,14,0.3571428571428571,0.5714285714285714,0.5333333333333333,10.22515119371406,3.4886629719208213
P9_R11,9,11,0.54,0.42,0.1111111111111111,50,0.6666666666666666,-8.100000000000001,9,0.18,9,0.18,6,0,4,2,0.45,6,0.5,0,0.3333333333333333,0.3333333333333333,0.6060606060606061,-0.0909090909090909,33,0.9032258064516128,-5.0,1,2,11,17,4,0.6666666666666666,16,16,0.375,0.5625,0.6,13.18272073946283,3.826062413135579
P9_R12,9,12,0.54,0.42,0.1111111111111111,50,0.6666666666666666,-8.100000000000001,9,0.18,9,0.18,6,0,4,2,0.45,6,0.5,0,0.3333333333333333,0.3666666666666666,0.5666666666666667,0.2727272727272727,30,0.8214285714285714,-5.5,1,2,6,12,4,0.8333333333333334,18,18,0.3888888888888889,0.5555555555555556,0.6,10.609898106390109,3.5372834054154962
P9_R13,9,13,0.54,0.42,0.1111111111111111,50,0.6666666666666666,-8.100000000000001,9,0.18,9,0.18,6,0,4,2,0.45,6,0.5,0,0.3333333333333333,0.3333333333333333,0.6,0.0,30,0.7857142857142857,-5.0,1,2,6,12,4,0.6666666666666666,18,18,0.3333333333333333,0.6111111111111112,0.5333333333333333,9.072029469653955,3.332282504230621
P9_R14,9,14,0.54,0.42,0.1111111111111111,50,0.6666666666666666,-8.100000000000001,9,0.18,9,0.18,6,0,4,2,0.45,6,0.5,0,0.3333333333333333,0.3055555555555556,0.6388888888888888,0.0909090909090909,36,0.7941176470588235,-4.583333333333334,1,2,16,22,4,1.0,14,14,0.4285714285714285,0.5,0.4666666666666667,13.819956908995675,3.8894693477086646
P9_R15,9,15,0.54,0.42,0.1111111111111111,50,0.6666666666666666,-8.100000000000001,9,0.18,9,0.18,6,0,4,2,0.45,6,0.5,0,0.3333333333333333,0.3333333333333333,0.6060606060606061,0.0909090909090909,33,0.8064516129032258,-5.0,1,2,15,21,4,0.6666666666666666,12,12,0.25,0.6666666666666666,0.6,12.186433171276875,3.7209824743362816
P9_R16,9,16,0.54,0.42,0.1111111111111111,50,0.6666666666666666,-8.100000000000001,9,0.18,9,0.18,6,0,4,2,0.45,6,0.5,0,0.3333333333333333,0.4,0.5333333333333333,0.1666666666666666,30,0.8214285714285714,-6.0,1,2,6,12,4,0.6666666666666666,18,18,0.4444444444444444,0.5,0.5333333333333333,16.667973701610997,4.1430646849599295
P9_R17,9,17,0.54,0.42,0.1111111111111111,50,0.6666666666666666,-8.100000000000001,9,0.18,9,0.18,6,0,4,2,0.45,6,0.5,0,0.3333333333333333,0.3939393939393939,0.5454545454545454,-0.0769230769230769,33,0.9032258064516128,-5.909090909090909,1,1,16,22,5,0.8333333333333334,11,11,0.2727272727272727,0.6363636363636364,0.5333333333333333,15.543418653700119,4.048185489318223
P9_R18,9,18,0.54,0.42,0.1111111111111111,50,0.6666666666666666,-8.100000000000001,9,0.18,9,0.18,6,0,4,2,0.45,6,0.5,0,0.3333333333333333,0.3636363636363636,0.5757575757575758,-0.1666666666666666,33,0.935483870967742,-5.454545454545455,1,2,16,22,4,0.6666666666666666,11,11,0.2727272727272727,0.6363636363636364,0.6,14.723787869066074,3.974876900374142
P9_R19,9,19,0.54,0.42,0.1111111111111111,50,0.6666666666666666,-8.100000000000001,9,0.18,9,0.18,6,0,4,2,0.45,6,0.5,0,0.3333333333333333,0.4583333333333333,0.4583333333333333,-0.0909090909090909,24,0.8636363636363636,-6.875,1,2,7,13,4,0.6666666666666666,11,11,0.5454545454545454,0.3636363636363636,0.4666666666666667,16.234299314843277,4.107210739948806
P9_R20,9,20,0.54,0.42,0.1111111111111111,50,0.6666666666666666,-8.100000000000001,9,0.18,9,0.18,6,0,4,2,0.45,6,0.5,0,0.3333333333333333,0.4333333333333333,0.5,0.2307692307692307,30,0.75,-6.5,1,2,6,12,4,0.8333333333333334,18,18,0.5,0.4444444444444444,0.4,23.584796346729636,4.61969449923116
P9_R21,9,21,0.54,0.42,0.1111111111111111,50,0.6666666666666666,-8.100000000000001,9,0.18,9,0.18,6,0,4,2,0.45,6,0.5,0,0.3333333333333333,0.3666666666666666,0.5666666666666667,0.0909090909090909,30,0.8214285714285714,-5.5,1,2,6,12,4,0.6666666666666666,18,18,0.3888888888888889,0.5555555555555556,0.5333333333333333,25.400986322671013,4.722519923571296
P9_R22,9,22,0.54,0.42,0.1111111111111111,50,0.6666666666666666,-8.100000000000001,9,0.18,9,0.18,6,0,4,2,0.45,6,0.5,0,0.3333333333333333,0.3529411764705882,0.5294117647058824,-0.6666666666666666,17,0.7333333333333333,-5.294117647058824,0,999,999,999,0,0.3333333333333333,999,999,0.0,0.0,0.6,18.923828530589272,4.316422994872525
P9_R23,9,23,0.54,0.42,0.1111111111111111,50,0.6666666666666666,-8.100000000000001,9,0.18,9,0.18,6,0,4,2,0.45,6,0.5,0,0.3333333333333333,0.3055555555555556,0.6388888888888888,-0.2727272727272727,36,0.6176470588235294,-4.583333333333334,1,2,21,27,4,0.6666666666666666,9,9,0.2222222222222222,0.6666666666666666,0.4666666666666667,20.305840947201784,4.413177091083808
P9_R24,9,24,0.54,0.42,0.1111111111111111,50,0.6666666666666666,-8.100000000000001,9,0.18,9,0.18,6,0,4,2,0.45,6,0.5,0,0.3333333333333333,0.2666666666666666,0.6666666666666666,0.25,30,0.7857142857142857,-4.0,1,2,6,12,4,0.6666666666666666,18,18,0.2222222222222222,0.7222222222222222,0.6666666666666666,23.6933595896266,4.626051226773694
P9_R25,9,25,0.54,0.42,0.1111111111111111,50,0.6666666666666666,-8.100000000000001,9,0.18,9,0.18,6,0,4,2,0.45,6,0.5,0,0.3333333333333333,0.3666666666666666,0.5666666666666667,0.2727272727272727,30,0.8214285714285714,-5.5,1,2,6,12,4,0.6666666666666666,18,18,0.3888888888888889,0.5555555555555556,0.5333333333333333,18.05377737582767,4.252005132561435
P9_R26,9,26,0.54,0.42,0.1111111111111111,50,0.6666666666666666,-8.100000000000001,9,0.18,9,0.18,6,0,4,2,0.45,6,0.5,0,0.3333333333333333,0.4,0.5333333333333333,0.3333333333333333,30,0.7857142857142857,-6.0,1,2,6,12,4,0.8333333333333334,18,18,0.4444444444444444,0.5,0.4666666666666667,23.18881247857843,4.596268038520219
P9_R27,9,27,0.54,0.42,0.1111111111111111,50,0.6666666666666666,-8.100000000000001,9,0.18,9,0.18,6,0,4,2,0.45,6,0.5,0,0.3333333333333333,0.3333333333333333,0.6060606060606061,-0.0909090909090909,33,0.8387096774193549,-5.0,0,999,999,999,0,0.5,999,999,0.0,0.0,0.7333333333333333,25.314064702333248,4.717762211994861
P9_R28,9,28,0.54,0.42,0.1111111111111111,50,0.6666666666666666,-8.100000000000001,9,0.18,9,0.18,6,0,4,2,0.45,6,0.5,0,0.3333333333333333,0.3939393939393939,0.5454545454545454,0.0769230769230769,33,0.8709677419354839,-5.909090909090909,1,2,11,17,4,0.6666666666666666,16,16,0.4375,0.5,0.5333333333333333,28.48949377347093,4.8821291517132055
P9_R29,9,29,0.54,0.42,0.1111111111111111,50,0.6666666666666666,-8.100000000000001,9,0.18,9,0.18,6,0,4,2,0.45,6,0.5,0,0.3333333333333333,0.3666666666666666,0.5666666666666667,0.0909090909090909,30,0.7857142857142857,-5.5,1,2,6,12,4,0.6666666666666666,18,18,0.3888888888888889,0.5555555555555556,0.6,25.430053801918955,4.724107456669064
P9_R30,9,30,0.54,0.42,0.1111111111111111,50,0.6666666666666666,-8.100000000000001,9,0.18,9,0.18,6,0,4,2,0.45,6,0.5,0,0.3333333333333333,0.4,0.5333333333333333,0.0,30,0.8214285714285714,-6.0,1,2,6,12,4,0.6666666666666666,18,18,0.4444444444444444,0.5,0.5333333333333333,23.469460528822808,4.612910389971548
P9_R31,9,31,0.54,0.42,0.1111111111111111,50,0.6666666666666666,-8.100000000000001,9,0.18,9,0.18,6,0,4,2,0.45,6,0.5,0,0.3333333333333333,0.4333333333333333,0.5,-0.0769230769230769,30,0.7857142857142857,-6.5,1,2,6,12,4,0.6666666666666666,18,18,0.5,0.4444444444444444,0.4666666666666667,27.23335572459681,4.819328707894352
P9_R32,9,32,0.54,0.42,0.1111111111111111,50,0.6666666666666666,-8.100000000000001,9,0.18,9,0.18,6,0,4,2,0.45,6,0.5,0,0.3333333333333333,0.4,0.5333333333333333,0.1666666666666666,30,0.8571428571428571,-6.0,1,2,6,12,4,0.8333333333333334,18,18,0.4444444444444444,0.5,0.5333333333333333,36.55503553150463,5.230934458000159
P9_R33,9,33,0.54,0.42,0.1111111111111111,50,0.6666666666666666,-8.100000000000001,9,0.18,9,0.18,6,0,4,2,0.45,6,0.5,0,0.3333333333333333,0.3636363636363636,0.5757575757575758,0.0,33,0.7419354838709677,-5.454545454545455,1,2,13,19,4,0.6666666666666666,14,14,0.2142857142857142,0.7142857142857143,0.6666666666666666,50.47073203438023,5.6856803960807305
P9_R34,9,34,0.54,0.42,0.1111111111111111,50,0.6666666666666666,-8.100000000000001,9,0.18,9,0.18,6,0,4,2,0.45,6,0.5,0,0.3333333333333333,0.3666666666666666,0.5666666666666667,0.0909090909090909,30,0.8571428571428571,-5.5,1,2,6,12,4,0.6666666666666666,18,18,0.3888888888888889,0.5555555555555556,0.4666666666666667,55.841216629067354,5.828865529234726
P9_R35,9,35,0.54,0.42,0.1111111111111111,50,0.6666666666666666,-8.100000000000001,9,0.18,9,0.18,6,0,4,2,0.45,6,0.5,0,0.3333333333333333,0.303030303030303,0.6363636363636364,0.0,33,0.8064516129032258,-4.545454545454546,1,2,16,22,4,0.6666666666666666,11,11,0.2727272727272727,0.6363636363636364,0.6,78.65505772113265,6.31569406388888
P9_R36,9,36,0.54,0.42,0.1111111111111111,50,0.6666666666666666,-8.100000000000001,9,0.18,9,0.18,6,0,4,2,0.45,6,0.5,0,0.3333333333333333,0.3636363636363636,0.5757575757575758,0.0,33,0.9032258064516128,-5.454545454545455,0,999,999,999,0,0.5,999,999,0.0,0.0,0.6,74.48677552941584,6.238152016818594
P9_R37,9,37,0.54,0.42,0.1111111111111111,50,0.6666666666666666,-8.100000000000001,9,0.18,9,0.18,6,0,4,2,0.45,6,0.5,0,0.3333333333333333,0.3333333333333333,0.6060606060606061,-0.0909090909090909,33,0.8064516129032258,-5.0,0,999,999,999,0,0.5,999,999,0.0,0.0,0.6,68.88949712256094,6.12700376096473
P9_R38,9,38,0.54,0.42,0.1111111111111111,50,0.6666666666666666,-8.100000000000001,9,0.18,9,0.18,6,0,4,2,0.45,6,0.5,0,0.3333333333333333,0.3636363636363636,0.5757575757575758,-0.1666666666666666,33,0.8064516129032258,-5.454545454545455,0,999,999,999,0,0.5,999,999,0.0,0.0,0.6666666666666666,86.87438470292587,6.457370777346842
P9_R39,9,39,0.54,0.42,0.1111111111111111,50,0.6666666666666666,-8.100000000000001,9,0.18,9,0.18,6,0,4,2,0.45,6,0.5,0,0.3333333333333333,0.3939393939393939,0.5454545454545454,-0.0769230769230769,33,0.8709677419354839,-5.909090909090909,1,2,16,22,4,0.6666666666666666,11,11,0.1818181818181818,0.7272727272727273,0.6,82.54667761781681,6.384510552981089
P9_R40,9,40,0.54,0.42,0.1111111111111111,50,0.6666666666666666,-8.100000000000001,9,0.18,9,0.18,6,0,4,2,0.45,6,0.5,0,0.3333333333333333,0.3666666666666666,0.5666666666666667,0.2727272727272727,30,0.8571428571428571,-5.5,1,2,6,12,4,0.8333333333333334,18,18,0.3888888888888889,0.5555555555555556,0.6,88.28757595421938,6.480387538361348
P9_R41,9,41,0.54,0.42,0.1111111111111111,50,0.6666666666666666,-8.100000000000001,9,0.18,9,0.18,6,0,4,2,0.45,6,0.5,0,0.3333333333333333,0.4,0.5333333333333333,0.1666666666666666,30,0.7857142857142857,-6.0,1,2,6,12,4,0.6666666666666666,18,18,0.4444444444444444,0.5,0.5333333333333333,107.21874615750217,6.757806620971793
P9_R42,9,42,0.54,0.42,0.1111111111111111,50,0.6666666666666666,-8.100000000000001,9,0.18,9,0.18,6,0,4,2,0.45,6,0.5,0,0.3333333333333333,0.3333333333333333,0.6060606060606061,0.0909090909090909,33,0.8709677419354839,-5.0,0,999,999,999,0,0.5,999,999,0.0,0.0,0.6,127.37756832960008,7.004249329253446
P9_R43,9,43,0.54,0.42,0.1111111111111111,50,0.6666666666666666,-8.100000000000001,9,0.18,9,0.18,6,0,4,2,0.45,6,0.5,0,0.3333333333333333,0.4,0.5333333333333333,0.1666666666666666,30,0.8571428571428571,-6.0,1,2,6,12,4,0.6666666666666666,18,18,0.4444444444444444,0.5,0.5333333333333333,230.253186795821,7.853329436670046
P9_R44,9,44,0.54,0.42,0.1111111111111111,50,0.6666666666666666,-8.100000000000001,9,0.18,9,0.18,6,0,4,2,0.45,6,0.5,0,0.3333333333333333,0.3333333333333333,0.6,0.2,30,0.8214285714285714,-5.0,1,2,6,12,4,0.6666666666666666,18,18,0.3333333333333333,0.6111111111111112,0.5333333333333333,456.40593907347966,8.837331287960318
P9_R45,9,45,0.54,0.42,0.1111111111111111,50,0.6666666666666666,-8.100000000000001,9,0.18,9,0.18,6,0,4,2,0.45,6,0.5,0,0.3333333333333333,0.3666666666666666,0.5666666666666667,0.0909090909090909,30,0.75,-5.5,1,2,6,12,4,0.6666666666666666,18,18,0.3888888888888889,0.5555555555555556,0.5333333333333333,337.93886294618454,8.404881256414429
P9_R46,9,46,0.54,0.42,0.1111111111111111,50,0.6666666666666666,-8.100000000000001,9,0.18,9,0.18,6,0,4,2,0.45,6,0.5,0,0.3333333333333333,0.3939393939393939,0.5454545454545454,0.0769230769230769,33,0.9032258064516128,-5.909090909090909,0,999,999,999,0,0.5,999,999,0.0,0.0,0.6,469.2249273105972,8.877207210165386
P9_R47,9,47,0.54,0.42,0.1111111111111111,50,0.6666666666666666,-8.100000000000001,9,0.18,9,0.18,6,0,4,2,0.45,6,0.5,0,0.3333333333333333,0.3939393939393939,0.5454545454545454,0.0769230769230769,33,0.935483870967742,-5.909090909090909,1,2,16,22,4,0.6666666666666666,11,11,0.2727272727272727,0.6363636363636364,0.6,919.7977578561514,9.84674051028467
P10_R0,10,0,0.4516129032258064,0.5161290322580645,0.0,62,0.6833333333333333,-6.774193548387097,10,0.1612903225806451,9,0.1451612903225806,4,2,4,2,0.75,6,0.3333333333333333,1,0.3333333333333333,0.3333333333333333,0.6,0.2,30,0.8214285714285714,-5.0,1,2,6,12,4,0.6666666666666666,18,18,0.3333333333333333,0.6111111111111112,0.6,3.4146534529230763,2.142300191809842
P10_R1,10,1,0.4516129032258064,0.5161290322580645,0.0,62,0.6833333333333333,-6.774193548387097,10,0.1612903225806451,9,0.1451612903225806,4,2,4,2,0.75,6,0.3333333333333333,1,0.3333333333333333,0.3333333333333333,0.6,0.0,30,0.8214285714285714,-5.0,1,2,6,12,4,0.6666666666666666,18,18,0.3333333333333333,0.6111111111111112,0.6,5.339795448405101,2.6644362929936634
P10_R2,10,2,0.4516129032258064,0.5161290322580645,0.0,62,0.6833333333333333,-6.774193548387097,10,0.1612903225806451,9,0.1451612903225806,4,2,4,2,0.75,6,0.3333333333333333,1,0.3333333333333333,0.3636363636363636,0.5757575757575758,0.0,33,0.8709677419354839,-5.454545454545455,1,2,16,22,4,0.6666666666666666,11,11,0.2727272727272727,0.6363636363636364,0.6,5.133761429721806,2.616772054630589
P10_R3,10,3,0.4516129032258064,0.5161290322580645,0.0,62,0.6833333333333333,-6.774193548387097,10,0.1612903225806451,9,0.1451612903225806,4,2,4,2,0.75,6,0.3333333333333333,1,0.3333333333333333,0.4,0.5333333333333333,0.1666666666666666,30,0.8928571428571429,-6.0,1,2,6,12,4,0.8333333333333334,18,18,0.4444444444444444,0.5,0.5333333333333333,9.35576124990957,3.372361704563827
P10_R4,10,4,0.4516129032258064,0.5161290322580645,0.0,62,0.6833333333333333,-6.774193548387097,10,0.1612903225806451,9,0.1451612903225806,4,2,4,2,0.75,6,0.3333333333333333,1,0.3333333333333333,0.4,0.5333333333333333,0.1666666666666666,30,0.8214285714285714,-6.0,1,2,6,12,4,0.6666666666666666,18,18,0.4444444444444444,0.5,0.4666666666666667,11.085753518005134,3.5952355194016627
P10_R5,10,5,0.4516129032258064,0.5161290322580645,0.0,62,0.6833333333333333,-6.774193548387097,10,0.1612903225806451,9,0.1451612903225806,4,2,4,2,0.75,6,0.3333333333333333,1,0.3333333333333333,0.3636363636363636,0.5757575757575758,0.0,33,0.8709677419354839,-5.454545454545455,1,1,11,17,5,0.8333333333333334,16,16,0.375,0.5625,0.6,14.750520338214553,3.9773275855292245
P10_R6,10,6,0.4516129032258064,0.5161290322580645,0.0,62,0.6833333333333333,-6.774193548387097,10,0.1612903225806451,9,0.1451612903225806,4,2,4,2,0.75,6,0.3333333333333333,1,0.3333333333333333,0.3,0.6333333333333333,0.1111111111111111,30,0.8214285714285714,-4.5,1,2,6,12,4,0.6666666666666666,18,18,0.2777777777777778,0.6666666666666666,0.6,13.703592860059155,3.878096819204087
P10_R7,10,7,0.4516129032258064,0.5161290322580645,0.0,62,0.6833333333333333,-6.774193548387097,10,0.1612903225806451,9,0.1451612903225806,4,2,4,2,0.75,6,0.3333333333333333,1,0.3333333333333333,0.3666666666666666,0.5666666666666667,0.2727272727272727,30,0.9285714285714286,-5.5,1,2,6,12,4,0.6666666666666666,18,18,0.3888888888888889,0.5555555555555556,0.4666666666666667,17.02166171695306,4.171660138240718
P10_R8,10,8,0.4516129032258064,0.5161290322580645,0.0,62,0.6833333333333333,-6.774193548387097,10,0.1612903225806451,9,0.1451612903225806,4,2,4,2,0.75,6,0.3333333333333333,1,0.3333333333333333,0.3333333333333333,0.6060606060606061,-0.0909090909090909,33,0.935483870967742,-5.0,1,1,16,22,5,0.8333333333333334,11,11,0.1818181818181818,0.7272727272727273,0.6666666666666666,14.780582213823989,3.980078528470774
P10_R9,10,9,0.4516129032258064,0.5161290322580645,0.0,62,0.6833333333333333,-6.774193548387097,10,0.1612903225806451,9,0.1451612903225806,4,2,4,2,0.75,6,0.3333333333333333,1,0.3333333333333333,0.4333333333333333,0.5,-0.0769230769230769,30,0.8214285714285714,-6.5,1,2,6,12,4,0.6666666666666666,18,18,0.5,0.4444444444444444,0.4,19.446845279217197,4.353806363427581
P10_R10,10,10,0.4516129032258064,0.5161290322580645,0.0,62,0.6833333333333333,-6.774193548387097,10,0.1612903225806451,9,0.1451612903225806,4,2,4,2,0.75,6,0.3333333333333333,1,0.3333333333333333,0.3636363636363636,0.5757575757575758,0.0,33,0.8709677419354839,-5.454545454545455,1,2,13,19,4,0.6666666666666666,14,14,0.3571428571428571,0.5714285714285714,0.5333333333333333,21.113041183557943,4.466825546035145
P10_R11,10,11,0.4516129032258064,0.5161290322580645,0.0,62,0.6833333333333333,-6.774193548387097,10,0.1612903225806451,9,0.1451612903225806,4,2,4,2,0.75,6,0.3333333333333333,1,0.3333333333333333,0.3333333333333333,0.6060606060606061,-0.0909090909090909,33,0.9032258064516128,-5.0,1,2,11,17,4,0.6666666666666666,16,16,0.375,0.5625,0.6,21.164453527034915,4.470175887638422
P10_R12,10,12,0.4516129032258064,0.5161290322580645,0.0,62,0.6833333333333333,-6.774193548387097,10,0.1612903225806451,9,0.1451612903225806,4,2,4,2,0.75,6,0.3333333333333333,1,0.3333333333333333,0.3666666666666666,0.5666666666666667,0.2727272727272727,30,0.8214285714285714,-5.5,1,2,6,12,4,0.8333333333333334,18,18,0.3888888888888889,0.5555555555555556,0.6,19.822221684700136,4.380052104086587
P10_R13,10,13,0.4516129032258064,0.5161290322580645,0.0,62,0.6833333333333333,-6.774193548387097,10,0.1612903225806451,9,0.1451612903225806,4,2,4,2,0.75,6,0.3333333333333333,1,0.3333333333333333,0.3333333333333333,0.6,0.0,30,0.7857142857142857,-5.0,1,2,6,12,4,0.6666666666666666,18,18,0.3333333333333333,0.6111111111111112,0.5333333333333333,22.4514490751648,4.551605165131813
P10_R14,10,14,0.4516129032258064,0.5161290322580645,0.0,62,0.6833333333333333,-6.774193548387097,10,0.1612903225806451,9,0.1451612903225806,4,2,4,2,0.75,6,0.3333333333333333,1,0.3333333333333333,0.3055555555555556,0.6388888888888888,0.0909090909090909,36,0.7941176470588235,-4.583333333333334,1,2,16,22,4,1.0,14,14,0.4285714285714285,0.5,0.4666666666666667,20.82730848563478,4.448062338187901
P10_R15,10,15,0.4516129032258064,0.5161290322580645,0.0,62,0.6833333333333333,-6.774193548387097,10,0.1612903225806451,9,0.1451612903225806,4,2,4,2,0.75,6,0.3333333333333333,1,0.3333333333333333,0.3333333333333333,0.6060606060606061,0.0909090909090909,33,0.8064516129032258,-5.0,1,2,15,21,4,0.6666666666666666,12,12,0.25,0.6666666666666666,0.6,27.300751970641382,4.822768481863329
P10_R16,10,16,0.4516129032258064,0.5161290322580645,0.0,62,0.6833333333333333,-6.774193548387097,10,0.1612903225806451,9,0.1451612903225806,4,2,4,2,0.75,6,0.3333333333333333,1,0.3333333333333333,0.4,0.5333333333333333,0.1666666666666666,30,0.8214285714285714,-6.0,1,2,6,12,4,0.6666666666666666,18,18,0.4444444444444444,0.5,0.5333333333333333,19.848431979246158,4.381866976838687
P10_R17,10,17,0.4516129032258064,0.5161290322580645,0.0,62,0.6833333333333333,-6.774193548387097,10,0.1612903225806451,9,0.1451612903225806,4,2,4,2,0.75,6,0.3333333333333333,1,0.3333333333333333,0.3939393939393939,0.5454545454545454,-0.0769230769230769,33,0.9032258064516128,-5.909090909090909,1,1,16,22,5,0.8333333333333334,11,11,0.2727272727272727,0.6363636363636364,0.5333333333333333,25.850379797254266,4.7468705900902295
P10_R18,10,18,0.4516129032258064,0.5161290322580645,0.0,62,0.6833333333333333,-6.774193548387097,10,0.1612903225806451,9,0.1451612903225806,4,2,4,2,0.75,6,0.3333333333333333,1,0.3333333333333333,0.3636363636363636,0.5757575757575758,-0.1666666666666666,33,0.935483870967742,-5.454545454545455,1,2,16,22,4,0.6666666666666666,11,11,0.2727272727272727,0.6363636363636364,0.6,20.636242870636632,4.435378092088215
P10_R19,10,19,0.4516129032258064,0.5161290322580645,0.0,62,0.6833333333333333,-6.774193548387097,10,0.1612903225806451,9,0.1451612903225806,4,2,4,2,0.75,6,0.3333333333333333,1,0.3333333333333333,0.4583333333333333,0.4583333333333333,-0.0909090909090909,24,0.8636363636363636,-6.875,1,2,7,13,4,0.6666666666666666,11,11,0.5454545454545454,0.3636363636363636,0.4666666666666667,22.807430708196236,4.573340028618247
P10_R20,10,20,0.4516129032258064,0.5161290322580645,0.0,62,0.6833333333333333,-6.774193548387097,10,0.1612903225806451,9,0.1451612903225806,4,2,4,2,0.75,6,0.3333333333333333,1,0.3333333333333333,0.4333333333333333,0.5,0.2307692307692307,30,0.75,-6.5,1,2,6,12,4,0.8333333333333334,18,18,0.5,0.4444444444444444,0.4,40.00743798086865,5.357813706200454
P10_R21,10,21,0.4516129032258064,0.5161290322580645,0.0,62,0.6833333333333333,-6.774193548387097,10,0.1612903225806451,9,0.1451612903225806,4,2,4,2,0.75,6,0.3333333333333333,1,0.3333333333333333,0.3666666666666666,0.5666666666666667,0.0909090909090909,30,0.8214285714285714,-5.5,1,2,6,12,4,0.6666666666666666,18,18,0.3888888888888889,0.5555555555555556,0.5333333333333333,39.4113689562854,5.336689319286535
P10_R22,10,22,0.4516129032258064,0.5161290322580645,0.0,62,0.6833333333333333,-6.774193548387097,10,0.1612903225806451,9,0.1451612903225806,4,2,4,2,0.75,6,0.3333333333333333,1,0.3333333333333333,0.3529411764705882,0.5294117647058824,-0.6666666666666666,17,0.7333333333333333,-5.294117647058824,0,999,999,999,0,0.3333333333333333,999,999,0.0,0.0,0.6,31.144209763913448,5.00648697871687
P10_R23,10,23,0.4516129032258064,0.5161290322580645,0.0,62,0.6833333333333333,-6.774193548387097,10,0.1612903225806451,9,0.1451612903225806,4,2,4,2,0.75,6,0.3333333333333333,1,0.3333333333333333,0.3055555555555556,0.6388888888888888,-0.2727272727272727,36,0.6176470588235294,-4.583333333333334,1,2,21,27,4,0.6666666666666666,9,9,0.2222222222222222,0.6666666666666666,0.4666666666666667,29.31326437740994,4.921877316442571
P10_R24,10,24,0.4516129032258064,0.5161290322580645,0.0,62,0.6833333333333333,-6.774193548387097,10,0.1612903225806451,9,0.1451612903225806,4,2,4,2,0.75,6,0.3333333333333333,1,0.3333333333333333,0.2666666666666666,0.6666666666666666,0.25,30,0.7857142857142857,-4.0,1,2,6,12,4,0.6666666666666666,18,18,0.2222222222222222,0.7222222222222222,0.6666666666666666,23.941542442244472,4.640478782387244
P10_R25,10,25,0.4516129032258064,0.5161290322580645,0.0,62,0.6833333333333333,-6.774193548387097,10,0.1612903225806451,9,0.1451612903225806,4,2,4,2,0.75,6,0.3333333333333333,1,0.3333333333333333,0.3666666666666666,0.5666666666666667,0.2727272727272727,30,0.8214285714285714,-5.5,1,2,6,12,4,0.6666666666666666,18,18,0.3888888888888889,0.5555555555555556,0.5333333333333333,34.99535780569883,5.169738954149527
P10_R26,10,26,0.4516129032258064,0.5161290322580645,0.0,62,0.6833333333333333,-6.774193548387097,10,0.1612903225806451,9,0.1451612903225806,4,2,4,2,0.75,6,0.3333333333333333,1,0.3333333333333333,0.4,0.5333333333333333,0.3333333333333333,30,0.7857142857142857,-6.0,1,2,6,12,4,0.8333333333333334,18,18,0.4444444444444444,0.5,0.4666666666666667,58.75094815021536,5.9008897013825985
P10_R27,10,27,0.4516129032258064,0.5161290322580645,0.0,62,0.6833333333333333,-6.774193548387097,10,0.1612903225806451,9,0.1451612903225806,4,2,4,2,0.75,6,0.3333333333333333,1,0.3333333333333333,0.3333333333333333,0.6060606060606061,-0.0909090909090909,33,0.8387096774193549,-5.0,0,999,999,999,0,0.5,999,999,0.0,0.0,0.7333333333333333,50.24986600311392,5.679476327468455
P10_R28,10,28,0.4516129032258064,0.5161290322580645,0.0,62,0.6833333333333333,-6.774193548387097,10,0.1612903225806451,9,0.1451612903225806,4,2,4,2,0.75,6,0.3333333333333333,1,0.3333333333333333,0.3939393939393939,0.5454545454545454,0.0769230769230769,33,0.8709677419354839,-5.909090909090909,1,2,11,17,4,0.6666666666666666,16,16,0.4375,0.5,0.5333333333333333,46.29569421345964,5.563636941884447
P10_R29,10,29,0.4516129032258064,0.5161290322580645,0.0,62,0.6833333333333333,-6.774193548387097,10,0.1612903225806451,9,0.1451612903225806,4,2,4,2,0.75,6,0.3333333333333333,1,0.3333333333333333,0.3666666666666666,0.5666666666666667,0.0909090909090909,30,0.7857142857142857,-5.5,1,2,6,12,4,0.6666666666666666,18,18,0.3888888888888889,0.5555555555555556,0.6,57.23895519689191,5.863912568799943
P10_R30,10,30,0.4516129032258064,0.5161290322580645,0.0,62,0.6833333333333333,-6.774193548387097,10,0.1612903225806451,9,0.1451612903225806,4,2,4,2,0.75,6,0.3333333333333333,1,0.3333333333333333,0.4,0.5333333333333333,0.0,30,0.8214285714285714,-6.0,1,2,6,12,4,0.6666666666666666,18,18,0.4444444444444444,0.5,0.5333333333333333,43.6641347114025,5.481044907434253
P10_R31,10,31,0.4516129032258064,0.5161290322580645,0.0,62,0.6833333333333333,-6.774193548387097,10,0.1612903225806451,9,0.1451612903225806,4,2,4,2,0.75,6,0.3333333333333333,1,0.3333333333333333,0.4333333333333333,0.5,-0.0769230769230769,30,0.7857142857142857,-6.5,1,2,6,12,4,0.6666666666666666,18,18,0.5,0.4444444444444444,0.4666666666666667,65.84656089340058,6.062781433670238
P10_R32,10,32,0.4516129032258064,0.5161290322580645,0.0,62,0.6833333333333333,-6.774193548387097,10,0.1612903225806451,9,0.1451612903225806,4,2,4,2,0.75,6,0.3333333333333333,1,0.3333333333333333,0.4,0.5333333333333333,0.1666666666666666,30,0.8571428571428571,-6.0,1,2,6,12,4,0.8333333333333334,18,18,0.4444444444444444,0.5,0.5333333333333333,81.2786878163461,6.362446880778094
P10_R33,10,33,0.4516129032258064,0.5161290322580645,0.0,62,0.6833333333333333,-6.774193548387097,10,0.1612903225806451,9,0.1451612903225806,4,2,4,2,0.75,6,0.3333333333333333,1,0.3333333333333333,0.3636363636363636,0.5757575757575758,0.0,33,0.7419354838709677,-5.454545454545455,1,2,13,19,4,0.6666666666666666,14,14,0.2142857142857142,0.7142857142857143,0.6666666666666666,98.87094893050255,6.641993174015265
P10_R34,10,34,0.4516129032258064,0.5161290322580645,0.0,62,0.6833333333333333,-6.774193548387097,10,0.1612903225806451,9,0.1451612903225806,4,2,4,2,0.75,6,0.3333333333333333,1,0.3333333333333333,0.3666666666666666,0.5666666666666667,0.0909090909090909,30,0.8571428571428571,-5.5,1,2,6,12,4,0.6666666666666666,18,18,0.3888888888888889,0.5555555555555556,0.4666666666666667,121.71077777955163,6.9391181573268765
P10_R35,10,35,0.4516129032258064,0.5161290322580645,0.0,62,0.6833333333333333,-6.774193548387097,10,0.1612903225806451,9,0.1451612903225806,4,2,4,2,0.75,6,0.3333333333333333,1,0.3333333333333333,0.303030303030303,0.6363636363636364,0.0,33,0.8064516129032258,-4.545454545454546,1,2,16,22,4,0.6666666666666666,11,11,0.2727272727272727,0.6363636363636364,0.6,114.74585172682453,6.854816678721304
P10_R36,10,36,0.4516129032258064,0.5161290322580645,0.0,62,0.6833333333333333,-6.774193548387097,10,0.1612903225806451,9,0.1451612903225806,4,2,4,2,0.75,6,0.3333333333333333,1,0.3333333333333333,0.3636363636363636,0.5757575757575758,0.0,33,0.9032258064516128,-5.454545454545455,0,999,999,999,0,0.5,999,999,0.0,0.0,0.6,129.21880770778836,7.024794024047663
P10_R37,10,37,0.4516129032258064,0.5161290322580645,0.0,62,0.6833333333333333,-6.774193548387097,10,0.1612903225806451,9,0.1451612903225806,4,2,4,2,0.75,6,0.3333333333333333,1,0.3333333333333333,0.3333333333333333,0.6060606060606061,-0.0909090909090909,33,0.8064516129032258,-5.0,0,999,999,999,0,0.5,999,999,0.0,0.0,0.6,132.96649896881436,7.065728460500901
P10_R38,10,38,0.4516129032258064,0.5161290322580645,0.0,62,0.6833333333333333,-6.774193548387097,10,0.1612903225806451,9,0.1451612903225806,4,2,4,2,0.75,6,0.3333333333333333,1,0.3333333333333333,0.3636363636363636,0.5757575757575758,-0.1666666666666666,33,0.8064516129032258,-5.454545454545455,0,999,999,999,0,0.5,999,999,0.0,0.0,0.6666666666666666,174.77770664965587,7.457608299246734
P10_R39,10,39,0.4516129032258064,0.5161290322580645,0.0,62,0.6833333333333333,-6.774193548387097,10,0.1612903225806451,9,0.1451612903225806,4,2,4,2,0.75,6,0.3333333333333333,1,0.3333333333333333,0.3939393939393939,0.5454545454545454,-0.0769230769230769,33,0.8709677419354839,-5.909090909090909,1,2,16,22,4,0.6666666666666666,11,11,0.1818181818181818,0.7272727272727273,0.6,207.5353848036354,7.704148394305005
P10_R40,10,40,0.4516129032258064,0.5161290322580645,0.0,62,0.6833333333333333,-6.774193548387097,10,0.1612903225806451,9,0.1451612903225806,4,2,4,2,0.75,6,0.3333333333333333,1,0.3333333333333333,0.3666666666666666,0.5666666666666667,0.2727272727272727,30,0.8571428571428571,-5.5,1,2,6,12,4,0.8333333333333334,18,18,0.3888888888888889,0.5555555555555556,0.6,147.56476982588853,7.214948230123585
P10_R41,10,41,0.4516129032258064,0.5161290322580645,0.0,62,0.6833333333333333,-6.774193548387097,10,0.1612903225806451,9,0.1451612903225806,4,2,4,2,0.75,6,0.3333333333333333,1,0.3333333333333333,0.4,0.5333333333333333,0.1666666666666666,30,0.7857142857142857,-6.0,1,2,6,12,4,0.6666666666666666,18,18,0.4444444444444444,0.5,0.5333333333333333,169.09379526124835,7.410186704620268
P10_R42,10,42,0.4516129032258064,0.5161290322580645,0.0,62,0.6833333333333333,-6.774193548387097,10,0.1612903225806451,9,0.1451612903225806,4,2,4,2,0.75,6,0.3333333333333333,1,0.3333333333333333,0.3333333333333333,0.6060606060606061,0.0909090909090909,33,0.8709677419354839,-5.0,0,999,999,999,0,0.5,999,999,0.0,0.0,0.6,262.7448191663446,8.042998944499068
P10_R43,10,43,0.4516129032258064,0.5161290322580645,0.0,62,0.6833333333333333,-6.774193548387097,10,0.1612903225806451,9,0.1451612903225806,4,2,4,2,0.75,6,0.3333333333333333,1,0.3333333333333333,0.4,0.5333333333333333,0.1666666666666666,30,0.8571428571428571,-6.0,1,2,6,12,4,0.6666666666666666,18,18,0.4444444444444444,0.5,0.5333333333333333,436.1134187506638,8.771863857232292
P10_R44,10,44,0.4516129032258064,0.5161290322580645,0.0,62,0.6833333333333333,-6.774193548387097,10,0.1612903225806451,9,0.1451612903225806,4,2,4,2,0.75,6,0.3333333333333333,1,0.3333333333333333,0.3333333333333333,0.6,0.2,30,0.8214285714285714,-5.0,1,2,6,12,4,0.6666666666666666,18,18,0.3333333333333333,0.6111111111111112,0.5333333333333333,889.7261900241567,9.798838204009606
P10_R45,10,45,0.4516129032258064,0.5161290322580645,0.0,62,0.6833333333333333,-6.774193548387097,10,0.1612903225806451,9,0.1451612903225806,4,2,4,2,0.75,6,0.3333333333333333,1,0.3333333333333333,0.3666666666666666,0.5666666666666667,0.0909090909090909,30,0.75,-5.5,1,2,6,12,4,0.6666666666666666,18,18,0.3888888888888889,0.5555555555555556,0.5333333333333333,695.2774895810743,9.4435185720829
P10_R46,10,46,0.4516129032258064,0.5161290322580645,0.0,62,0.6833333333333333,-6.774193548387097,10,0.1612903225806451,9,0.1451612903225806,4,2,4,2,0.75,6,0.3333333333333333,1,0.3333333333333333,0.3939393939393939,0.5454545454545454,0.0769230769230769,33,0.9032258064516128,-5.909090909090909,0,999,999,999,0,0.5,999,999,0.0,0.0,0.6,1080.2241812144105,10.078449967396502
P10_R47,10,47,0.4516129032258064,0.5161290322580645,0.0,62,0.6833333333333333,-6.774193548387097,10,0.1612903225806451,9,0.1451612903225806,4,2,4,2,0.75,6,0.3333333333333333,1,0.3333333333333333,0.3939393939393939,0.5454545454545454,0.0769230769230769,33,0.935483870967742,-5.909090909090909,1,2,16,22,4,0.6666666666666666,11,11,0.2727272727272727,0.6363636363636364,0.6,1177.0437590751287,10.202177414516497
P11_R0,11,0,0.56,0.4,0.0,50,0.7083333333333334,-8.4,9,0.18,5,0.1,5,1,4,2,0.45,6,0.5,0,0.3333333333333333,0.3333333333333333,0.6,0.2,30,0.8214285714285714,-5.0,1,2,6,12,4,0.6666666666666666,18,18,0.3333333333333333,0.6111111111111112,0.6,3.8540019999970907,2.2791747029235934
P11_R1,11,1,0.56,0.4,0.0,50,0.7083333333333334,-8.4,9,0.18,5,0.1,5,1,4,2,0.45,6,0.5,0,0.3333333333333333,0.3333333333333333,0.6,0.0,30,0.8214285714285714,-5.0,1,2,6,12,4,0.6666666666666666,18,18,0.3333333333333333,0.6111111111111112,0.6,6.114583103818177,2.8307792210278553
P11_R2,11,2,0.56,0.4,0.0,50,0.7083333333333334,-8.4,9,0.18,5,0.1,5,1,4,2,0.45,6,0.5,0,0.3333333333333333,0.3636363636363636,0.5757575757575758,0.0,33,0.8709677419354839,-5.454545454545455,1,2,16,22,4,0.6666666666666666,11,11,0.2727272727272727,0.6363636363636364,0.6,5.384953800088008,2.6746761809890702
P11_R3,11,3,0.56,0.4,0.0,50,0.7083333333333334,-8.4,9,0.18,5,0.1,5,1,4,2,0.45,6,0.5,0,0.3333333333333333,0.4,0.5333333333333333,0.1666666666666666,30,0.8928571428571429,-6.0,1,2,6,12,4,0.8333333333333334,18,18,0.4444444444444444,0.5,0.5333333333333333,8.360106516162615,3.2265249474865865
P11_R4,11,4,0.56,0.4,0.0,50,0.7083333333333334,-8.4,9,0.18,5,0.1,5,1,4,2,0.45,6,0.5,0,0.3333333333333333,0.4,0.5333333333333333,0.1666666666666666,30,0.8214285714285714,-6.0,1,2,6,12,4,0.6666666666666666,18,18,0.4444444444444444,0.5,0.4666666666666667,11.73595705929348,3.6708354716817513
P11_R5,11,5,0.56,0.4,0.0,50,0.7083333333333334,-8.4,9,0.18,5,0.1,5,1,4,2,0.45,6,0.5,0,0.3333333333333333,0.3636363636363636,0.5757575757575758,0.0,33,0.8709677419354839,-5.454545454545455,1,1,11,17,5,0.8333333333333334,16,16,0.375,0.5625,0.6,18.18238568559862,4.261710252300053
P11_R6,11,6,0.56,0.4,0.0,50,0.7083333333333334,-8.4,9,0.18,5,0.1,5,1,4,2,0.45,6,0.5,0,0.3333333333333333,0.3,0.6333333333333333,0.1111111111111111,30,0.8214285714285714,-4.5,1,2,6,12,4,0.6666666666666666,18,18,0.2777777777777778,0.6666666666666666,0.6,13.673781861372067,3.875168838393001
P11_R7,11,7,0.56,0.4,0.0,50,0.7083333333333334,-8.4,9,0.18,5,0.1,5,1,4,2,0.45,6,0.5,0,0.3333333333333333,0.3666666666666666,0.5666666666666667,0.2727272727272727,30,0.9285714285714286,-5.5,1,2,6,12,4,0.6666666666666666,18,18,0.3888888888888889,0.5555555555555556,0.4666666666666667,19.713938034113756,4.372529952752597
P11_R8,11,8,0.56,0.4,0.0,50,0.7083333333333334,-8.4,9,0.18,5,0.1,5,1,4,2,0.45,6,0.5,0,0.3333333333333333,0.3333333333333333,0.6060606060606061,-0.0909090909090909,33,0.935483870967742,-5.0,1,1,16,22,5,0.8333333333333334,11,11,0.1818181818181818,0.7272727272727273,0.6666666666666666,17.391696929189177,4.200982692548136
P11_R9,11,9,0.56,0.4,0.0,50,0.7083333333333334,-8.4,9,0.18,5,0.1,5,1,4,2,0.45,6,0.5,0,0.3333333333333333,0.4333333333333333,0.5,-0.0769230769230769,30,0.8214285714285714,-6.5,1,2,6,12,4,0.6666666666666666,18,18,0.5,0.4444444444444444,0.4,23.47140075807717,4.613024779422462
P11_R10,11,10,0.56,0.4,0.0,50,0.7083333333333334,-8.4,9,0.18,5,0.1,5,1,4,2,0.45,6,0.5,0,0.3333333333333333,0.3636363636363636,0.5757575757575758,0.0,33,0.8709677419354839,-5.454545454545455,1,2,13,19,4,0.6666666666666666,14,14,0.3571428571428571,0.5714285714285714,0.5333333333333333,14.065465469953104,3.913173342716449
P11_R11,11,11,0.56,0.4,0.0,50,0.7083333333333334,-8.4,9,0.18,5,0.1,5,1,4,2,0.45,6,0.5,0,0.3333333333333333,0.3333333333333333,0.6060606060606061,-0.0909090909090909,33,0.9032258064516128,-5.0,1,2,11,17,4,0.6666666666666666,16,16,0.375,0.5625,0.6,19.987802120211928,4.391479187849278
P11_R12,11,12,0.56,0.4,0.0,50,0.7083333333333334,-8.4,9,0.18,5,0.1,5,1,4,2,0.45,6,0.5,0,0.3333333333333333,0.3666666666666666,0.5666666666666667,0.2727272727272727,30,0.8214285714285714,-5.5,1,2,6,12,4,0.8333333333333334,18,18,0.3888888888888889,0.5555555555555556,0.6,18.038970040563797,4.250883529543599
P11_R13,11,13,0.56,0.4,0.0,50,0.7083333333333334,-8.4,9,0.18,5,0.1,5,1,4,2,0.45,6,0.5,0,0.3333333333333333,0.3333333333333333,0.6,0.0,30,0.7857142857142857,-5.0,1,2,6,12,4,0.6666666666666666,18,18,0.3333333333333333,0.6111111111111112,0.5333333333333333,20.802842143788123,4.446444306930088
P11_R14,11,14,0.56,0.4,0.0,50,0.7083333333333334,-8.4,9,0.18,5,0.1,5,1,4,2,0.45,6,0.5,0,0.3333333333333333,0.3055555555555556,0.6388888888888888,0.0909090909090909,36,0.7941176470588235,-4.583333333333334,1,2,16,22,4,1.0,14,14,0.4285714285714285,0.5,0.4666666666666667,25.418559442802948,4.723479896014652
P11_R15,11,15,0.56,0.4,0.0,50,0.7083333333333334,-8.4,9,0.18,5,0.1,5,1,4,2,0.45,6,0.5,0,0.3333333333333333,0.3333333333333333,0.6060606060606061,0.0909090909090909,33,0.8064516129032258,-5.0,1,2,15,21,4,0.6666666666666666,12,12,0.25,0.6666666666666666,0.6,25.931589588956246,4.7512274797371274
P11_R16,11,16,0.56,0.4,0.0,50,0.7083333333333334,-8.4,9,0.18,5,0.1,5,1,4,2,0.45,6,0.5,0,0.3333333333333333,0.4,0.5333333333333333,0.1666666666666666,30,0.8214285714285714,-6.0,1,2,6,12,4,0.6666666666666666,18,18,0.4444444444444444,0.5,0.5333333333333333,28.235865742366716,4.8696674084114715
P11_R17,11,17,0.56,0.4,0.0,50,0.7083333333333334,-8.4,9,0.18,5,0.1,5,1,4,2,0.45,6,0.5,0,0.3333333333333333,0.3939393939393939,0.5454545454545454,-0.0769230769230769,33,0.9032258064516128,-5.909090909090909,1,1,16,22,5,0.8333333333333334,11,11,0.2727272727272727,0.6363636363636364,0.5333333333333333,29.80131096256874,4.944919850968158
P11_R18,11,18,0.56,0.4,0.0,50,0.7083333333333334,-8.4,9,0.18,5,0.1,5,1,4,2,0.45,6,0.5,0,0.3333333333333333,0.3636363636363636,0.5757575757575758,-0.1666666666666666,33,0.935483870967742,-5.454545454545455,1,2,16,22,4,0.6666666666666666,11,11,0.2727272727272727,0.6363636363636364,0.6,32.199233399966424,5.05307802372355
P11_R19,11,19,0.56,0.4,0.0,50,0.7083333333333334,-8.4,9,0.18,5,0.1,5,1,4,2,0.45,6,0.5,0,0.3333333333333333,0.4583333333333333,0.4583333333333333,-0.0909090909090909,24,0.8636363636363636,-6.875,1,2,7,13,4,0.6666666666666666,11,11,0.5454545454545454,0.3636363636363636,0.4666666666666667,27.54521472250436,4.835177009486248
P11_R20,11,20,0.56,0.4,0.0,50,0.7083333333333334,-8.4,9,0.18,5,0.1,5,1,4,2,0.45,6,0.5,0,0.3333333333333333,0.4333333333333333,0.5,0.2307692307692307,30,0.75,-6.5,1,2,6,12,4,0.8333333333333334,18,18,0.5,0.4444444444444444,0.4,40.701999332091894,5.3820446477982715
P11_R21,11,21,0.56,0.4,0.0,50,0.7083333333333334,-8.4,9,0.18,5,0.1,5,1,4,2,0.45,6,0.5,0,0.3333333333333333,0.3666666666666666,0.5666666666666667,0.0909090909090909,30,0.8214285714285714,-5.5,1,2,6,12,4,0.6666666666666666,18,18,0.3888888888888889,0.5555555555555556,0.5333333333333333,42.73166403882474,5.450606340514008
P11_R22,11,22,0.56,0.4,0.0,50,0.7083333333333334,-8.4,9,0.18,5,0.1,5,1,4,2,0.45,6,0.5,0,0.3333333333333333,0.3529411764705882,0.5294117647058824,-0.6666666666666666,17,0.7333333333333333,-5.294117647058824,0,999,999,999,0,0.3333333333333333,999,999,0.0,0.0,0.6,41.26727397221068,5.401469163641352
P11_R23,11,23,0.56,0.4,0.0,50,0.7083333333333334,-8.4,9,0.18,5,0.1,5,1,4,2,0.45,6,0.5,0,0.3333333333333333,0.3055555555555556,0.6388888888888888,-0.2727272727272727,36,0.6176470588235294,-4.583333333333334,1,2,21,27,4,0.6666666666666666,9,9,0.2222222222222222,0.6666666666666666,0.4666666666666667,44.82021988846842,5.517912476952948
P11_R24,11,24,0.56,0.4,0.0,50,0.7083333333333334,-8.4,9,0.18,5,0.1,5,1,4,2,0.45,6,0.5,0,0.3333333333333333,0.2666666666666666,0.6666666666666666,0.25,30,0.7857142857142857,-4.0,1,2,6,12,4,0.6666666666666666,18,18,0.2222222222222222,0.7222222222222222,0.6666666666666666,43.838870151728834,5.486678020509866
P11_R25,11,25,0.56,0.4,0.0,50,0.7083333333333334,-8.4,9,0.18,5,0.1,5,1,4,2,0.45,6,0.5,0,0.3333333333333333,0.3666666666666666,0.5666666666666667,0.2727272727272727,30,0.8214285714285714,-5.5,1,2,6,12,4,0.6666666666666666,18,18,0.3888888888888889,0.5555555555555556,0.5333333333333333,57.84485177568803,5.8788442970232015
P11_R26,11,26,0.56,0.4,0.0,50,0.7083333333333334,-8.4,9,0.18,5,0.1,5,1,4,2,0.45,6,0.5,0,0.3333333333333333,0.4,0.5333333333333333,0.3333333333333333,30,0.7857142857142857,-6.0,1,2,6,12,4,0.8333333333333334,18,18,0.4444444444444444,0.5,0.4666666666666667,45.28358618668876,5.532428747865757
P11_R27,11,27,0.56,0.4,0.0,50,0.7083333333333334,-8.4,9,0.18,5,0.1,5,1,4,2,0.45,6,0.5,0,0.3333333333333333,0.3333333333333333,0.6060606060606061,-0.0909090909090909,33,0.8387096774193549,-5.0,0,999,999,999,0,0.5,999,999,0.0,0.0,0.7333333333333333,50.47491467364867,5.685797628292615
P11_R28,11,28,0.56,0.4,0.0,50,0.7083333333333334,-8.4,9,0.18,5,0.1,5,1,4,2,0.45,6,0.5,0,0.3333333333333333,0.3939393939393939,0.5454545454545454,0.0769230769230769,33,0.8709677419354839,-5.909090909090909,1,2,11,17,4,0.6666666666666666,16,16,0.4375,0.5,0.5333333333333333,50.487176934103864,5.686141263550139
P11_R29,11,29,0.56,0.4,0.0,50,0.7083333333333334,-8.4,9,0.18,5,0.1,5,1,4,2,0.45,6,0.5,0,0.3333333333333333,0.3666666666666666,0.5666666666666667,0.0909090909090909,30,0.7857142857142857,-5.5,1,2,6,12,4,0.6666666666666666,18,18,0.3888888888888889,0.5555555555555556,0.6,51.336242609692185,5.709738447187974
P11_R30,11,30,0.56,0.4,0.0,50,0.7083333333333334,-8.4,9,0.18,5,0.1,5,1,4,2,0.45,6,0.5,0,0.3333333333333333,0.4,0.5333333333333333,0.0,30,0.8214285714285714,-6.0,1,2,6,12,4,0.6666666666666666,18,18,0.4444444444444444,0.5,0.5333333333333333,51.40645513301611,5.711672620673343
P11_R31,11,31,0.56,0.4,0.0,50,0.7083333333333334,-8.4,9,0.18,5,0.1,5,1,4,2,0.45,6,0.5,0,0.3333333333333333,0.4333333333333333,0.5,-0.0769230769230769,30,0.7857142857142857,-6.5,1,2,6,12,4,0.6666666666666666,18,18,0.5,0.4444444444444444,0.4666666666666667,67.65152012105494,6.101219760588613
P11_R32,11,32,0.56,0.4,0.0,50,0.7083333333333334,-8.4,9,0.18,5,0.1,5,1,4,2,0.45,6,0.5,0,0.3333333333333333,0.4,0.5333333333333333,0.1666666666666666,30,0.8571428571428571,-6.0,1,2,6,12,4,0.8333333333333334,18,18,0.4444444444444444,0.5,0.5333333333333333,88.95439995516669,6.491121944882755
P11_R33,11,33,0.56,0.4,0.0,50,0.7083333333333334,-8.4,9,0.18,5,0.1,5,1,4,2,0.45,6,0.5,0,0.3333333333333333,0.3636363636363636,0.5757575757575758,0.0,33,0.7419354838709677,-5.454545454545455,1,2,13,19,4,0.6666666666666666,14,14,0.2142857142857142,0.7142857142857143,0.6666666666666666,118.23078713825575,6.897612998701489
P11_R34,11,34,0.56,0.4,0.0,50,0.7083333333333334,-8.4,9,0.18,5,0.1,5,1,4,2,0.45,6,0.5,0,0.3333333333333333,0.3666666666666666,0.5666666666666667,0.0909090909090909,30,0.8571428571428571,-5.5,1,2,6,12,4,0.6666666666666666,18,18,0.3888888888888889,0.5555555555555556,0.4666666666666667,122.29811916319338,6.946006982259761
P11_R35,11,35,0.56,0.4,0.0,50,0.7083333333333334,-8.4,9,0.18,5,0.1,5,1,4,2,0.45,6,0.5,0,0.3333333333333333,0.303030303030303,0.6363636363636364,0.0,33,0.8064516129032258,-4.545454545454546,1,2,16,22,4,0.6666666666666666,11,11,0.2727272727272727,0.6363636363636364,0.6,109.0663419775144,6.782229553446586
P11_R36,11,36,0.56,0.4,0.0,50,0.7083333333333334,-8.4,9,0.18,5,0.1,5,1,4,2,0.45,6,0.5,0,0.3333333333333333,0.3636363636363636,0.5757575757575758,0.0,33,0.9032258064516128,-5.454545454545455,0,999,999,999,0,0.5,999,999,0.0,0.0,0.6,150.21230348701826,7.240431719926037
P11_R37,11,37,0.56,0.4,0.0,50,0.7083333333333334,-8.4,9,0.18,5,0.1,5,1,4,2,0.45,6,0.5,0,0.3333333333333333,0.3333333333333333,0.6060606060606061,-0.0909090909090909,33,0.8064516129032258,-5.0,0,999,999,999,0,0.5,999,999,0.0,0.0,0.6,184.93948604121184,7.5386893627579905
P11_R38,11,38,0.56,0.4,0.0,50,0.7083333333333334,-8.4,9,0.18,5,0.1,5,1,4,2,0.45,6,0.5,0,0.3333333333333333,0.3636363636363636,0.5757575757575758,-0.1666666666666666,33,0.8064516129032258,-5.454545454545455,0,999,999,999,0,0.5,999,999,0.0,0.0,0.6666666666666666,167.44569307601202,7.3961397309840855
P11_R39,11,39,0.56,0.4,0.0,50,0.7083333333333334,-8.4,9,0.18,5,0.1,5,1,4,2,0.45,6,0.5,0,0.3333333333333333,0.3939393939393939,0.5454545454545454,-0.0769230769230769,33,0.8709677419354839,-5.909090909090909,1,2,16,22,4,0.6666666666666666,11,11,0.1818181818181818,0.7272727272727273,0.6,165.46961906005154,7.379115097217114
P11_R40,11,40,0.56,0.4,0.0,50,0.7083333333333334,-8.4,9,0.18,5,0.1,5,1,4,2,0.45,6,0.5,0,0.3333333333333333,0.3666666666666666,0.5666666666666667,0.2727272727272727,30,0.8571428571428571,-5.5,1,2,6,12,4,0.8333333333333334,18,18,0.3888888888888889,0.5555555555555556,0.6,208.0581337429997,7.707760364620117
P11_R41,11,41,0.56,0.4,0.0,50,0.7083333333333334,-8.4,9,0.18,5,0.1,5,1,4,2,0.45,6,0.5,0,0.3333333333333333,0.4,0.5333333333333333,0.1666666666666666,30,0.7857142857142857,-6.0,1,2,6,12,4,0.6666666666666666,18,18,0.4444444444444444,0.5,0.5333333333333333,223.08830192943304,7.807923527650718
P11_R42,11,42,0.56,0.4,0.0,50,0.7083333333333334,-8.4,9,0.18,5,0.1,5,1,4,2,0.45,6,0.5,0,0.3333333333333333,0.3333333333333333,0.6060606060606061,0.0909090909090909,33,0.8709677419354839,-5.0,0,999,999,999,0,0.5,999,999,0.0,0.0,0.6,194.29162836795797,7.609486295830473
P11_R43,11,43,0.56,0.4,0.0,50,0.7083333333333334,-8.4,9,0.18,5,0.1,5,1,4,2,0.45,6,0.5,0,0.3333333333333333,0.4,0.5333333333333333,0.1666666666666666,30,0.8571428571428571,-6.0,1,2,6,12,4,0.6666666666666666,18,18,0.4444444444444444,0.5,0.5333333333333333,498.78274527936867,8.965157283817197
P11_R44,11,44,0.56,0.4,0.0,50,0.7083333333333334,-8.4,9,0.18,5,0.1,5,1,4,2,0.45,6,0.5,0,0.3333333333333333,0.3333333333333333,0.6,0.2,30,0.8214285714285714,-5.0,1,2,6,12,4,0.6666666666666666,18,18,0.3333333333333333,0.6111111111111112,0.5333333333333333,841.6882056652523,9.718855123020798
P11_R45,11,45,0.56,0.4,0.0,50,0.7083333333333334,-8.4,9,0.18,5,0.1,5,1,4,2,0.45,6,0.5,0,0.3333333333333333,0.3666666666666666,0.5666666666666667,0.0909090909090909,30,0.75,-5.5,1,2,6,12,4,0.6666666666666666,18,18,0.3888888888888889,0.5555555555555556,0.5333333333333333,728.8740069819684,9.511503632958895
P11_R46,11,46,0.56,0.4,0.0,50,0.7083333333333334,-8.4,9,0.18,5,0.1,5,1,4,2,0.45,6,0.5,0,0.3333333333333333,0.3939393939393939,0.5454545454545454,0.0769230769230769,33,0.9032258064516128,-5.909090909090909,0,999,999,999,0,0.5,999,999,0.0,0.0,0.6,1003.1569568729165,9.9717690750704
P11_R47,11,47,0.56,0.4,0.0,50,0.7083333333333334,-8.4,9,0.18,5,0.1,5,1,4,2,0.45,6,0.5,0,0.3333333333333333,0.3939393939393939,0.5454545454545454,0.0769230769230769,33,0.935483870967742,-5.909090909090909,1,2,16,22,4,0.6666666666666666,11,11,0.2727272727272727,0.6363636363636364,0.6,1041.6682115735698,10.02606443420884
P12_R0,12,0,0.4901960784313725,0.4705882352941176,0.12,51,0.6938775510204082,-7.352941176470588,10,0.196078431372549,11,0.2156862745098039,4,2,5,1,0.55,6,0.0,0,0.3333333333333333,0.3333333333333333,0.6,0.2,30,0.8214285714285714,-5.0,1,2,6,12,4,0.6666666666666666,18,18,0.3333333333333333,0.6111111111111112,0.6,5.1882210939289175,2.629524742587954
P12_R1,12,1,0.4901960784313725,0.4705882352941176,0.12,51,0.6938775510204082,-7.352941176470588,10,0.196078431372549,11,0.2156862745098039,4,2,5,1,0.55,6,0.0,0,0.3333333333333333,0.3333333333333333,0.6,0.0,30,0.8214285714285714,-5.0,1,2,6,12,4,0.6666666666666666,18,18,0.3333333333333333,0.6111111111111112,0.6,6.6775195040037,2.940640272234517
P12_R2,12,2,0.4901960784313725,0.4705882352941176,0.12,51,0.6938775510204082,-7.352941176470588,10,0.196078431372549,11,0.2156862745098039,4,2,5,1,0.55,6,0.0,0,0.3333333333333333,0.3636363636363636,0.5757575757575758,0.0,33,0.8709677419354839,-5.454545454545455,1,2,16,22,4,0.6666666666666666,11,11,0.2727272727272727,0.6363636363636364,0.6,6.268780914182825,2.8617134223923446
P12_R3,12,3,0.4901960784313725,0.4705882352941176,0.12,51,0.6938775510204082,-7.352941176470588,10,0.196078431372549,11,0.2156862745098039,4,2,5,1,0.55,6,0.0,0,0.3333333333333333,0.4,0.5333333333333333,0.1666666666666666,30,0.8928571428571429,-6.0,1,2,6,12,4,0.8333333333333334,18,18,0.4444444444444444,0.5,0.5333333333333333,11.643438876158282,3.660317008941617
P12_R4,12,4,0.4901960784313725,0.4705882352941176,0.12,51,0.6938775510204082,-7.352941176470588,10,0.196078431372549,11,0.2156862745098039,4,2,5,1,0.55,6,0.0,0,0.3333333333333333,0.4,0.5333333333333333,0.1666666666666666,30,0.8214285714285714,-6.0,1,2,6,12,4,0.6666666666666666,18,18,0.4444444444444444,0.5,0.4666666666666667,10.014548841238769,3.4613384979754094
P12_R5,12,5,0.4901960784313725,0.4705882352941176,0.12,51,0.6938775510204082,-7.352941176470588,10,0.196078431372549,11,0.2156862745098039,4,2,5,1,0.55,6,0.0,0,0.3333333333333333,0.3636363636363636,0.5757575757575758,0.0,33,0.8709677419354839,-5.454545454545455,1,1,11,17,5,0.8333333333333334,16,16,0.375,0.5625,0.6,16.35831393822904,4.117554916454995
P12_R6,12,6,0.4901960784313725,0.4705882352941176,0.12,51,0.6938775510204082,-7.352941176470588,10,0.196078431372549,11,0.2156862745098039,4,2,5,1,0.55,6,0.0,0,0.3333333333333333,0.3,0.6333333333333333,0.1111111111111111,30,0.8214285714285714,-4.5,1,2,6,12,4,0.6666666666666666,18,18,0.2777777777777778,0.6666666666666666,0.6,18.951109732290163,4.318397089993875
P12_R7,12,7,0.4901960784313725,0.4705882352941176,0.12,51,0.6938775510204082,-7.352941176470588,10,0.196078431372549,11,0.2156862745098039,4,2,5,1,0.55,6,0.0,0,0.3333333333333333,0.3666666666666666,0.5666666666666667,0.2727272727272727,30,0.9285714285714286,-5.5,1,2,6,12,4,0.6666666666666666,18,18,0.3888888888888889,0.5555555555555556,0.4666666666666667,17.46974474344703,4.2070920229344155
P12_R8,12,8,0.4901960784313725,0.4705882352941176,0.12,51,0.6938775510204082,-7.352941176470588,10,0.196078431372549,11,0.2156862745098039,4,2,5,1,0.55,6,0.0,0,0.3333333333333333,0.3333333333333333,0.6060606060606061,-0.0909090909090909,33,0.935483870967742,-5.0,1,1,16,22,5,0.8333333333333334,11,11,0.1818181818181818,0.7272727272727273,0.6666666666666666,24.0360136869893,4.645932964991897
P12_R9,12,9,0.4901960784313725,0.4705882352941176,0.12,51,0.6938775510204082,-7.352941176470588,10,0.196078431372549,11,0.2156862745098039,4,2,5,1,0.55,6,0.0,0,0.3333333333333333,0.4333333333333333,0.5,-0.0769230769230769,30,0.8214285714285714,-6.5,1,2,6,12,4,0.6666666666666666,18,18,0.5,0.4444444444444444,0.4,30.532462840674707,4.978765950898648
P12_R10,12,10,0.4901960784313725,0.4705882352941176,0.12,51,0.6938775510204082,-7.352941176470588,10,0.196078431372549,11,0.2156862745098039,4,2,5,1,0.55,6,0.0,0,0.3333333333333333,0.3636363636363636,0.5757575757575758,0.0,33,0.8709677419354839,-5.454545454545455,1,2,13,19,4,0.6666666666666666,14,14,0.3571428571428571,0.5714285714285714,0.5333333333333333,19.335727974069293,4.345944731902369
P12_R11,12,11,0.4901960784313725,0.4705882352941176,0.12,51,0.6938775510204082,-7.352941176470588,10,0.196078431372549,11,0.2156862745098039,4,2,5,1,0.55,6,0.0,0,0.3333333333333333,0.3333333333333333,0.6060606060606061,-0.0909090909090909,33,0.9032258064516128,-5.0,1,2,11,17,4,0.6666666666666666,16,16,0.375,0.5625,0.6,22.71607334236221,4.5677932582936895
P12_R12,12,12,0.4901960784313725,0.4705882352941176,0.12,51,0.6938775510204082,-7.352941176470588,10,0.196078431372549,11,0.2156862745098039,4,2,5,1,0.55,6,0.0,0,0.3333333333333333,0.3666666666666666,0.5666666666666667,0.2727272727272727,30,0.8214285714285714,-5.5,1,2,6,12,4,0.8333333333333334,18,18,0.3888888888888889,0.5555555555555556,0.6,27.56114798650037,4.835982063090023
P12_R13,12,13,0.4901960784313725,0.4705882352941176,0.12,51,0.6938775510204082,-7.352941176470588,10,0.196078431372549,11,0.2156862745098039,4,2,5,1,0.55,6,0.0,0,0.3333333333333333,0.3333333333333333,0.6,0.0,30,0.7857142857142857,-5.0,1,2,6,12,4,0.6666666666666666,18,18,0.3333333333333333,0.6111111111111112,0.5333333333333333,34.33882583863666,5.143182200851671
P12_R14,12,14,0.4901960784313725,0.4705882352941176,0.12,51,0.6938775510204082,-7.352941176470588,10,0.196078431372549,11,0.2156862745098039,4,2,5,1,0.55,6,0.0,0,0.3333333333333333,0.3055555555555556,0.6388888888888888,0.0909090909090909,36,0.7941176470588235,-4.583333333333334,1,2,16,22,4,1.0,14,14,0.4285714285714285,0.5,0.4666666666666667,23.34910756333853,4.6057969909099565
P12_R15,12,15,0.4901960784313725,0.4705882352941176,0.12,51,0.6938775510204082,-7.352941176470588,10,0.196078431372549,11,0.2156862745098039,4,2,5,1,0.55,6,0.0,0,0.3333333333333333,0.3333333333333333,0.6060606060606061,0.0909090909090909,33,0.8064516129032258,-5.0,1,2,15,21,4,0.6666666666666666,12,12,0.25,0.6666666666666666,0.6,31.667360538597382,5.02977798732146
P12_R16,12,16,0.4901960784313725,0.4705882352941176,0.12,51,0.6938775510204082,-7.352941176470588,10,0.196078431372549,11,0.2156862745098039,4,2,5,1,0.55,6,0.0,0,0.3333333333333333,0.4,0.5333333333333333,0.1666666666666666,30,0.8214285714285714,-6.0,1,2,6,12,4,0.6666666666666666,18,18,0.4444444444444444,0.5,0.5333333333333333,44.14058566829892,5.496353231522321
P12_R17,12,17,0.4901960784313725,0.4705882352941176,0.12,51,0.6938775510204082,-7.352941176470588,10,0.196078431372549,11,0.2156862745098039,4,2,5,1,0.55,6,0.0,0,0.3333333333333333,0.3939393939393939,0.5454545454545454,-0.0769230769230769,33,0.9032258064516128,-5.909090909090909,1,1,16,22,5,0.8333333333333334,11,11,0.2727272727272727,0.6363636363636364,0.5333333333333333,27.282662974414304,4.821846059416192
P12_R18,12,18,0.4901960784313725,0.4705882352941176,0.12,51,0.6938775510204082,-7.352941176470588,10,0.196078431372549,11,0.2156862745098039,4,2,5,1,0.55,6,0.0,0,0.3333333333333333,0.3636363636363636,0.5757575757575758,-0.1666666666666666,33,0.935483870967742,-5.454545454545455,1,2,16,22,4,0.6666666666666666,11,11,0.2727272727272727,0.6363636363636364,0.6,29.513837737499337,4.931391734543964
P12_R19,12,19,0.4901960784313725,0.4705882352941176,0.12,51,0.6938775510204082,-7.352941176470588,10,0.196078431372549,11,0.2156862745098039,4,2,5,1,0.55,6,0.0,0,0.3333333333333333,0.4583333333333333,0.4583333333333333,-0.0909090909090909,24,0.8636363636363636,-6.875,1,2,7,13,4,0.6666666666666666,11,11,0.5454545454545454,0.3636363636363636,0.4666666666666667,34.437753328604245,5.1472152381588705
P12_R20,12,20,0.4901960784313725,0.4705882352941176,0.12,51,0.6938775510204082,-7.352941176470588,10,0.196078431372549,11,0.2156862745098039,4,2,5,1,0.55,6,0.0,0,0.3333333333333333,0.4333333333333333,0.5,0.2307692307692307,30,0.75,-6.5,1,2,6,12,4,0.8333333333333334,18,18,0.5,0.4444444444444444,0.4,38.7738755131457,5.313749238151649
P12_R21,12,21,0.4901960784313725,0.4705882352941176,0.12,51,0.6938775510204082,-7.352941176470588,10,0.196078431372549,11,0.2156862745098039,4,2,5,1,0.55,6,0.0,0,0.3333333333333333,0.3666666666666666,0.5666666666666667,0.0909090909090909,30,0.8214285714285714,-5.5,1,2,6,12,4,0.6666666666666666,18,18,0.3888888888888889,0.5555555555555556,0.5333333333333333,50.04965892864738,5.673829417134557
P12_R22,12,22,0.4901960784313725,0.4705882352941176,0.12,51,0.6938775510204082,-7.352941176470588,10,0.196078431372549,11,0.2156862745098039,4,2,5,1,0.55,6,0.0,0,0.3333333333333333,0.3529411764705882,0.5294117647058824,-0.6666666666666666,17,0.7333333333333333,-5.294117647058824,0,999,999,999,0,0.3333333333333333,999,999,0.0,0.0,0.6,46.25401434915192,5.562364990054011
P12_R23,12,23,0.4901960784313725,0.4705882352941176,0.12,51,0.6938775510204082,-7.352941176470588,10,0.196078431372549,11,0.2156862745098039,4,2,5,1,0.55,6,0.0,0,0.3333333333333333,0.3055555555555556,0.6388888888888888,-0.2727272727272727,36,0.6176470588235294,-4.583333333333334,1,2,21,27,4,0.6666666666666666,9,9,0.2222222222222222,0.6666666666666666,0.4666666666666667,36.1804982233052,5.21647419756745
P12_R24,12,24,0.4901960784313725,0.4705882352941176,0.12,51,0.6938775510204082,-7.352941176470588,10,0.196078431372549,11,0.2156862745098039,4,2,5,1,0.55,6,0.0,0,0.3333333333333333,0.2666666666666666,0.6666666666666666,0.25,30,0.7857142857142857,-4.0,1,2,6,12,4,0.6666666666666666,18,18,0.2222222222222222,0.7222222222222222,0.6666666666666666,51.88111919885293,5.724680805877219
P12_R25,12,25,0.4901960784313725,0.4705882352941176,0.12,51,0.6938775510204082,-7.352941176470588,10,0.196078431372549,11,0.2156862745098039,4,2,5,1,0.55,6,0.0,0,0.3333333333333333,0.3666666666666666,0.5666666666666667,0.2727272727272727,30,0.8214285714285714,-5.5,1,2,6,12,4,0.6666666666666666,18,18,0.3888888888888889,0.5555555555555556,0.5333333333333333,44.766398747155556,5.51621686893156
P12_R26,12,26,0.4901960784313725,0.4705882352941176,0.12,51,0.6938775510204082,-7.352941176470588,10,0.196078431372549,11,0.2156862745098039,4,2,5,1,0.55,6,0.0,0,0.3333333333333333,0.4,0.5333333333333333,0.3333333333333333,30,0.7857142857142857,-6.0,1,2,6,12,4,0.8333333333333334,18,18,0.4444444444444444,0.5,0.4666666666666667,63.60938616786454,6.013671863431447
P12_R27,12,27,0.4901960784313725,0.4705882352941176,0.12,51,0.6938775510204082,-7.352941176470588,10,0.196078431372549,11,0.2156862745098039,4,2,5,1,0.55,6,0.0,0,0.3333333333333333,0.3333333333333333,0.6060606060606061,-0.0909090909090909,33,0.8387096774193549,-5.0,0,999,999,999,0,0.5,999,999,0.0,0.0,0.7333333333333333,55.09098149487162,5.809696922788413
P12_R28,12,28,0.4901960784313725,0.4705882352941176,0.12,51,0.6938775510204082,-7.352941176470588,10,0.196078431372549,11,0.2156862745098039,4,2,5,1,0.55,6,0.0,0,0.3333333333333333,0.3939393939393939,0.5454545454545454,0.0769230769230769,33,0.8709677419354839,-5.909090909090909,1,2,11,17,4,0.6666666666666666,16,16,0.4375,0.5,0.5333333333333333,58.84114929261588,5.903065978382214
P12_R29,12,29,0.4901960784313725,0.4705882352941176,0.12,51,0.6938775510204082,-7.352941176470588,10,0.196078431372549,11,0.2156862745098039,4,2,5,1,0.55,6,0.0,0,0.3333333333333333,0.3666666666666666,0.5666666666666667,0.0909090909090909,30,0.7857142857142857,-5.5,1,2,6,12,4,0.6666666666666666,18,18,0.3888888888888889,0.5555555555555556,0.6,74.43984355010586,6.237254778989973
P12_R30,12,30,0.4901960784313725,0.4705882352941176,0.12,51,0.6938775510204082,-7.352941176470588,10,0.196078431372549,11,0.2156862745098039,4,2,5,1,0.55,6,0.0,0,0.3333333333333333,0.4,0.5333333333333333,0.0,30,0.8214285714285714,-6.0,1,2,6,12,4,0.6666666666666666,18,18,0.4444444444444444,0.5,0.5333333333333333,79.55580243325113,6.331916604864305
P12_R31,12,31,0.4901960784313725,0.4705882352941176,0.12,51,0.6938775510204082,-7.352941176470588,10,0.196078431372549,11,0.2156862745098039,4,2,5,1,0.55,6,0.0,0,0.3333333333333333,0.4333333333333333,0.5,-0.0769230769230769,30,0.7857142857142857,-6.5,1,2,6,12,4,0.6666666666666666,18,18,0.5,0.4444444444444444,0.4666666666666667,94.67874485357434,6.580126558781646
P12_R32,12,32,0.4901960784313725,0.4705882352941176,0.12,51,0.6938775510204082,-7.352941176470588,10,0.196078431372549,11,0.2156862745098039,4,2,5,1,0.55,6,0.0,0,0.3333333333333333,0.4,0.5333333333333333,0.1666666666666666,30,0.8571428571428571,-6.0,1,2,6,12,4,0.8333333333333334,18,18,0.4444444444444444,0.5,0.5333333333333333,79.95560471187768,6.339059059419209
P12_R33,12,33,0.4901960784313725,0.4705882352941176,0.12,51,0.6938775510204082,-7.352941176470588,10,0.196078431372549,11,0.2156862745098039,4,2,5,1,0.55,6,0.0,0,0.3333333333333333,0.3636363636363636,0.5757575757575758,0.0,33,0.7419354838709677,-5.454545454545455,1,2,13,19,4,0.6666666666666666,14,14,0.2142857142857142,0.7142857142857143,0.6666666666666666,139.60048098486632,7.1354577195571105
P12_R34,12,34,0.4901960784313725,0.4705882352941176,0.12,51,0.6938775510204082,-7.352941176470588,10,0.196078431372549,11,0.2156862745098039,4,2,5,1,0.55,6,0.0,0,0.3333333333333333,0.3666666666666666,0.5666666666666667,0.0909090909090909,30,0.8571428571428571,-5.5,1,2,6,12,4,0.6666666666666666,18,18,0.3888888888888889,0.5555555555555556,0.4666666666666667,119.01259747957785,6.907042040337022
P12_R35,12,35,0.4901960784313725,0.4705882352941176,0.12,51,0.6938775510204082,-7.352941176470588,10,0.196078431372549,11,0.2156862745098039,4,2,5,1,0.55,6,0.0,0,0.3333333333333333,0.303030303030303,0.6363636363636364,0.0,33,0.8064516129032258,-4.545454545454546,1,2,16,22,4,0.6666666666666666,11,11,0.2727272727272727,0.6363636363636364,0.6,145.1348411047363,7.191156372683468
P12_R36,12,36,0.4901960784313725,0.4705882352941176,0.12,51,0.6938775510204082,-7.352941176470588,10,0.196078431372549,11,0.2156862745098039,4,2,5,1,0.55,6,0.0,0,0.3333333333333333,0.3636363636363636,0.5757575757575758,0.0,33,0.9032258064516128,-5.454545454545455,0,999,999,999,0,0.5,999,999,0.0,0.0,0.6,121.39467344711345,6.935396963829417
P12_R37,12,37,0.4901960784313725,0.4705882352941176,0.12,51,0.6938775510204082,-7.352941176470588,10,0.196078431372549,11,0.2156862745098039,4,2,5,1,0.55,6,0.0,0,0.3333333333333333,0.3333333333333333,0.6060606060606061,-0.0909090909090909,33,0.8064516129032258,-5.0,0,999,999,999,0,0.5,999,999,0.0,0.0,0.6,202.68444102814158,7.670191970231444
P12_R38,12,38,0.4901960784313725,0.4705882352941176,0.12,51,0.6938775510204082,-7.352941176470588,10,0.196078431372549,11,0.2156862745098039,4,2,5,1,0.55,6,0.0,0,0.3333333333333333,0.3636363636363636,0.5757575757575758,-0.1666666666666666,33,0.8064516129032258,-5.454545454545455,0,999,999,999,0,0.5,999,999,0.0,0.0,0.6666666666666666,174.0254739027318,7.451421102681271
P12_R39,12,39,0.4901960784313725,0.4705882352941176,0.12,51,0.6938775510204082,-7.352941176470588,10,0.196078431372549,11,0.2156862745098039,4,2,5,1,0.55,6,0.0,0,0.3333333333333333,0.3939393939393939,0.5454545454545454,-0.0769230769230769,33,0.8709677419354839,-5.909090909090909,1,2,16,22,4,0.6666666666666666,11,11,0.1818181818181818,0.7272727272727273,0.6,172.41683995478198,7.43810019063905
P12_R40,12,40,0.4901960784313725,0.4705882352941176,0.12,51,0.6938775510204082,-7.352941176470588,10,0.196078431372549,11,0.2156862745098039,4,2,5,1,0.55,6,0.0,0,0.3333333333333333,0.3666666666666666,0.5666666666666667,0.2727272727272727,30,0.8571428571428571,-5.5,1,2,6,12,4,0.8333333333333334,18,18,0.3888888888888889,0.5555555555555556,0.6,244.25470741318844,7.93813701754028
P12_R41,12,41,0.4901960784313725,0.4705882352941176,0.12,51,0.6938775510204082,-7.352941176470588,10,0.196078431372549,11,0.2156862745098039,4,2,5,1,0.55,6,0.0,0,0.3333333333333333,0.4,0.5333333333333333,0.1666666666666666,30,0.7857142857142857,-6.0,1,2,6,12,4,0.6666666666666666,18,18,0.4444444444444444,0.5,0.5333333333333333,257.54732960594976,8.014284593864451
P12_R42,12,42,0.4901960784313725,0.4705882352941176,0.12,51,0.6938775510204082,-7.352941176470588,10,0.196078431372549,11,0.2156862745098039,4,2,5,1,0.55,6,0.0,0,0.3333333333333333,0.3333333333333333,0.6060606060606061,0.0909090909090909,33,0.8709677419354839,-5.0,0,999,999,999,0,0.5,999,999,0.0,0.0,0.6,252.16106736865547,7.983911745280047
P12_R43,12,43,0.4901960784313725,0.4705882352941176,0.12,51,0.6938775510204082,-7.352941176470588,10,0.196078431372549,11,0.2156862745098039,4,2,5,1,0.55,6,0.0,0,0.3333333333333333,0.4,0.5333333333333333,0.1666666666666666,30,0.8571428571428571,-6.0,1,2,6,12,4,0.6666666666666666,18,18,0.4444444444444444,0.5,0.5333333333333333,717.3972185852602,9.488637954189782
P12_R44,12,44,0.4901960784313725,0.4705882352941176,0.12,51,0.6938775510204082,-7.352941176470588,10,0.196078431372549,11,0.2156862745098039,4,2,5,1,0.55,6,0.0,0,0.3333333333333333,0.3333333333333333,0.6,0.2,30,0.8214285714285714,-5.0,1,2,6,12,4,0.6666666666666666,18,18,0.3333333333333333,0.6111111111111112,0.5333333333333333,867.4792654836408,9.76234759548528
P12_R45,12,45,0.4901960784313725,0.4705882352941176,0.12,51,0.6938775510204082,-7.352941176470588,10,0.196078431372549,11,0.2156862745098039,4,2,5,1,0.55,6,0.0,0,0.3333333333333333,0.3666666666666666,0.5666666666666667,0.0909090909090909,30,0.75,-5.5,1,2,6,12,4,0.6666666666666666,18,18,0.3888888888888889,0.5555555555555556,0.5333333333333333,959.9262491712398,9.908281898569907
P12_R46,12,46,0.4901960784313725,0.4705882352941176,0.12,51,0.6938775510204082,-7.352941176470588,10,0.196078431372549,11,0.2156862745098039,4,2,5,1,0.55,6,0.0,0,0.3333333333333333,0.3939393939393939,0.5454545454545454,0.0769230769230769,33,0.9032258064516128,-5.909090909090909,0,999,999,999,0,0.5,999,999,0.0,0.0,0.6,1162.5288715264717,10.184291294538376
P12_R47,12,47,0.4901960784313725,0.4705882352941176,0.12,51,0.6938775510204082,-7.352941176470588,10,0.196078431372549,11,0.2156862745098039,4,2,5,1,0.55,6,0.0,0,0.3333333333333333,0.3939393939393939,0.5454545454545454,0.0769230769230769,33,0.935483870967742,-5.909090909090909,1,2,16,22,4,0.6666666666666666,11,11,0.2727272727272727,0.6363636363636364,0.6,1352.131399419588,10.40208622751416
P13_R0,13,0,0.4833333333333333,0.4833333333333333,-0.1034482758620689,60,0.7586206896551724,-7.25,8,0.1333333333333333,7,0.1166666666666666,6,0,6,0,0.45,6,0.3333333333333333,0,0.6666666666666666,0.3333333333333333,0.6,0.2,30,0.8214285714285714,-5.0,1,2,6,12,4,0.6666666666666666,18,18,0.3333333333333333,0.6111111111111112,0.6,5.081391779284969,2.6044015347364167
P13_R1,13,1,0.4833333333333333,0.4833333333333333,-0.1034482758620689,60,0.7586206896551724,-7.25,8,0.1333333333333333,7,0.1166666666666666,6,0,6,0,0.45,6,0.3333333333333333,0,0.6666666666666666,0.3333333333333333,0.6,0.0,30,0.8214285714285714,-5.0,1,2,6,12,4,0.6666666666666666,18,18,0.3333333333333333,0.6111111111111112,0.6,5.7001245325758045,2.7441879106241225
P13_R2,13,2,0.4833333333333333,0.4833333333333333,-0.1034482758620689,60,0.7586206896551724,-7.25,8,0.1333333333333333,7,0.1166666666666666,6,0,6,0,0.45,6,0.3333333333333333,0,0.6666666666666666,0.3636363636363636,0.5757575757575758,0.0,33,0.8709677419354839,-5.454545454545455,1,2,16,22,4,0.6666666666666666,11,11,0.2727272727272727,0.6363636363636364,0.6,6.825499610583385,2.9681828622946673
P13_R3,13,3,0.4833333333333333,0.4833333333333333,-0.1034482758620689,60,0.7586206896551724,-7.25,8,0.1333333333333333,7,0.1166666666666666,6,0,6,0,0.45,6,0.3333333333333333,0,0.6666666666666666,0.4,0.5333333333333333,0.1666666666666666,30,0.8928571428571429,-6.0,1,2,6,12,4,0.8333333333333334,18,18,0.4444444444444444,0.5,0.5333333333333333,15.083069135790964,4.007470837503516
P13_R4,13,4,0.4833333333333333,0.4833333333333333,-0.1034482758620689,60,0.7586206896551724,-7.25,8,0.1333333333333333,7,0.1166666666666666,6,0,6,0,0.45,6,0.3333333333333333,0,0.6666666666666666,0.4,0.5333333333333333,0.1666666666666666,30,0.8214285714285714,-6.0,1,2,6,12,4,0.6666666666666666,18,18,0.4444444444444444,0.5,0.4666666666666667,13.713641840722975,3.879082473721316
P13_R5,13,5,0.4833333333333333,0.4833333333333333,-0.1034482758620689,60,0.7586206896551724,-7.25,8,0.1333333333333333,7,0.1166666666666666,6,0,6,0,0.45,6,0.3333333333333333,0,0.6666666666666666,0.3636363636363636,0.5757575757575758,0.0,33,0.8709677419354839,-5.454545454545455,1,1,11,17,5,0.8333333333333334,16,16,0.375,0.5625,0.6,15.107981051666659,4.009703775196343
P13_R6,13,6,0.4833333333333333,0.4833333333333333,-0.1034482758620689,60,0.7586206896551724,-7.25,8,0.1333333333333333,7,0.1166666666666666,6,0,6,0,0.45,6,0.3333333333333333,0,0.6666666666666666,0.3,0.6333333333333333,0.1111111111111111,30,0.8214285714285714,-4.5,1,2,6,12,4,0.6666666666666666,18,18,0.2777777777777778,0.6666666666666666,0.6,28.12114160014275,4.863995007724175
P13_R7,13,7,0.4833333333333333,0.4833333333333333,-0.1034482758620689,60,0.7586206896551724,-7.25,8,0.1333333333333333,7,0.1166666666666666,6,0,6,0,0.45,6,0.3333333333333333,0,0.6666666666666666,0.3666666666666666,0.5666666666666667,0.2727272727272727,30,0.9285714285714286,-5.5,1,2,6,12,4,0.6666666666666666,18,18,0.3888888888888889,0.5555555555555556,0.4666666666666667,33.53673631488182,5.110059851037284
P13_R8,13,8,0.4833333333333333,0.4833333333333333,-0.1034482758620689,60,0.7586206896551724,-7.25,8,0.1333333333333333,7,0.1166666666666666,6,0,6,0,0.45,6,0.3333333333333333,0,0.6666666666666666,0.3333333333333333,0.6060606060606061,-0.0909090909090909,33,0.935483870967742,-5.0,1,1,16,22,5,0.8333333333333334,11,11,0.1818181818181818,0.7272727272727273,0.6666666666666666,22.658956383757108,4.564314531490473
P13_R9,13,9,0.4833333333333333,0.4833333333333333,-0.1034482758620689,60,0.7586206896551724,-7.25,8,0.1333333333333333,7,0.1166666666666666,6,0,6,0,0.45,6,0.3333333333333333,0,0.6666666666666666,0.4333333333333333,0.5,-0.0769230769230769,30,0.8214285714285714,-6.5,1,2,6,12,4,0.6666666666666666,18,18,0.5,0.4444444444444444,0.4,18.87091924309452,4.312586709134642
P13_R10,13,10,0.4833333333333333,0.4833333333333333,-0.1034482758620689,60,0.7586206896551724,-7.25,8,0.1333333333333333,7,0.1166666666666666,6,0,6,0,0.45,6,0.3333333333333333,0,0.6666666666666666,0.3636363636363636,0.5757575757575758,0.0,33,0.8709677419354839,-5.454545454545455,1,2,13,19,4,0.6666666666666666,14,14,0.3571428571428571,0.5714285714285714,0.5333333333333333,24.552801746555883,4.675409579563253
P13_R11,13,11,0.4833333333333333,0.4833333333333333,-0.1034482758620689,60,0.7586206896551724,-7.25,8,0.1333333333333333,7,0.1166666666666666,6,0,6,0,0.45,6,0.3333333333333333,0,0.6666666666666666,0.3333333333333333,0.6060606060606061,-0.0909090909090909,33,0.9032258064516128,-5.0,1,2,11,17,4,0.6666666666666666,16,16,0.375,0.5625,0.6,27.51443027216928,4.833620302354677
P13_R12,13,12,0.4833333333333333,0.4833333333333333,-0.1034482758620689,60,0.7586206896551724,-7.25,8,0.1333333333333333,7,0.1166666666666666,6,0,6,0,0.45,6,0.3333333333333333,0,0.6666666666666666,0.3666666666666666,0.5666666666666667,0.2727272727272727,30,0.8214285714285714,-5.5,1,2,6,12,4,0.8333333333333334,18,18,0.3888888888888889,0.5555555555555556,0.6,28.833936766367188,4.898882457360122
P13_R13,13,13,0.4833333333333333,0.4833333333333333,-0.1034482758620689,60,0.7586206896551724,-7.25,8,0.1333333333333333,7,0.1166666666666666,6,0,6,0,0.45,6,0.3333333333333333,0,0.6666666666666666,0.3333333333333333,0.6,0.0,30,0.7857142857142857,-5.0,1,2,6,12,4,0.6666666666666666,18,18,0.3333333333333333,0.6111111111111112,0.5333333333333333,25.44585393451508,4.724969655526582
P13_R14,13,14,0.4833333333333333,0.4833333333333333,-0.1034482758620689,60,0.7586206896551724,-7.25,8,0.1333333333333333,7,0.1166666666666666,6,0,6,0,0.45,6,0.3333333333333333,0,0.6666666666666666,0.3055555555555556,0.6388888888888888,0.0909090909090909,36,0.7941176470588235,-4.583333333333334,1,2,16,22,4,1.0,14,14,0.4285714285714285,0.5,0.4666666666666667,34.11717308513036,5.1341048082056036
P13_R15,13,15,0.4833333333333333,0.4833333333333333,-0.1034482758620689,60,0.7586206896551724,-7.25,8,0.1333333333333333,7,0.1166666666666666,6,0,6,0,0.45,6,0.3333333333333333,0,0.6666666666666666,0.3333333333333333,0.6060606060606061,0.0909090909090909,33,0.8064516129032258,-5.0,1,2,15,21,4,0.6666666666666666,12,12,0.25,0.6666666666666666,0.6,36.80225011696303,5.2404002059466395
P13_R16,13,16,0.4833333333333333,0.4833333333333333,-0.1034482758620689,60,0.7586206896551724,-7.25,8,0.1333333333333333,7,0.1166666666666666,6,0,6,0,0.45,6,0.3333333333333333,0,0.6666666666666666,0.4,0.5333333333333333,0.1666666666666666,30,0.8214285714285714,-6.0,1,2,6,12,4,0.6666666666666666,18,18,0.4444444444444444,0.5,0.5333333333333333,29.93342604703801,4.951094723572981
P13_R17,13,17,0.4833333333333333,0.4833333333333333,-0.1034482758620689,60,0.7586206896551724,-7.25,8,0.1333333333333333,7,0.1166666666666666,6,0,6,0,0.45,6,0.3333333333333333,0,0.6666666666666666,0.3939393939393939,0.5454545454545454,-0.0769230769230769,33,0.9032258064516128,-5.909090909090909,1,1,16,22,5,0.8333333333333334,11,11,0.2727272727272727,0.6363636363636364,0.5333333333333333,43.28675122933258,5.468803263317643
P13_R18,13,18,0.4833333333333333,0.4833333333333333,-0.1034482758620689,60,0.7586206896551724,-7.25,8,0.1333333333333333,7,0.1166666666666666,6,0,6,0,0.45,6,0.3333333333333333,0,0.6666666666666666,0.3636363636363636,0.5757575757575758,-0.1666666666666666,33,0.935483870967742,-5.454545454545455,1,2,16,22,4,0.6666666666666666,11,11,0.2727272727272727,0.6363636363636364,0.6,54.26471190984467,5.7882866675184586
P13_R19,13,19,0.4833333333333333,0.4833333333333333,-0.1034482758620689,60,0.7586206896551724,-7.25,8,0.1333333333333333,7,0.1166666666666666,6,0,6,0,0.45,6,0.3333333333333333,0,0.6666666666666666,0.4583333333333333,0.4583333333333333,-0.0909090909090909,24,0.8636363636363636,-6.875,1,2,7,13,4,0.6666666666666666,11,11,0.5454545454545454,0.3636363636363636,0.4666666666666667,41.99036844761967,5.425941569834674
P13_R20,13,20,0.4833333333333333,0.4833333333333333,-0.1034482758620689,60,0.7586206896551724,-7.25,8,0.1333333333333333,7,0.1166666666666666,6,0,6,0,0.45,6,0.3333333333333333,0,0.6666666666666666,0.4333333333333333,0.5,0.2307692307692307,30,0.75,-6.5,1,2,6,12,4,0.8333333333333334,18,18,0.5,0.4444444444444444,0.4,44.44213390835185,5.505958678557259
P13_R21,13,21,0.4833333333333333,0.4833333333333333,-0.1034482758620689,60,0.7586206896551724,-7.25,8,0.1333333333333333,7,0.1166666666666666,6,0,6,0,0.45,6,0.3333333333333333,0,0.6666666666666666,0.3666666666666666,0.5666666666666667,0.0909090909090909,30,0.8214285714285714,-5.5,1,2,6,12,4,0.6666666666666666,18,18,0.3888888888888889,0.5555555555555556,0.5333333333333333,48.36501884159488,5.625417172717399
P13_R22,13,22,0.4833333333333333,0.4833333333333333,-0.1034482758620689,60,0.7586206896551724,-7.25,8,0.1333333333333333,7,0.1166666666666666,6,0,6,0,0.45,6,0.3333333333333333,0,0.6666666666666666,0.3529411764705882,0.5294117647058824,-0.6666666666666666,17,0.7333333333333333,-5.294117647058824,0,999,999,999,0,0.3333333333333333,999,999,0.0,0.0,0.6,54.55119395585584,5.795746014524794
P13_R23,13,23,0.4833333333333333,0.4833333333333333,-0.1034482758620689,60,0.7586206896551724,-7.25,8,0.1333333333333333,7,0.1166666666666666,6,0,6,0,0.45,6,0.3333333333333333,0,0.6666666666666666,0.3055555555555556,0.6388888888888888,-0.2727272727272727,36,0.6176470588235294,-4.583333333333334,1,2,21,27,4,0.6666666666666666,9,9,0.2222222222222222,0.6666666666666666,0.4666666666666667,40.61411247351278,5.379000963226039
P13_R24,13,24,0.4833333333333333,0.4833333333333333,-0.1034482758620689,60,0.7586206896551724,-7.25,8,0.1333333333333333,7,0.1166666666666666,6,0,6,0,0.45,6,0.3333333333333333,0,0.6666666666666666,0.2666666666666666,0.6666666666666666,0.25,30,0.7857142857142857,-4.0,1,2,6,12,4,0.6666666666666666,18,18,0.2222222222222222,0.7222222222222222,0.6666666666666666,54.88575057561855,5.804408574834301
P13_R25,13,25,0.4833333333333333,0.4833333333333333,-0.1034482758620689,60,0.7586206896551724,-7.25,8,0.1333333333333333,7,0.1166666666666666,6,0,6,0,0.45,6,0.3333333333333333,0,0.6666666666666666,0.3666666666666666,0.5666666666666667,0.2727272727272727,30,0.8214285714285714,-5.5,1,2,6,12,4,0.6666666666666666,18,18,0.3888888888888889,0.5555555555555556,0.5333333333333333,51.34003494657505,5.709842982537232
P13_R26,13,26,0.4833333333333333,0.4833333333333333,-0.1034482758620689,60,0.7586206896551724,-7.25,8,0.1333333333333333,7,0.1166666666666666,6,0,6,0,0.45,6,0.3333333333333333,0,0.6666666666666666,0.4,0.5333333333333333,0.3333333333333333,30,0.7857142857142857,-6.0,1,2,6,12,4,0.8333333333333334,18,18,0.4444444444444444,0.5,0.4666666666666667,77.30197426145342,6.290976778154646
P13_R27,13,27,0.4833333333333333,0.4833333333333333,-0.1034482758620689,60,0.7586206896551724,-7.25,8,0.1333333333333333,7,0.1166666666666666,6,0,6,0,0.45,6,0.3333333333333333,0,0.6666666666666666,0.3333333333333333,0.6060606060606061,-0.0909090909090909,33,0.8387096774193549,-5.0,0,999,999,999,0,0.5,999,999,0.0,0.0,0.7333333333333333,65.75594158797566,6.060824343942637
P13_R28,13,28,0.4833333333333333,0.4833333333333333,-0.1034482758620689,60,0.7586206896551724,-7.25,8,0.1333333333333333,7,0.1166666666666666,6,0,6,0,0.45,6,0.3333333333333333,0,0.6666666666666666,0.3939393939393939,0.5454545454545454,0.0769230769230769,33,0.8709677419354839,-5.909090909090909,1,2,11,17,4,0.6666666666666666,16,16,0.4375,0.5,0.5333333333333333,92.70928668886356,6.550120122452474
P13_R29,13,29,0.4833333333333333,0.4833333333333333,-0.1034482758620689,60,0.7586206896551724,-7.25,8,0.1333333333333333,7,0.1166666666666666,6,0,6,0,0.45,6,0.3333333333333333,0,0.6666666666666666,0.3666666666666666,0.5666666666666667,0.0909090909090909,30,0.7857142857142857,-5.5,1,2,6,12,4,0.6666666666666666,18,18,0.3888888888888889,0.5555555555555556,0.6,64.85877858856571,6.0413038509664
P13_R30,13,30,0.4833333333333333,0.4833333333333333,-0.1034482758620689,60,0.7586206896551724,-7.25,8,0.1333333333333333,7,0.1166666666666666,6,0,6,0,0.45,6,0.3333333333333333,0,0.6666666666666666,0.4,0.5333333333333333,0.0,30,0.8214285714285714,-6.0,1,2,6,12,4,0.6666666666666666,18,18,0.4444444444444444,0.5,0.5333333333333333,86.40628194853906,6.449665065806794
P13_R31,13,31,0.4833333333333333,0.4833333333333333,-0.1034482758620689,60,0.7586206896551724,-7.25,8,0.1333333333333333,7,0.1166666666666666,6,0,6,0,0.45,6,0.3333333333333333,0,0.6666666666666666,0.4333333333333333,0.5,-0.0769230769230769,30,0.7857142857142857,-6.5,1,2,6,12,4,0.6666666666666666,18,18,0.5,0.4444444444444444,0.4666666666666667,103.55847698895874,6.708166221708553
P13_R32,13,32,0.4833333333333333,0.4833333333333333,-0.1034482758620689,60,0.7586206896551724,-7.25,8,0.1333333333333333,7,0.1166666666666666,6,0,6,0,0.45,6,0.3333333333333333,0,0.6666666666666666,0.4,0.5333333333333333,0.1666666666666666,30,0.8571428571428571,-6.0,1,2,6,12,4,0.8333333333333334,18,18,0.4444444444444444,0.5,0.5333333333333333,100.77656468150194,6.669261590971551
P13_R33,13,33,0.4833333333333333,0.4833333333333333,-0.1034482758620689,60,0.7586206896551724,-7.25,8,0.1333333333333333,7,0.1166666666666666,6,0,6,0,0.45,6,0.3333333333333333,0,0.6666666666666666,0.3636363636363636,0.5757575757575758,0.0,33,0.7419354838709677,-5.454545454545455,1,2,13,19,4,0.6666666666666666,14,14,0.2142857142857142,0.7142857142857143,0.6666666666666666,147.47234584164806,7.214050432367056
P13_R34,13,34,0.4833333333333333,0.4833333333333333,-0.1034482758620689,60,0.7586206896551724,-7.25,8,0.1333333333333333,7,0.1166666666666666,6,0,6,0,0.45,6,0.3333333333333333,0,0.6666666666666666,0.3666666666666666,0.5666666666666667,0.0909090909090909,30,0.8571428571428571,-5.5,1,2,6,12,4,0.6666666666666666,18,18,0.3888888888888889,0.5555555555555556,0.4666666666666667,185.89930708394445,7.546117410177163
P13_R35,13,35,0.4833333333333333,0.4833333333333333,-0.1034482758620689,60,0.7586206896551724,-7.25,8,0.1333333333333333,7,0.1166666666666666,6,0,6,0,0.45,6,0.3333333333333333,0,0.6666666666666666,0.303030303030303,0.6363636363636364,0.0,33,0.8064516129032258,-4.545454545454546,1,2,16,22,4,0.6666666666666666,11,11,0.2727272727272727,0.6363636363636364,0.6,148.82258056153313,7.227111266235637
P13_R36,13,36,0.4833333333333333,0.4833333333333333,-0.1034482758620689,60,0.7586206896551724,-7.25,8,0.1333333333333333,7,0.1166666666666666,6,0,6,0,0.45,6,0.3333333333333333,0,0.6666666666666666,0.3636363636363636,0.5757575757575758,0.0,33,0.9032258064516128,-5.454545454545455,0,999,999,999,0,0.5,999,999,0.0,0.0,0.6,130.02991702586212,7.033752438309609
P13_R37,13,37,0.4833333333333333,0.4833333333333333,-0.1034482758620689,60,0.7586206896551724,-7.25,8,0.1333333333333333,7,0.1166666666666666,6,0,6,0,0.45,6,0.3333333333333333,0,0.6666666666666666,0.3333333333333333,0.6060606060606061,-0.0909090909090909,33,0.8064516129032258,-5.0,0,999,999,999,0,0.5,999,999,0.0,0.0,0.6,210.8230869265575,7.726716029243197
P13_R38,13,38,0.4833333333333333,0.4833333333333333,-0.1034482758620689,60,0.7586206896551724,-7.25,8,0.1333333333333333,7,0.1166666666666666,6,0,6,0,0.45,6,0.3333333333333333,0,0.6666666666666666,0.3636363636363636,0.5757575757575758,-0.1666666666666666,33,0.8064516129032258,-5.454545454545455,0,999,999,999,0,0.5,999,999,0.0,0.0,0.6666666666666666,191.28794286027642,7.587124493164795
P13_R39,13,39,0.4833333333333333,0.4833333333333333,-0.1034482758620689,60,0.7586206896551724,-7.25,8,0.1333333333333333,7,0.1166666666666666,6,0,6,0,0.45,6,0.3333333333333333,0,0.6666666666666666,0.3939393939393939,0.5454545454545454,-0.0769230769230769,33,0.8709677419354839,-5.909090909090909,1,2,16,22,4,0.6666666666666666,11,11,0.1818181818181818,0.7272727272727273,0.6,221.3866842709226,7.796926596939455
P13_R40,13,40,0.4833333333333333,0.4833333333333333,-0.1034482758620689,60,0.7586206896551724,-7.25,8,0.1333333333333333,7,0.1166666666666666,6,0,6,0,0.45,6,0.3333333333333333,0,0.6666666666666666,0.3666666666666666,0.5666666666666667,0.2727272727272727,30,0.8571428571428571,-5.5,1,2,6,12,4,0.8333333333333334,18,18,0.3888888888888889,0.5555555555555556,0.6,241.7374362919463,7.923252815724558
P13_R41,13,41,0.4833333333333333,0.4833333333333333,-0.1034482758620689,60,0.7586206896551724,-7.25,8,0.1333333333333333,7,0.1166666666666666,6,0,6,0,0.45,6,0.3333333333333333,0,0.6666666666666666,0.4,0.5333333333333333,0.1666666666666666,30,0.7857142857142857,-6.0,1,2,6,12,4,0.6666666666666666,18,18,0.4444444444444444,0.5,0.5333333333333333,214.4466055612869,7.751186558223132
P13_R42,13,42,0.4833333333333333,0.4833333333333333,-0.1034482758620689,60,0.7586206896551724,-7.25,8,0.1333333333333333,7,0.1166666666666666,6,0,6,0,0.45,6,0.3333333333333333,0,0.6666666666666666,0.3333333333333333,0.6060606060606061,0.0909090909090909,33,0.8709677419354839,-5.0,0,999,999,999,0,0.5,999,999,0.0,0.0,0.6,241.95883158739937,7.92456806534895
P13_R43,13,43,0.4833333333333333,0.4833333333333333,-0.1034482758620689,60,0.7586206896551724,-7.25,8,0.1333333333333333,7,0.1166666666666666,6,0,6,0,0.45,6,0.3333333333333333,0,0.6666666666666666,0.4,0.5333333333333333,0.1666666666666666,30,0.8571428571428571,-6.0,1,2,6,12,4,0.6666666666666666,18,18,0.4444444444444444,0.5,0.5333333333333333,691.7431190078647,9.436176665315365
P13_R44,13,44,0.4833333333333333,0.4833333333333333,-0.1034482758620689,60,0.7586206896551724,-7.25,8,0.1333333333333333,7,0.1166666666666666,6,0,6,0,0.45,6,0.3333333333333333,0,0.6666666666666666,0.3333333333333333,0.6,0.2,30,0.8214285714285714,-5.0,1,2,6,12,4,0.6666666666666666,18,18,0.3333333333333333,0.6111111111111112,0.5333333333333333,955.4987488778864,9.901619271269427
P13_R45,13,45,0.4833333333333333,0.4833333333333333,-0.1034482758620689,60,0.7586206896551724,-7.25,8,0.1333333333333333,7,0.1166666666666666,6,0,6,0,0.45,6,0.3333333333333333,0,0.6666666666666666,0.3666666666666666,0.5666666666666667,0.0909090909090909,30,0.75,-5.5,1,2,6,12,4,0.6666666666666666,18,18,0.3888888888888889,0.5555555555555556,0.5333333333333333,725.0788740758304,9.503982466724745
P13_R46,13,46,0.4833333333333333,0.4833333333333333,-0.1034482758620689,60,0.7586206896551724,-7.25,8,0.1333333333333333,7,0.1166666666666666,6,0,6,0,0.45,6,0.3333333333333333,0,0.6666666666666666,0.3939393939393939,0.5454545454545454,0.0769230769230769,33,0.9032258064516128,-5.909090909090909,0,999,999,999,0,0.5,999,999,0.0,0.0,0.6,1400.6537159962859,10.452914254608569
P13_R47,13,47,0.4833333333333333,0.4833333333333333,-0.1034482758620689,60,0.7586206896551724,-7.25,8,0.1333333333333333,7,0.1166666666666666,6,0,6,0,0.45,6,0.3333333333333333,0,0.6666666666666666,0.3939393939393939,0.5454545454545454,0.0769230769230769,33,0.935483870967742,-5.909090909090909,1,2,16,22,4,0.6666666666666666,11,11,0.2727272727272727,0.6363636363636364,0.6,1723.6416665908384,10.752080925083705
P14_R0,14,0,0.5166666666666667,0.45,-0.032258064516129,60,0.6896551724137931,-7.750000000000001,11,0.1833333333333333,8,0.1333333333333333,6,0,5,1,0.6,6,0.3333333333333333,0,0.3333333333333333,0.3333333333333333,0.6,0.2,30,0.8214285714285714,-5.0,1,2,6,12,4,0.6666666666666666,18,18,0.3333333333333333,0.6111111111111112,0.6,4.523169198518041,2.4654963240636776
P14_R1,14,1,0.5166666666666667,0.45,-0.032258064516129,60,0.6896551724137931,-7.750000000000001,11,0.1833333333333333,8,0.1333333333333333,6,0,5,1,0.6,6,0.3333333333333333,0,0.3333333333333333,0.3333333333333333,0.6,0.0,30,0.8214285714285714,-5.0,1,2,6,12,4,0.6666666666666666,18,18,0.3333333333333333,0.6111111111111112,0.6,5.389004706771137,2.6755912024643047
P14_R2,14,2,0.5166666666666667,0.45,-0.032258064516129,60,0.6896551724137931,-7.750000000000001,11,0.1833333333333333,8,0.1333333333333333,6,0,5,1,0.6,6,0.3333333333333333,0,0.3333333333333333,0.3636363636363636,0.5757575757575758,0.0,33,0.8709677419354839,-5.454545454545455,1,2,16,22,4,0.6666666666666666,11,11,0.2727272727272727,0.6363636363636364,0.6,8.750946305340213,3.285542235659504
P14_R3,14,3,0.5166666666666667,0.45,-0.032258064516129,60,0.6896551724137931,-7.750000000000001,11,0.1833333333333333,8,0.1333333333333333,6,0,5,1,0.6,6,0.3333333333333333,0,0.3333333333333333,0.4,0.5333333333333333,0.1666666666666666,30,0.8928571428571429,-6.0,1,2,6,12,4,0.8333333333333334,18,18,0.4444444444444444,0.5,0.5333333333333333,13.776419963762462,3.885224870044462
P14_R4,14,4,0.5166666666666667,0.45,-0.032258064516129,60,0.6896551724137931,-7.750000000000001,11,0.1833333333333333,8,0.1333333333333333,6,0,5,1,0.6,6,0.3333333333333333,0,0.3333333333333333,0.4,0.5333333333333333,0.1666666666666666,30,0.8214285714285714,-6.0,1,2,6,12,4,0.6666666666666666,18,18,0.4444444444444444,0.5,0.4666666666666667,24.367461859116307,4.66490727268698
P14_R5,14,5,0.5166666666666667,0.45,-0.032258064516129,60,0.6896551724137931,-7.750000000000001,11,0.1833333333333333,8,0.1333333333333333,6,0,5,1,0.6,6,0.3333333333333333,0,0.3333333333333333,0.3636363636363636,0.5757575757575758,0.0,33,0.8709677419354839,-5.454545454545455,1,1,11,17,5,0.8333333333333334,16,16,0.375,0.5625,0.6,24.57053251356104,4.676410300311433
P14_R6,14,6,0.5166666666666667,0.45,-0.032258064516129,60,0.6896551724137931,-7.750000000000001,11,0.1833333333333333,8,0.1333333333333333,6,0,5,1,0.6,6,0.3333333333333333,0,0.3333333333333333,0.3,0.6333333333333333,0.1111111111111111,30,0.8214285714285714,-4.5,1,2,6,12,4,0.6666666666666666,18,18,0.2777777777777778,0.6666666666666666,0.6,24.888751514996343,4.694253487836714
P14_R7,14,7,0.5166666666666667,0.45,-0.032258064516129,60,0.6896551724137931,-7.750000000000001,11,0.1833333333333333,8,0.1333333333333333,6,0,5,1,0.6,6,0.3333333333333333,0,0.3333333333333333,0.3666666666666666,0.5666666666666667,0.2727272727272727,30,0.9285714285714286,-5.5,1,2,6,12,4,0.6666666666666666,18,18,0.3888888888888889,0.5555555555555556,0.4666666666666667,23.726259523094274,4.627972106728803
P14_R8,14,8,0.5166666666666667,0.45,-0.032258064516129,60,0.6896551724137931,-7.750000000000001,11,0.1833333333333333,8,0.1333333333333333,6,0,5,1,0.6,6,0.3333333333333333,0,0.3333333333333333,0.3333333333333333,0.6060606060606061,-0.0909090909090909,33,0.935483870967742,-5.0,1,1,16,22,5,0.8333333333333334,11,11,0.1818181818181818,0.7272727272727273,0.6666666666666666,28.94048090897474,4.904025489277044
P14_R9,14,9,0.5166666666666667,0.45,-0.032258064516129,60,0.6896551724137931,-7.750000000000001,11,0.1833333333333333,8,0.1333333333333333,6,0,5,1,0.6,6,0.3333333333333333,0,0.3333333333333333,0.4333333333333333,0.5,-0.0769230769230769,30,0.8214285714285714,-6.5,1,2,6,12,4,0.6666666666666666,18,18,0.5,0.4444444444444444,0.4,29.467557974337094,4.929201965128337
P14_R10,14,10,0.5166666666666667,0.45,-0.032258064516129,60,0.6896551724137931,-7.750000000000001,11,0.1833333333333333,8,0.1333333333333333,6,0,5,1,0.6,6,0.3333333333333333,0,0.3333333333333333,0.3636363636363636,0.5757575757575758,0.0,33,0.8709677419354839,-5.454545454545455,1,2,13,19,4,0.6666666666666666,14,14,0.3571428571428571,0.5714285714285714,0.5333333333333333,33.000961224429666,5.087503627547856
P14_R11,14,11,0.5166666666666667,0.45,-0.032258064516129,60,0.6896551724137931,-7.750000000000001,11,0.1833333333333333,8,0.1333333333333333,6,0,5,1,0.6,6,0.3333333333333333,0,0.3333333333333333,0.3333333333333333,0.6060606060606061,-0.0909090909090909,33,0.9032258064516128,-5.0,1,2,11,17,4,0.6666666666666666,16,16,0.375,0.5625,0.6,28.242416481226183,4.869990629892913
P14_R12,14,12,0.5166666666666667,0.45,-0.032258064516129,60,0.6896551724137931,-7.750000000000001,11,0.1833333333333333,8,0.1333333333333333,6,0,5,1,0.6,6,0.3333333333333333,0,0.3333333333333333,0.3666666666666666,0.5666666666666667,0.2727272727272727,30,0.8214285714285714,-5.5,1,2,6,12,4,0.8333333333333334,18,18,0.3888888888888889,0.5555555555555556,0.6,29.550772276882334,4.933136944520437
P14_R13,14,13,0.5166666666666667,0.45,-0.032258064516129,60,0.6896551724137931,-7.750000000000001,11,0.1833333333333333,8,0.1333333333333333,6,0,5,1,0.6,6,0.3333333333333333,0,0.3333333333333333,0.3333333333333333,0.6,0.0,30,0.7857142857142857,-5.0,1,2,6,12,4,0.6666666666666666,18,18,0.3333333333333333,0.6111111111111112,0.5333333333333333,29.757313081764693,4.94285757175904
P14_R14,14,14,0.5166666666666667,0.45,-0.032258064516129,60,0.6896551724137931,-7.750000000000001,11,0.1833333333333333,8,0.1333333333333333,6,0,5,1,0.6,6,0.3333333333333333,0,0.3333333333333333,0.3055555555555556,0.6388888888888888,0.0909090909090909,36,0.7941176470588235,-4.583333333333334,1,2,16,22,4,1.0,14,14,0.4285714285714285,0.5,0.4666666666666667,37.44474289136908,5.264714425893955
P14_R15,14,15,0.5166666666666667,0.45,-0.032258064516129,60,0.6896551724137931,-7.750000000000001,11,0.1833333333333333,8,0.1333333333333333,6,0,5,1,0.6,6,0.3333333333333333,0,0.3333333333333333,0.3333333333333333,0.6060606060606061,0.0909090909090909,33,0.8064516129032258,-5.0,1,2,15,21,4,0.6666666666666666,12,12,0.25,0.6666666666666666,0.6,45.286927607433,5.532532898765256
P14_R16,14,16,0.5166666666666667,0.45,-0.032258064516129,60,0.6896551724137931,-7.750000000000001,11,0.1833333333333333,8,0.1333333333333333,6,0,5,1,0.6,6,0.3333333333333333,0,0.3333333333333333,0.4,0.5333333333333333,0.1666666666666666,30,0.8214285714285714,-6.0,1,2,6,12,4,0.6666666666666666,18,18,0.4444444444444444,0.5,0.5333333333333333,37.17698631872737,5.254631316156444
P14_R17,14,17,0.5166666666666667,0.45,-0.032258064516129,60,0.6896551724137931,-7.750000000000001,11,0.1833333333333333,8,0.1333333333333333,6,0,5,1,0.6,6,0.3333333333333333,0,0.3333333333333333,0.3939393939393939,0.5454545454545454,-0.0769230769230769,33,0.9032258064516128,-5.909090909090909,1,1,16,22,5,0.8333333333333334,11,11,0.2727272727272727,0.6363636363636364,0.5333333333333333,38.885849273479536,5.317805091861211
P14_R18,14,18,0.5166666666666667,0.45,-0.032258064516129,60,0.6896551724137931,-7.750000000000001,11,0.1833333333333333,8,0.1333333333333333,6,0,5,1,0.6,6,0.3333333333333333,0,0.3333333333333333,0.3636363636363636,0.5757575757575758,-0.1666666666666666,33,0.935483870967742,-5.454545454545455,1,2,16,22,4,0.6666666666666666,11,11,0.2727272727272727,0.6363636363636364,0.6,44.45432905312587,5.506345797580833
P14_R19,14,19,0.5166666666666667,0.45,-0.032258064516129,60,0.6896551724137931,-7.750000000000001,11,0.1833333333333333,8,0.1333333333333333,6,0,5,1,0.6,6,0.3333333333333333,0,0.3333333333333333,0.4583333333333333,0.4583333333333333,-0.0909090909090909,24,0.8636363636363636,-6.875,1,2,7,13,4,0.6666666666666666,11,11,0.5454545454545454,0.3636363636363636,0.4666666666666667,41.936701065778514,5.424139444470786
P14_R20,14,20,0.5166666666666667,0.45,-0.032258064516129,60,0.6896551724137931,-7.750000000000001,11,0.1833333333333333,8,0.1333333333333333,6,0,5,1,0.6,6,0.3333333333333333,0,0.3333333333333333,0.4333333333333333,0.5,0.2307692307692307,30,0.75,-6.5,1,2,6,12,4,0.8333333333333334,18,18,0.5,0.4444444444444444,0.4,57.33860738316537,5.86637904256704
P14_R21,14,21,0.5166666666666667,0.45,-0.032258064516129,60,0.6896551724137931,-7.750000000000001,11,0.1833333333333333,8,0.1333333333333333,6,0,5,1,0.6,6,0.3333333333333333,0,0.3333333333333333,0.3666666666666666,0.5666666666666667,0.0909090909090909,30,0.8214285714285714,-5.5,1,2,6,12,4,0.6666666666666666,18,18,0.3888888888888889,0.5555555555555556,0.5333333333333333,37.47560017821823,5.265871926116239
P14_R22,14,22,0.5166666666666667,0.45,-0.032258064516129,60,0.6896551724137931,-7.750000000000001,11,0.1833333333333333,8,0.1333333333333333,6,0,5,1,0.6,6,0.3333333333333333,0,0.3333333333333333,0.3529411764705882,0.5294117647058824,-0.6666666666666666,17,0.7333333333333333,-5.294117647058824,0,999,999,999,0,0.3333333333333333,999,999,0.0,0.0,0.6,46.72244624474078,5.57659609212633
P14_R23,14,23,0.5166666666666667,0.45,-0.032258064516129,60,0.6896551724137931,-7.750000000000001,11,0.1833333333333333,8,0.1333333333333333,6,0,5,1,0.6,6,0.3333333333333333,0,0.3333333333333333,0.3055555555555556,0.6388888888888888,-0.2727272727272727,36,0.6176470588235294,-4.583333333333334,1,2,21,27,4,0.6666666666666666,9,9,0.2222222222222222,0.6666666666666666,0.4666666666666667,49.78597233481121,5.666358158072209
P14_R24,14,24,0.5166666666666667,0.45,-0.032258064516129,60,0.6896551724137931,-7.750000000000001,11,0.1833333333333333,8,0.1333333333333333,6,0,5,1,0.6,6,0.3333333333333333,0,0.3333333333333333,0.2666666666666666,0.6666666666666666,0.25,30,0.7857142857142857,-4.0,1,2,6,12,4,0.6666666666666666,18,18,0.2222222222222222,0.7222222222222222,0.6666666666666666,40.20217604694675,5.364648628636539
P14_R25,14,25,0.5166666666666667,0.45,-0.032258064516129,60,0.6896551724137931,-7.750000000000001,11,0.1833333333333333,8,0.1333333333333333,6,0,5,1,0.6,6,0.3333333333333333,0,0.3333333333333333,0.3666666666666666,0.5666666666666667,0.2727272727272727,30,0.8214285714285714,-5.5,1,2,6,12,4,0.6666666666666666,18,18,0.3888888888888889,0.5555555555555556,0.5333333333333333,50.092638011360286,5.675043521673203
P14_R26,14,26,0.5166666666666667,0.45,-0.032258064516129,60,0.6896551724137931,-7.750000000000001,11,0.1833333333333333,8,0.1333333333333333,6,0,5,1,0.6,6,0.3333333333333333,0,0.3333333333333333,0.4,0.5333333333333333,0.3333333333333333,30,0.7857142857142857,-6.0,1,2,6,12,4,0.8333333333333334,18,18,0.4444444444444444,0.5,0.4666666666666667,54.306921995641744,5.789388148653576
P14_R27,14,27,0.5166666666666667,0.45,-0.032258064516129,60,0.6896551724137931,-7.750000000000001,11,0.1833333333333333,8,0.1333333333333333,6,0,5,1,0.6,6,0.3333333333333333,0,0.3333333333333333,0.3333333333333333,0.6060606060606061,-0.0909090909090909,33,0.8387096774193549,-5.0,0,999,999,999,0,0.5,999,999,0.0,0.0,0.7333333333333333,69.63655289426778,6.142343035216762
P14_R28,14,28,0.5166666666666667,0.45,-0.032258064516129,60,0.6896551724137931,-7.750000000000001,11,0.1833333333333333,8,0.1333333333333333,6,0,5,1,0.6,6,0.3333333333333333,0,0.3333333333333333,0.3939393939393939,0.5454545454545454,0.0769230769230769,33,0.8709677419354839,-5.909090909090909,1,2,11,17,4,0.6666666666666666,16,16,0.4375,0.5,0.5333333333333333,90.70475299149399,6.518924604493461
P14_R29,14,29,0.5166666666666667,0.45,-0.032258064516129,60,0.6896551724137931,-7.750000000000001,11,0.1833333333333333,8,0.1333333333333333,6,0,5,1,0.6,6,0.3333333333333333,0,0.3333333333333333,0.3666666666666666,0.5666666666666667,0.0909090909090909,30,0.7857142857142857,-5.5,1,2,6,12,4,0.6666666666666666,18,18,0.3888888888888889,0.5555555555555556,0.6,78.4446786441742,6.3118786832368885
P14_R30,14,30,0.5166666666666667,0.45,-0.032258064516129,60,0.6896551724137931,-7.750000000000001,11,0.1833333333333333,8,0.1333333333333333,6,0,5,1,0.6,6,0.3333333333333333,0,0.3333333333333333,0.4,0.5333333333333333,0.0,30,0.8214285714285714,-6.0,1,2,6,12,4,0.6666666666666666,18,18,0.4444444444444444,0.5,0.5333333333333333,72.07655495095793,6.1913367174635905
P14_R31,14,31,0.5166666666666667,0.45,-0.032258064516129,60,0.6896551724137931,-7.750000000000001,11,0.1833333333333333,8,0.1333333333333333,6,0,5,1,0.6,6,0.3333333333333333,0,0.3333333333333333,0.4333333333333333,0.5,-0.0769230769230769,30,0.7857142857142857,-6.5,1,2,6,12,4,0.6666666666666666,18,18,0.5,0.4444444444444444,0.4666666666666667,104.0698800421199,6.715205346785099
P14_R32,14,32,0.5166666666666667,0.45,-0.032258064516129,60,0.6896551724137931,-7.750000000000001,11,0.1833333333333333,8,0.1333333333333333,6,0,5,1,0.6,6,0.3333333333333333,0,0.3333333333333333,0.4,0.5333333333333333,0.1666666666666666,30,0.8571428571428571,-6.0,1,2,6,12,4,0.8333333333333334,18,18,0.4444444444444444,0.5,0.5333333333333333,142.8818886219644,7.168741191583755
P14_R33,14,33,0.5166666666666667,0.45,-0.032258064516129,60,0.6896551724137931,-7.750000000000001,11,0.1833333333333333,8,0.1333333333333333,6,0,5,1,0.6,6,0.3333333333333333,0,0.3333333333333333,0.3636363636363636,0.5757575757575758,0.0,33,0.7419354838709677,-5.454545454545455,1,2,13,19,4,0.6666666666666666,14,14,0.2142857142857142,0.7142857142857143,0.6666666666666666,131.89640479307312,7.054158266116713
P14_R34,14,34,0.5166666666666667,0.45,-0.032258064516129,60,0.6896551724137931,-7.750000000000001,11,0.1833333333333333,8,0.1333333333333333,6,0,5,1,0.6,6,0.3333333333333333,0,0.3333333333333333,0.3666666666666666,0.5666666666666667,0.0909090909090909,30,0.8571428571428571,-5.5,1,2,6,12,4,0.6666666666666666,18,18,0.3888888888888889,0.5555555555555556,0.4666666666666667,143.7564400130409,7.1774837229163735
P14_R35,14,35,0.5166666666666667,0.45,-0.032258064516129,60,0.6896551724137931,-7.750000000000001,11,0.1833333333333333,8,0.1333333333333333,6,0,5,1,0.6,6,0.3333333333333333,0,0.3333333333333333,0.303030303030303,0.6363636363636364,0.0,33,0.8064516129032258,-4.545454545454546,1,2,16,22,4,0.6666666666666666,11,11,0.2727272727272727,0.6363636363636364,0.6,180.63624825826395,7.504908332733642
P14_R36,14,36,0.5166666666666667,0.45,-0.032258064516129,60,0.6896551724137931,-7.750000000000001,11,0.1833333333333333,8,0.1333333333333333,6,0,5,1,0.6,6,0.3333333333333333,0,0.3333333333333333,0.3636363636363636,0.5757575757575758,0.0,33,0.9032258064516128,-5.454545454545455,0,999,999,999,0,0.5,999,999,0.0,0.0,0.6,172.38113120618675,7.437803090661652
P14_R37,14,37,0.5166666666666667,0.45,-0.032258064516129,60,0.6896551724137931,-7.750000000000001,11,0.1833333333333333,8,0.1333333333333333,6,0,5,1,0.6,6,0.3333333333333333,0,0.3333333333333333,0.3333333333333333,0.6060606060606061,-0.0909090909090909,33,0.8064516129032258,-5.0,0,999,999,999,0,0.5,999,999,0.0,0.0,0.6,247.68451720121723,7.958172879668328
P14_R38,14,38,0.5166666666666667,0.45,-0.032258064516129,60,0.6896551724137931,-7.750000000000001,11,0.1833333333333333,8,0.1333333333333333,6,0,5,1,0.6,6,0.3333333333333333,0,0.3333333333333333,0.3636363636363636,0.5757575757575758,-0.1666666666666666,33,0.8064516129032258,-5.454545454545455,0,999,999,999,0,0.5,999,999,0.0,0.0,0.6666666666666666,232.40363408067412,7.866683213670675
P14_R39,14,39,0.5166666666666667,0.45,-0.032258064516129,60,0.6896551724137931,-7.750000000000001,11,0.1833333333333333,8,0.1333333333333333,6,0,5,1,0.6,6,0.3333333333333333,0,0.3333333333333333,0.3939393939393939,0.5454545454545454,-0.0769230769230769,33,0.8709677419354839,-5.909090909090909,1,2,16,22,4,0.6666666666666666,11,11,0.1818181818181818,0.7272727272727273,0.6,275.30812712337996,8.110134186916662
P14_R40,14,40,0.5166666666666667,0.45,-0.032258064516129,60,0.6896551724137931,-7.750000000000001,11,0.1833333333333333,8,0.1333333333333333,6,0,5,1,0.6,6,0.3333333333333333,0,0.3333333333333333,0.3666666666666666,0.5666666666666667,0.2727272727272727,30,0.8571428571428571,-5.5,1,2,6,12,4,0.8333333333333334,18,18,0.3888888888888889,0.5555555555555556,0.6,222.78517826760802,7.805970676723836
P14_R41,14,41,0.5166666666666667,0.45,-0.032258064516129,60,0.6896551724137931,-7.750000000000001,11,0.1833333333333333,8,0.1333333333333333,6,0,5,1,0.6,6,0.3333333333333333,0,0.3333333333333333,0.4,0.5333333333333333,0.1666666666666666,30,0.7857142857142857,-6.0,1,2,6,12,4,0.6666666666666666,18,18,0.4444444444444444,0.5,0.5333333333333333,293.96928425547384,8.204420921335815
P14_R42,14,42,0.5166666666666667,0.45,-0.032258064516129,60,0.6896551724137931,-7.750000000000001,11,0.1833333333333333,8,0.1333333333333333,6,0,5,1,0.6,6,0.3333333333333333,0,0.3333333333333333,0.3333333333333333,0.6060606060606061,0.0909090909090909,33,0.8709677419354839,-5.0,0,999,999,999,0,0.5,999,999,0.0,0.0,0.6,317.6315974247474,8.315745530045511
P14_R43,14,43,0.5166666666666667,0.45,-0.032258064516129,60,0.6896551724137931,-7.750000000000001,11,0.1833333333333333,8,0.1333333333333333,6,0,5,1,0.6,6,0.3333333333333333,0,0.3333333333333333,0.4,0.5333333333333333,0.1666666666666666,30,0.8571428571428571,-6.0,1,2,6,12,4,0.6666666666666666,18,18,0.4444444444444444,0.5,0.5333333333333333,570.1505090655686,9.157727163156007
P14_R44,14,44,0.5166666666666667,0.45,-0.032258064516129,60,0.6896551724137931,-7.750000000000001,11,0.1833333333333333,8,0.1333333333333333,6,0,5,1,0.6,6,0.3333333333333333,0,0.3333333333333333,0.3333333333333333,0.6,0.2,30,0.8214285714285714,-5.0,1,2,6,12,4,0.6666666666666666,18,18,0.3333333333333333,0.6111111111111112,0.5333333333333333,869.1354101215427,9.76509611982744
P14_R45,14,45,0.5166666666666667,0.45,-0.032258064516129,60,0.6896551724137931,-7.750000000000001,11,0.1833333333333333,8,0.1333333333333333,6,0,5,1,0.6,6,0.3333333333333333,0,0.3333333333333333,0.3666666666666666,0.5666666666666667,0.0909090909090909,30,0.75,-5.5,1,2,6,12,4,0.6666666666666666,18,18,0.3888888888888889,0.5555555555555556,0.5333333333333333,1255.4304952455063,10.295115149324253
P14_R46,14,46,0.5166666666666667,0.45,-0.032258064516129,60,0.6896551724137931,-7.750000000000001,11,0.1833333333333333,8,0.1333333333333333,6,0,5,1,0.6,6,0.3333333333333333,0,0.3333333333333333,0.3939393939393939,0.5454545454545454,0.0769230769230769,33,0.9032258064516128,-5.909090909090909,0,999,999,999,0,0.5,999,999,0.0,0.0,0.6,1256.0212344701467,10.295793305626573
P14_R47,14,47,0.5166666666666667,0.45,-0.032258064516129,60,0.6896551724137931,-7.750000000000001,11,0.1833333333333333,8,0.1333333333333333,6,0,5,1,0.6,6,0.3333333333333333,0,0.3333333333333333,0.3939393939393939,0.5454545454545454,0.0769230769230769,33,0.935483870967742,-5.909090909090909,1,2,16,22,4,0.6666666666666666,11,11,0.2727272727272727,0.6363636363636364,0.6,1509.2625659410821,10.560583675040872
P15_R0,15,0,0.4230769230769231,0.5384615384615384,-0.1818181818181818,52,0.7,-6.346153846153846,6,0.1153846153846153,8,0.1538461538461538,5,1,3,3,0.7,6,0.5,0,0.3333333333333333,0.3333333333333333,0.6,0.2,30,0.8214285714285714,-5.0,1,2,6,12,4,0.6666666666666666,18,18,0.3333333333333333,0.6111111111111112,0.6,5.721414077029352,2.7487647846859518
P15_R1,15,1,0.4230769230769231,0.5384615384615384,-0.1818181818181818,52,0.7,-6.346153846153846,6,0.1153846153846153,8,0.1538461538461538,5,1,3,3,0.7,6,0.5,0,0.3333333333333333,0.3333333333333333,0.6,0.0,30,0.8214285714285714,-5.0,1,2,6,12,4,0.6666666666666666,18,18,0.3333333333333333,0.6111111111111112,0.6,8.965974327242058,3.3170108575847332
P15_R2,15,2,0.4230769230769231,0.5384615384615384,-0.1818181818181818,52,0.7,-6.346153846153846,6,0.1153846153846153,8,0.1538461538461538,5,1,3,3,0.7,6,0.5,0,0.3333333333333333,0.3636363636363636,0.5757575757575758,0.0,33,0.8709677419354839,-5.454545454545455,1,2,16,22,4,0.6666666666666666,11,11,0.2727272727272727,0.6363636363636364,0.6,6.321956241954604,2.8722291517217085
P15_R3,15,3,0.4230769230769231,0.5384615384615384,-0.1818181818181818,52,0.7,-6.346153846153846,6,0.1153846153846153,8,0.1538461538461538,5,1,3,3,0.7,6,0.5,0,0.3333333333333333,0.4,0.5333333333333333,0.1666666666666666,30,0.8928571428571429,-6.0,1,2,6,12,4,0.8333333333333334,18,18,0.4444444444444444,0.5,0.5333333333333333,12.042098820081717,3.705104151087577
P15_R4,15,4,0.4230769230769231,0.5384615384615384,-0.1818181818181818,52,0.7,-6.346153846153846,6,0.1153846153846153,8,0.1538461538461538,5,1,3,3,0.7,6,0.5,0,0.3333333333333333,0.4,0.5333333333333333,0.1666666666666666,30,0.8214285714285714,-6.0,1,2,6,12,4,0.6666666666666666,18,18,0.4444444444444444,0.5,0.4666666666666667,17.111899746100153,4.1788659725136315
P15_R5,15,5,0.4230769230769231,0.5384615384615384,-0.1818181818181818,52,0.7,-6.346153846153846,6,0.1153846153846153,8,0.1538461538461538,5,1,3,3,0.7,6,0.5,0,0.3333333333333333,0.3636363636363636,0.5757575757575758,0.0,33,0.8709677419354839,-5.454545454545455,1,1,11,17,5,0.8333333333333334,16,16,0.375,0.5625,0.6,33.11694581681299,5.092416595817945
P15_R6,15,6,0.4230769230769231,0.5384615384615384,-0.1818181818181818,52,0.7,-6.346153846153846,6,0.1153846153846153,8,0.1538461538461538,5,1,3,3,0.7,6,0.5,0,0.3333333333333333,0.3,0.6333333333333333,0.1111111111111111,30,0.8214285714285714,-4.5,1,2,6,12,4,0.6666666666666666,18,18,0.2777777777777778,0.6666666666666666,0.6,28.247282012963257,4.870230654331585
P15_R7,15,7,0.4230769230769231,0.5384615384615384,-0.1818181818181818,52,0.7,-6.346153846153846,6,0.1153846153846153,8,0.1538461538461538,5,1,3,3,0.7,6,0.5,0,0.3333333333333333,0.3666666666666666,0.5666666666666667,0.2727272727272727,30,0.9285714285714286,-5.5,1,2,6,12,4,0.6666666666666666,18,18,0.3888888888888889,0.5555555555555556,0.4666666666666667,31.47104500380546,5.0210819099871244
P15_R8,15,8,0.4230769230769231,0.5384615384615384,-0.1818181818181818,52,0.7,-6.346153846153846,6,0.1153846153846153,8,0.1538461538461538,5,1,3,3,0.7,6,0.5,0,0.3333333333333333,0.3333333333333333,0.6060606060606061,-0.0909090909090909,33,0.935483870967742,-5.0,1,1,16,22,5,0.8333333333333334,11,11,0.1818181818181818,0.7272727272727273,0.6666666666666666,24.879633332759326,4.693745272003055
P15_R9,15,9,0.4230769230769231,0.5384615384615384,-0.1818181818181818,52,0.7,-6.346153846153846,6,0.1153846153846153,8,0.1538461538461538,5,1,3,3,0.7,6,0.5,0,0.3333333333333333,0.4333333333333333,0.5,-0.0769230769230769,30,0.8214285714285714,-6.5,1,2,6,12,4,0.6666666666666666,18,18,0.5,0.4444444444444444,0.4,26.15251800783746,4.763014088459302
P15_R10,15,10,0.4230769230769231,0.5384615384615384,-0.1818181818181818,52,0.7,-6.346153846153846,6,0.1153846153846153,8,0.1538461538461538,5,1,3,3,0.7,6,0.5,0,0.3333333333333333,0.3636363636363636,0.5757575757575758,0.0,33,0.8709677419354839,-5.454545454545455,1,2,13,19,4,0.6666666666666666,14,14,0.3571428571428571,0.5714285714285714,0.5333333333333333,33.72700005139215,5.117985881423226
P15_R11,15,11,0.4230769230769231,0.5384615384615384,-0.1818181818181818,52,0.7,-6.346153846153846,6,0.1153846153846153,8,0.1538461538461538,5,1,3,3,0.7,6,0.5,0,0.3333333333333333,0.3333333333333333,0.6060606060606061,-0.0909090909090909,33,0.9032258064516128,-5.0,1,2,11,17,4,0.6666666666666666,16,16,0.375,0.5625,0.6,35.52061654348438,5.190639216088994
P15_R12,15,12,0.4230769230769231,0.5384615384615384,-0.1818181818181818,52,0.7,-6.346153846153846,6,0.1153846153846153,8,0.1538461538461538,5,1,3,3,0.7,6,0.5,0,0.3333333333333333,0.3666666666666666,0.5666666666666667,0.2727272727272727,30,0.8214285714285714,-5.5,1,2,6,12,4,0.8333333333333334,18,18,0.3888888888888889,0.5555555555555556,0.6,39.49130541614966,5.339540250301005
P15_R13,15,13,0.4230769230769231,0.5384615384615384,-0.1818181818181818,52,0.7,-6.346153846153846,6,0.1153846153846153,8,0.1538461538461538,5,1,3,3,0.7,6,0.5,0,0.3333333333333333,0.3333333333333333,0.6,0.0,30,0.7857142857142857,-5.0,1,2,6,12,4,0.6666666666666666,18,18,0.3333333333333333,0.6111111111111112,0.5333333333333333,35.842647538245785,5.203304833109642
P15_R14,15,14,0.4230769230769231,0.5384615384615384,-0.1818181818181818,52,0.7,-6.346153846153846,6,0.1153846153846153,8,0.1538461538461538,5,1,3,3,0.7,6,0.5,0,0.3333333333333333,0.3055555555555556,0.6388888888888888,0.0909090909090909,36,0.7941176470588235,-4.583333333333334,1,2,16,22,4,1.0,14,14,0.4285714285714285,0.5,0.4666666666666667,39.97748153378796,5.35675941426908
P15_R15,15,15,0.4230769230769231,0.5384615384615384,-0.1818181818181818,52,0.7,-6.346153846153846,6,0.1153846153846153,8,0.1538461538461538,5,1,3,3,0.7,6,0.5,0,0.3333333333333333,0.3333333333333333,0.6060606060606061,0.0909090909090909,33,0.8064516129032258,-5.0,1,2,15,21,4,0.6666666666666666,12,12,0.25,0.6666666666666666,0.6,42.70554723038161,5.449744497127231
P15_R16,15,16,0.4230769230769231,0.5384615384615384,-0.1818181818181818,52,0.7,-6.346153846153846,6,0.1153846153846153,8,0.1538461538461538,5,1,3,3,0.7,6,0.5,0,0.3333333333333333,0.4,0.5333333333333333,0.1666666666666666,30,0.8214285714285714,-6.0,1,2,6,12,4,0.6666666666666666,18,18,0.4444444444444444,0.5,0.5333333333333333,51.60042013444729,5.717002417664692
P15_R17,15,17,0.4230769230769231,0.5384615384615384,-0.1818181818181818,52,0.7,-6.346153846153846,6,0.1153846153846153,8,0.1538461538461538,5,1,3,3,0.7,6,0.5,0,0.3333333333333333,0.3939393939393939,0.5454545454545454,-0.0769230769230769,33,0.9032258064516128,-5.909090909090909,1,1,16,22,5,0.8333333333333334,11,11,0.2727272727272727,0.6363636363636364,0.5333333333333333,53.93320970886782,5.779606684864675
P15_R18,15,18,0.4230769230769231,0.5384615384615384,-0.1818181818181818,52,0.7,-6.346153846153846,6,0.1153846153846153,8,0.1538461538461538,5,1,3,3,0.7,6,0.5,0,0.3333333333333333,0.3636363636363636,0.5757575757575758,-0.1666666666666666,33,0.935483870967742,-5.454545454545455,1,2,16,22,4,0.6666666666666666,11,11,0.2727272727272727,0.6363636363636364,0.6,38.348625098698406,5.2982413215237205
P15_R19,15,19,0.4230769230769231,0.5384615384615384,-0.1818181818181818,52,0.7,-6.346153846153846,6,0.1153846153846153,8,0.1538461538461538,5,1,3,3,0.7,6,0.5,0,0.3333333333333333,0.4583333333333333,0.4583333333333333,-0.0909090909090909,24,0.8636363636363636,-6.875,1,2,7,13,4,0.6666666666666666,11,11,0.5454545454545454,0.3636363636363636,0.4666666666666667,35.81203519084823,5.202105607678563
P15_R20,15,20,0.4230769230769231,0.5384615384615384,-0.1818181818181818,52,0.7,-6.346153846153846,6,0.1153846153846153,8,0.1538461538461538,5,1,3,3,0.7,6,0.5,0,0.3333333333333333,0.4333333333333333,0.5,0.2307692307692307,30,0.75,-6.5,1,2,6,12,4,0.8333333333333334,18,18,0.5,0.4444444444444444,0.4,66.60479983875629,6.079053774201674
P15_R21,15,21,0.4230769230769231,0.5384615384615384,-0.1818181818181818,52,0.7,-6.346153846153846,6,0.1153846153846153,8,0.1538461538461538,5,1,3,3,0.7,6,0.5,0,0.3333333333333333,0.3666666666666666,0.5666666666666667,0.0909090909090909,30,0.8214285714285714,-5.5,1,2,6,12,4,0.6666666666666666,18,18,0.3888888888888889,0.5555555555555556,0.5333333333333333,72.38246881564197,6.19736353706129
P15_R22,15,22,0.4230769230769231,0.5384615384615384,-0.1818181818181818,52,0.7,-6.346153846153846,6,0.1153846153846153,8,0.1538461538461538,5,1,3,3,0.7,6,0.5,0,0.3333333333333333,0.3529411764705882,0.5294117647058824,-0.6666666666666666,17,0.7333333333333333,-5.294117647058824,0,999,999,999,0,0.3333333333333333,999,999,0.0,0.0,0.6,52.32559872627753,5.736756353757612
P15_R23,15,23,0.4230769230769231,0.5384615384615384,-0.1818181818181818,52,0.7,-6.346153846153846,6,0.1153846153846153,8,0.1538461538461538,5,1,3,3,0.7,6,0.5,0,0.3333333333333333,0.3055555555555556,0.6388888888888888,-0.2727272727272727,36,0.6176470588235294,-4.583333333333334,1,2,21,27,4,0.6666666666666666,9,9,0.2222222222222222,0.6666666666666666,0.4666666666666667,48.83606677844503,5.639118305641961
P15_R24,15,24,0.4230769230769231,0.5384615384615384,-0.1818181818181818,52,0.7,-6.346153846153846,6,0.1153846153846153,8,0.1538461538461538,5,1,3,3,0.7,6,0.5,0,0.3333333333333333,0.2666666666666666,0.6666666666666666,0.25,30,0.7857142857142857,-4.0,1,2,6,12,4,0.6666666666666666,18,18,0.2222222222222222,0.7222222222222222,0.6666666666666666,66.63156801447387,6.079624897420654
P15_R25,15,25,0.4230769230769231,0.5384615384615384,-0.1818181818181818,52,0.7,-6.346153846153846,6,0.1153846153846153,8,0.1538461538461538,5,1,3,3,0.7,6,0.5,0,0.3333333333333333,0.3666666666666666,0.5666666666666667,0.2727272727272727,30,0.8214285714285714,-5.5,1,2,6,12,4,0.6666666666666666,18,18,0.3888888888888889,0.5555555555555556,0.5333333333333333,76.73778815248738,6.280544154624754
P15_R26,15,26,0.4230769230769231,0.5384615384615384,-0.1818181818181818,52,0.7,-6.346153846153846,6,0.1153846153846153,8,0.1538461538461538,5,1,3,3,0.7,6,0.5,0,0.3333333333333333,0.4,0.5333333333333333,0.3333333333333333,30,0.7857142857142857,-6.0,1,2,6,12,4,0.8333333333333334,18,18,0.4444444444444444,0.5,0.4666666666666667,94.05813054860013,6.570738124186098
P15_R27,15,27,0.4230769230769231,0.5384615384615384,-0.1818181818181818,52,0.7,-6.346153846153846,6,0.1153846153846153,8,0.1538461538461538,5,1,3,3,0.7,6,0.5,0,0.3333333333333333,0.3333333333333333,0.6060606060606061,-0.0909090909090909,33,0.8387096774193549,-5.0,0,999,999,999,0,0.5,999,999,0.0,0.0,0.7333333333333333,89.41144181537958,6.4984334560870805
P15_R28,15,28,0.4230769230769231,0.5384615384615384,-0.1818181818181818,52,0.7,-6.346153846153846,6,0.1153846153846153,8,0.1538461538461538,5,1,3,3,0.7,6,0.5,0,0.3333333333333333,0.3939393939393939,0.5454545454545454,0.0769230769230769,33,0.8709677419354839,-5.909090909090909,1,2,11,17,4,0.6666666666666666,16,16,0.4375,0.5,0.5333333333333333,83.70143155158387,6.404314447855908
P15_R29,15,29,0.4230769230769231,0.5384615384615384,-0.1818181818181818,52,0.7,-6.346153846153846,6,0.1153846153846153,8,0.1538461538461538,5,1,3,3,0.7,6,0.5,0,0.3333333333333333,0.3666666666666666,0.5666666666666667,0.0909090909090909,30,0.7857142857142857,-5.5,1,2,6,12,4,0.6666666666666666,18,18,0.3888888888888889,0.5555555555555556,0.6,82.06666131821935,6.376197664524087
P15_R30,15,30,0.4230769230769231,0.5384615384615384,-0.1818181818181818,52,0.7,-6.346153846153846,6,0.1153846153846153,8,0.1538461538461538,5,1,3,3,0.7,6,0.5,0,0.3333333333333333,0.4,0.5333333333333333,0.0,30,0.8214285714285714,-6.0,1,2,6,12,4,0.6666666666666666,18,18,0.4444444444444444,0.5,0.5333333333333333,97.16565242652315,6.617146417369566
P15_R31,15,31,0.4230769230769231,0.5384615384615384,-0.1818181818181818,52,0.7,-6.346153846153846,6,0.1153846153846153,8,0.1538461538461538,5,1,3,3,0.7,6,0.5,0,0.3333333333333333,0.4333333333333333,0.5,-0.0769230769230769,30,0.7857142857142857,-6.5,1,2,6,12,4,0.6666666666666666,18,18,0.5,0.4444444444444444,0.4666666666666667,115.70742217915615,6.866752504038155
P15_R32,15,32,0.4230769230769231,0.5384615384615384,-0.1818181818181818,52,0.7,-6.346153846153846,6,0.1153846153846153,8,0.1538461538461538,5,1,3,3,0.7,6,0.5,0,0.3333333333333333,0.4,0.5333333333333333,0.1666666666666666,30,0.8571428571428571,-6.0,1,2,6,12,4,0.8333333333333334,18,18,0.4444444444444444,0.5,0.5333333333333333,120.87184063453728,6.929221009170594
P15_R33,15,33,0.4230769230769231,0.5384615384615384,-0.1818181818181818,52,0.7,-6.346153846153846,6,0.1153846153846153,8,0.1538461538461538,5,1,3,3,0.7,6,0.5,0,0.3333333333333333,0.3636363636363636,0.5757575757575758,0.0,33,0.7419354838709677,-5.454545454545455,1,2,13,19,4,0.6666666666666666,14,14,0.2142857142857142,0.7142857142857143,0.6666666666666666,239.38489169787158,7.909202414619546
P15_R34,15,34,0.4230769230769231,0.5384615384615384,-0.1818181818181818,52,0.7,-6.346153846153846,6,0.1153846153846153,8,0.1538461538461538,5,1,3,3,0.7,6,0.5,0,0.3333333333333333,0.3666666666666666,0.5666666666666667,0.0909090909090909,30,0.8571428571428571,-5.5,1,2,6,12,4,0.6666666666666666,18,18,0.3888888888888889,0.5555555555555556,0.4666666666666667,248.347923772434,7.962016380041903
P15_R35,15,35,0.4230769230769231,0.5384615384615384,-0.1818181818181818,52,0.7,-6.346153846153846,6,0.1153846153846153,8,0.1538461538461538,5,1,3,3,0.7,6,0.5,0,0.3333333333333333,0.303030303030303,0.6363636363636364,0.0,33,0.8064516129032258,-4.545454545454546,1,2,16,22,4,0.6666666666666666,11,11,0.2727272727272727,0.6363636363636364,0.6,227.11556831137744,7.833621100077434
P15_R36,15,36,0.4230769230769231,0.5384615384615384,-0.1818181818181818,52,0.7,-6.346153846153846,6,0.1153846153846153,8,0.1538461538461538,5,1,3,3,0.7,6,0.5,0,0.3333333333333333,0.3636363636363636,0.5757575757575758,0.0,33,0.9032258064516128,-5.454545454545455,0,999,999,999,0,0.5,999,999,0.0,0.0,0.6,178.95949081550802,7.491528379791759
P15_R37,15,37,0.4230769230769231,0.5384615384615384,-0.1818181818181818,52,0.7,-6.346153846153846,6,0.1153846153846153,8,0.1538461538461538,5,1,3,3,0.7,6,0.5,0,0.3333333333333333,0.3333333333333333,0.6060606060606061,-0.0909090909090909,33,0.8064516129032258,-5.0,0,999,999,999,0,0.5,999,999,0.0,0.0,0.6,294.6047811218041,8.207525793646253
P15_R38,15,38,0.4230769230769231,0.5384615384615384,-0.1818181818181818,52,0.7,-6.346153846153846,6,0.1153846153846153,8,0.1538461538461538,5,1,3,3,0.7,6,0.5,0,0.3333333333333333,0.3636363636363636,0.5757575757575758,-0.1666666666666666,33,0.8064516129032258,-5.454545454545455,0,999,999,999,0,0.5,999,999,0.0,0.0,0.6666666666666666,295.543298399085,8.212098958374153
P15_R39,15,39,0.4230769230769231,0.5384615384615384,-0.1818181818181818,52,0.7,-6.346153846153846,6,0.1153846153846153,8,0.1538461538461538,5,1,3,3,0.7,6,0.5,0,0.3333333333333333,0.3939393939393939,0.5454545454545454,-0.0769230769230769,33,0.8709677419354839,-5.909090909090909,1,2,16,22,4,0.6666666666666666,11,11,0.1818181818181818,0.7272727272727273,0.6,305.3235209518608,8.258912337833975
P15_R40,15,40,0.4230769230769231,0.5384615384615384,-0.1818181818181818,52,0.7,-6.346153846153846,6,0.1153846153846153,8,0.1538461538461538,5,1,3,3,0.7,6,0.5,0,0.3333333333333333,0.3666666666666666,0.5666666666666667,0.2727272727272727,30,0.8571428571428571,-5.5,1,2,6,12,4,0.8333333333333334,18,18,0.3888888888888889,0.5555555555555556,0.6,361.8639085609336,8.503284759324037
P15_R41,15,41,0.4230769230769231,0.5384615384615384,-0.1818181818181818,52,0.7,-6.346153846153846,6,0.1153846153846153,8,0.1538461538461538,5,1,3,3,0.7,6,0.5,0,0.3333333333333333,0.4,0.5333333333333333,0.1666666666666666,30,0.7857142857142857,-6.0,1,2,6,12,4,0.6666666666666666,18,18,0.4444444444444444,0.5,0.5333333333333333,373.5090988702444,8.548856959821945
P15_R42,15,42,0.4230769230769231,0.5384615384615384,-0.1818181818181818,52,0.7,-6.346153846153846,6,0.1153846153846153,8,0.1538461538461538,5,1,3,3,0.7,6,0.5,0,0.3333333333333333,0.3333333333333333,0.6060606060606061,0.0909090909090909,33,0.8709677419354839,-5.0,0,999,999,999,0,0.5,999,999,0.0,0.0,0.6,422.35515512238123,8.725724646392205
P15_R43,15,43,0.4230769230769231,0.5384615384615384,-0.1818181818181818,52,0.7,-6.346153846153846,6,0.1153846153846153,8,0.1538461538461538,5,1,3,3,0.7,6,0.5,0,0.3333333333333333,0.4,0.5333333333333333,0.1666666666666666,30,0.8571428571428571,-6.0,1,2,6,12,4,0.6666666666666666,18,18,0.4444444444444444,0.5,0.5333333333333333,867.9799956033019,9.763179155564574
P15_R44,15,44,0.4230769230769231,0.5384615384615384,-0.1818181818181818,52,0.7,-6.346153846153846,6,0.1153846153846153,8,0.1538461538461538,5,1,3,3,0.7,6,0.5,0,0.3333333333333333,0.3333333333333333,0.6,0.2,30,0.8214285714285714,-5.0,1,2,6,12,4,0.6666666666666666,18,18,0.3333333333333333,0.6111111111111112,0.5333333333333333,1333.4009320675277,10.38197648626768
P15_R45,15,45,0.4230769230769231,0.5384615384615384,-0.1818181818181818,52,0.7,-6.346153846153846,6,0.1153846153846153,8,0.1538461538461538,5,1,3,3,0.7,6,0.5,0,0.3333333333333333,0.3666666666666666,0.5666666666666667,0.0909090909090909,30,0.75,-5.5,1,2,6,12,4,0.6666666666666666,18,18,0.3888888888888889,0.5555555555555556,0.5333333333333333,999.42338918791,9.966394976872731
P15_R46,15,46,0.4230769230769231,0.5384615384615384,-0.1818181818181818,52,0.7,-6.346153846153846,6,0.1153846153846153,8,0.1538461538461538,5,1,3,3,0.7,6,0.5,0,0.3333333333333333,0.3939393939393939,0.5454545454545454,0.0769230769230769,33,0.9032258064516128,-5.909090909090909,0,999,999,999,0,0.5,999,999,0.0,0.0,0.6,1545.7105430460135,10.594987515589285
P15_R47,15,47,0.4230769230769231,0.5384615384615384,-0.1818181818181818,52,0.7,-6.346153846153846,6,0.1153846153846153,8,0.1538461538461538,5,1,3,3,0.7,6,0.5,0,0.3333333333333333,0.3939393939393939,0.5454545454545454,0.0769230769230769,33,0.935483870967742,-5.909090909090909,1,2,16,22,4,0.6666666666666666,11,11,0.2727272727272727,0.6363636363636364,0.6,1866.1605209196985,10.866630246923506
P16_R0,16,0,0.4615384615384615,0.5,-0.0833333333333333,52,0.7,-6.923076923076923,10,0.1923076923076923,8,0.1538461538461538,5,1,3,3,0.6,6,0.5,0,0.6666666666666666,0.3333333333333333,0.6,0.2,30,0.8214285714285714,-5.0,1,2,6,12,4,0.6666666666666666,18,18,0.3333333333333333,0.6111111111111112,0.6,7.903556332212606,3.1543817043977445
P16_R1,16,1,0.4615384615384615,0.5,-0.0833333333333333,52,0.7,-6.923076923076923,10,0.1923076923076923,8,0.1538461538461538,5,1,3,3,0.6,6,0.5,0,0.6666666666666666,0.3333333333333333,0.6,0.0,30,0.8214285714285714,-5.0,1,2,6,12,4,0.6666666666666666,18,18,0.3333333333333333,0.6111111111111112,0.6,16.073188696615812,4.093660625260961
P16_R2,16,2,0.4615384615384615,0.5,-0.0833333333333333,52,0.7,-6.923076923076923,10,0.1923076923076923,8,0.1538461538461538,5,1,3,3,0.6,6,0.5,0,0.6666666666666666,0.3636363636363636,0.5757575757575758,0.0,33,0.8709677419354839,-5.454545454545455,1,2,16,22,4,0.6666666666666666,11,11,0.2727272727272727,0.6363636363636364,0.6,19.032248102260496,4.324252430365794
P16_R3,16,3,0.4615384615384615,0.5,-0.0833333333333333,52,0.7,-6.923076923076923,10,0.1923076923076923,8,0.1538461538461538,5,1,3,3,0.6,6,0.5,0,0.6666666666666666,0.4,0.5333333333333333,0.1666666666666666,30,0.8928571428571429,-6.0,1,2,6,12,4,0.8333333333333334,18,18,0.4444444444444444,0.5,0.5333333333333333,30.491067676043237,4.9768707664547085
P16_R4,16,4,0.4615384615384615,0.5,-0.0833333333333333,52,0.7,-6.923076923076923,10,0.1923076923076923,8,0.1538461538461538,5,1,3,3,0.6,6,0.5,0,0.6666666666666666,0.4,0.5333333333333333,0.1666666666666666,30,0.8214285714285714,-6.0,1,2,6,12,4,0.6666666666666666,18,18,0.4444444444444444,0.5,0.4666666666666667,33.68778237093392,5.116355705338022
P16_R5,16,5,0.4615384615384615,0.5,-0.0833333333333333,52,0.7,-6.923076923076923,10,0.1923076923076923,8,0.1538461538461538,5,1,3,3,0.6,6,0.5,0,0.6666666666666666,0.3636363636363636,0.5757575757575758,0.0,33,0.8709677419354839,-5.454545454545455,1,1,11,17,5,0.8333333333333334,16,16,0.375,0.5625,0.6,53.73734441502254,5.7744535388666005
P16_R6,16,6,0.4615384615384615,0.5,-0.0833333333333333,52,0.7,-6.923076923076923,10,0.1923076923076923,8,0.1538461538461538,5,1,3,3,0.6,6,0.5,0,0.6666666666666666,0.3,0.6333333333333333,0.1111111111111111,30,0.8214285714285714,-4.5,1,2,6,12,4,0.6666666666666666,18,18,0.2777777777777778,0.6666666666666666,0.6,44.74874096668861,5.515660134981121
P16_R7,16,7,0.4615384615384615,0.5,-0.0833333333333333,52,0.7,-6.923076923076923,10,0.1923076923076923,8,0.1538461538461538,5,1,3,3,0.6,6,0.5,0,0.6666666666666666,0.3666666666666666,0.5666666666666667,0.2727272727272727,30,0.9285714285714286,-5.5,1,2,6,12,4,0.6666666666666666,18,18,0.3888888888888889,0.5555555555555556,0.4666666666666667,47.70499269887238,5.605997763965167
P16_R8,16,8,0.4615384615384615,0.5,-0.0833333333333333,52,0.7,-6.923076923076923,10,0.1923076923076923,8,0.1538461538461538,5,1,3,3,0.6,6,0.5,0,0.6666666666666666,0.3333333333333333,0.6060606060606061,-0.0909090909090909,33,0.935483870967742,-5.0,1,1,16,22,5,0.8333333333333334,11,11,0.1818181818181818,0.7272727272727273,0.6666666666666666,41.334566098238,5.40376419734045
P16_R9,16,9,0.4615384615384615,0.5,-0.0833333333333333,52,0.7,-6.923076923076923,10,0.1923076923076923,8,0.1538461538461538,5,1,3,3,0.6,6,0.5,0,0.6666666666666666,0.4333333333333333,0.5,-0.0769230769230769,30,0.8214285714285714,-6.5,1,2,6,12,4,0.6666666666666666,18,18,0.5,0.4444444444444444,0.4,54.166936389522455,5.785731959745431
P16_R10,16,10,0.4615384615384615,0.5,-0.0833333333333333,52,0.7,-6.923076923076923,10,0.1923076923076923,8,0.1538461538461538,5,1,3,3,0.6,6,0.5,0,0.6666666666666666,0.3636363636363636,0.5757575757575758,0.0,33,0.8709677419354839,-5.454545454545455,1,2,13,19,4,0.6666666666666666,14,14,0.3571428571428571,0.5714285714285714,0.5333333333333333,52.50091907416077,5.741491770183295
P16_R11,16,11,0.4615384615384615,0.5,-0.0833333333333333,52,0.7,-6.923076923076923,10,0.1923076923076923,8,0.1538461538461538,5,1,3,3,0.6,6,0.5,0,0.6666666666666666,0.3333333333333333,0.6060606060606061,-0.0909090909090909,33,0.9032258064516128,-5.0,1,2,11,17,4,0.6666666666666666,16,16,0.375,0.5625,0.6,47.780635734814126,5.608236655101965
P16_R12,16,12,0.4615384615384615,0.5,-0.0833333333333333,52,0.7,-6.923076923076923,10,0.1923076923076923,8,0.1538461538461538,5,1,3,3,0.6,6,0.5,0,0.6666666666666666,0.3666666666666666,0.5666666666666667,0.2727272727272727,30,0.8214285714285714,-5.5,1,2,6,12,4,0.8333333333333334,18,18,0.3888888888888889,0.5555555555555556,0.6,59.545235300028125,5.919941524179485
P16_R13,16,13,0.4615384615384615,0.5,-0.0833333333333333,52,0.7,-6.923076923076923,10,0.1923076923076923,8,0.1538461538461538,5,1,3,3,0.6,6,0.5,0,0.6666666666666666,0.3333333333333333,0.6,0.0,30,0.7857142857142857,-5.0,1,2,6,12,4,0.6666666666666666,18,18,0.3333333333333333,0.6111111111111112,0.5333333333333333,60.0979546971552,5.9330521803706455
P16_R14,16,14,0.4615384615384615,0.5,-0.0833333333333333,52,0.7,-6.923076923076923,10,0.1923076923076923,8,0.1538461538461538,5,1,3,3,0.6,6,0.5,0,0.6666666666666666,0.3055555555555556,0.6388888888888888,0.0909090909090909,36,0.7941176470588235,-4.583333333333334,1,2,16,22,4,1.0,14,14,0.4285714285714285,0.5,0.4666666666666667,82.83702214225816,6.389515568717708
P16_R15,16,15,0.4615384615384615,0.5,-0.0833333333333333,52,0.7,-6.923076923076923,10,0.1923076923076923,8,0.1538461538461538,5,1,3,3,0.6,6,0.5,0,0.6666666666666666,0.3333333333333333,0.6060606060606061,0.0909090909090909,33,0.8064516129032258,-5.0,1,2,15,21,4,0.6666666666666666,12,12,0.25,0.6666666666666666,0.6,78.68000828913665,6.3161458923773885
P16_R16,16,16,0.4615384615384615,0.5,-0.0833333333333333,52,0.7,-6.923076923076923,10,0.1923076923076923,8,0.1538461538461538,5,1,3,3,0.6,6,0.5,0,0.6666666666666666,0.4,0.5333333333333333,0.1666666666666666,30,0.8214285714285714,-6.0,1,2,6,12,4,0.6666666666666666,18,18,0.4444444444444444,0.5,0.5333333333333333,75.88565447305065,6.264642536361249
P16_R17,16,17,0.4615384615384615,0.5,-0.0833333333333333,52,0.7,-6.923076923076923,10,0.1923076923076923,8,0.1538461538461538,5,1,3,3,0.6,6,0.5,0,0.6666666666666666,0.3939393939393939,0.5454545454545454,-0.0769230769230769,33,0.9032258064516128,-5.909090909090909,1,1,16,22,5,0.8333333333333334,11,11,0.2727272727272727,0.6363636363636364,0.5333333333333333,81.83126773964509,6.372103564274605
P16_R18,16,18,0.4615384615384615,0.5,-0.0833333333333333,52,0.7,-6.923076923076923,10,0.1923076923076923,8,0.1538461538461538,5,1,3,3,0.6,6,0.5,0,0.6666666666666666,0.3636363636363636,0.5757575757575758,-0.1666666666666666,33,0.935483870967742,-5.454545454545455,1,2,16,22,4,0.6666666666666666,11,11,0.2727272727272727,0.6363636363636364,0.6,81.20505268844553,6.361155165978466
P16_R19,16,19,0.4615384615384615,0.5,-0.0833333333333333,52,0.7,-6.923076923076923,10,0.1923076923076923,8,0.1538461538461538,5,1,3,3,0.6,6,0.5,0,0.6666666666666666,0.4583333333333333,0.4583333333333333,-0.0909090909090909,24,0.8636363636363636,-6.875,1,2,7,13,4,0.6666666666666666,11,11,0.5454545454545454,0.3636363636363636,0.4666666666666667,80.2850430186086,6.3449180062523824
P16_R20,16,20,0.4615384615384615,0.5,-0.0833333333333333,52,0.7,-6.923076923076923,10,0.1923076923076923,8,0.1538461538461538,5,1,3,3,0.6,6,0.5,0,0.6666666666666666,0.4333333333333333,0.5,0.2307692307692307,30,0.75,-6.5,1,2,6,12,4,0.8333333333333334,18,18,0.5,0.4444444444444444,0.4,80.38253242306394,6.3466472690978435
P16_R21,16,21,0.4615384615384615,0.5,-0.0833333333333333,52,0.7,-6.923076923076923,10,0.1923076923076923,8,0.1538461538461538,5,1,3,3,0.6,6,0.5,0,0.6666666666666666,0.3666666666666666,0.5666666666666667,0.0909090909090909,30,0.8214285714285714,-5.5,1,2,6,12,4,0.6666666666666666,18,18,0.3888888888888889,0.5555555555555556,0.5333333333333333,97.68946467604246,6.624824176824593
P16_R22,16,22,0.4615384615384615,0.5,-0.0833333333333333,52,0.7,-6.923076923076923,10,0.1923076923076923,8,0.1538461538461538,5,1,3,3,0.6,6,0.5,0,0.6666666666666666,0.3529411764705882,0.5294117647058824,-0.6666666666666666,17,0.7333333333333333,-5.294117647058824,0,999,999,999,0,0.3333333333333333,999,999,0.0,0.0,0.6,89.95509163500171,6.507082496600946
P16_R23,16,23,0.4615384615384615,0.5,-0.0833333333333333,52,0.7,-6.923076923076923,10,0.1923076923076923,8,0.1538461538461538,5,1,3,3,0.6,6,0.5,0,0.6666666666666666,0.3055555555555556,0.6388888888888888,-0.2727272727272727,36,0.6176470588235294,-4.583333333333334,1,2,21,27,4,0.6666666666666666,9,9,0.2222222222222222,0.6666666666666666,0.4666666666666667,88.2826176096072,6.480307419960376
P16_R24,16,24,0.4615384615384615,0.5,-0.0833333333333333,52,0.7,-6.923076923076923,10,0.1923076923076923,8,0.1538461538461538,5,1,3,3,0.6,6,0.5,0,0.6666666666666666,0.2666666666666666,0.6666666666666666,0.25,30,0.7857142857142857,-4.0,1,2,6,12,4,0.6666666666666666,18,18,0.2222222222222222,0.7222222222222222,0.6666666666666666,116.93902525750171,6.881897365509972
P16_R25,16,25,0.4615384615384615,0.5,-0.0833333333333333,52,0.7,-6.923076923076923,10,0.1923076923076923,8,0.1538461538461538,5,1,3,3,0.6,6,0.5,0,0.6666666666666666,0.3666666666666666,0.5666666666666667,0.2727272727272727,30,0.8214285714285714,-5.5,1,2,6,12,4,0.6666666666666666,18,18,0.3888888888888889,0.5555555555555556,0.5333333333333333,116.7581107983467,6.879682621209943
P16_R26,16,26,0.4615384615384615,0.5,-0.0833333333333333,52,0.7,-6.923076923076923,10,0.1923076923076923,8,0.1538461538461538,5,1,3,3,0.6,6,0.5,0,0.6666666666666666,0.4,0.5333333333333333,0.3333333333333333,30,0.7857142857142857,-6.0,1,2,6,12,4,0.8333333333333334,18,18,0.4444444444444444,0.5,0.4666666666666667,90.64165131735545,6.517931550102357
P16_R27,16,27,0.4615384615384615,0.5,-0.0833333333333333,52,0.7,-6.923076923076923,10,0.1923076923076923,8,0.1538461538461538,5,1,3,3,0.6,6,0.5,0,0.6666666666666666,0.3333333333333333,0.6060606060606061,-0.0909090909090909,33,0.8387096774193549,-5.0,0,999,999,999,0,0.5,999,999,0.0,0.0,0.7333333333333333,134.02783012402188,7.07711297663602
P16_R28,16,28,0.4615384615384615,0.5,-0.0833333333333333,52,0.7,-6.923076923076923,10,0.1923076923076923,8,0.1538461538461538,5,1,3,3,0.6,6,0.5,0,0.6666666666666666,0.3939393939393939,0.5454545454545454,0.0769230769230769,33,0.8709677419354839,-5.909090909090909,1,2,11,17,4,0.6666666666666666,16,16,0.4375,0.5,0.5333333333333333,169.52746208592617,7.413860282248875
P16_R29,16,29,0.4615384615384615,0.5,-0.0833333333333333,52,0.7,-6.923076923076923,10,0.1923076923076923,8,0.1538461538461538,5,1,3,3,0.6,6,0.5,0,0.6666666666666666,0.3666666666666666,0.5666666666666667,0.0909090909090909,30,0.7857142857142857,-5.5,1,2,6,12,4,0.6666666666666666,18,18,0.3888888888888889,0.5555555555555556,0.6,181.45925765914058,7.511430542341938
P16_R30,16,30,0.4615384615384615,0.5,-0.0833333333333333,52,0.7,-6.923076923076923,10,0.1923076923076923,8,0.1538461538461538,5,1,3,3,0.6,6,0.5,0,0.6666666666666666,0.4,0.5333333333333333,0.0,30,0.8214285714285714,-6.0,1,2,6,12,4,0.6666666666666666,18,18,0.4444444444444444,0.5,0.5333333333333333,186.64739532813326,7.551880454562549
P16_R31,16,31,0.4615384615384615,0.5,-0.0833333333333333,52,0.7,-6.923076923076923,10,0.1923076923076923,8,0.1538461538461538,5,1,3,3,0.6,6,0.5,0,0.6666666666666666,0.4333333333333333,0.5,-0.0769230769230769,30,0.7857142857142857,-6.5,1,2,6,12,4,0.6666666666666666,18,18,0.5,0.4444444444444444,0.4666666666666667,200.82574822028153,7.656966429928014
P16_R32,16,32,0.4615384615384615,0.5,-0.0833333333333333,52,0.7,-6.923076923076923,10,0.1923076923076923,8,0.1538461538461538,5,1,3,3,0.6,6,0.5,0,0.6666666666666666,0.4,0.5333333333333333,0.1666666666666666,30,0.8571428571428571,-6.0,1,2,6,12,4,0.8333333333333334,18,18,0.4444444444444444,0.5,0.5333333333333333,204.56388881867065,7.683443039919819
P16_R33,16,33,0.4615384615384615,0.5,-0.0833333333333333,52,0.7,-6.923076923076923,10,0.1923076923076923,8,0.1538461538461538,5,1,3,3,0.6,6,0.5,0,0.6666666666666666,0.3636363636363636,0.5757575757575758,0.0,33,0.7419354838709677,-5.454545454545455,1,2,13,19,4,0.6666666666666666,14,14,0.2142857142857142,0.7142857142857143,0.6666666666666666,246.8672268998932,7.953423720115634
P16_R34,16,34,0.4615384615384615,0.5,-0.0833333333333333,52,0.7,-6.923076923076923,10,0.1923076923076923,8,0.1538461538461538,5,1,3,3,0.6,6,0.5,0,0.6666666666666666,0.3666666666666666,0.5666666666666667,0.0909090909090909,30,0.8571428571428571,-5.5,1,2,6,12,4,0.6666666666666666,18,18,0.3888888888888889,0.5555555555555556,0.4666666666666667,330.0988964085455,8.371118391845874
P16_R35,16,35,0.4615384615384615,0.5,-0.0833333333333333,52,0.7,-6.923076923076923,10,0.1923076923076923,8,0.1538461538461538,5,1,3,3,0.6,6,0.5,0,0.6666666666666666,0.303030303030303,0.6363636363636364,0.0,33,0.8064516129032258,-4.545454545454546,1,2,16,22,4,0.6666666666666666,11,11,0.2727272727272727,0.6363636363636364,0.6,334.48426592556524,8.390101295981257
P16_R36,16,36,0.4615384615384615,0.5,-0.0833333333333333,52,0.7,-6.923076923076923,10,0.1923076923076923,8,0.1538461538461538,5,1,3,3,0.6,6,0.5,0,0.6666666666666666,0.3636363636363636,0.5757575757575758,0.0,33,0.9032258064516128,-5.454545454545455,0,999,999,999,0,0.5,999,999,0.0,0.0,0.6,411.18072463921766,8.687133229543635
P16_R37,16,37,0.4615384615384615,0.5,-0.0833333333333333,52,0.7,-6.923076923076923,10,0.1923076923076923,8,0.1538461538461538,5,1,3,3,0.6,6,0.5,0,0.6666666666666666,0.3333333333333333,0.6060606060606061,-0.0909090909090909,33,0.8064516129032258,-5.0,0,999,999,999,0,0.5,999,999,0.0,0.0,0.6,504.22617171710135,8.98078556529863
P16_R38,16,38,0.4615384615384615,0.5,-0.0833333333333333,52,0.7,-6.923076923076923,10,0.1923076923076923,8,0.1538461538461538,5,1,3,3,0.6,6,0.5,0,0.6666666666666666,0.3636363636363636,0.5757575757575758,-0.1666666666666666,33,0.8064516129032258,-5.454545454545455,0,999,999,999,0,0.5,999,999,0.0,0.0,0.6666666666666666,434.2772829557916,8.765790917866914
P16_R39,16,39,0.4615384615384615,0.5,-0.0833333333333333,52,0.7,-6.923076923076923,10,0.1923076923076923,8,0.1538461538461538,5,1,3,3,0.6,6,0.5,0,0.6666666666666666,0.3939393939393939,0.5454545454545454,-0.0769230769230769,33,0.8709677419354839,-5.909090909090909,1,2,16,22,4,0.6666666666666666,11,11,0.1818181818181818,0.7272727272727273,0.6,391.1164541048536,8.615138371688936
P16_R40,16,40,0.4615384615384615,0.5,-0.0833333333333333,52,0.7,-6.923076923076923,10,0.1923076923076923,8,0.1538461538461538,5,1,3,3,0.6,6,0.5,0,0.6666666666666666,0.3666666666666666,0.5666666666666667,0.2727272727272727,30,0.8571428571428571,-5.5,1,2,6,12,4,0.8333333333333334,18,18,0.3888888888888889,0.5555555555555556,0.6,471.82047192851536,8.885148691682614
P16_R41,16,41,0.4615384615384615,0.5,-0.0833333333333333,52,0.7,-6.923076923076923,10,0.1923076923076923,8,0.1538461538461538,5,1,3,3,0.6,6,0.5,0,0.6666666666666666,0.4,0.5333333333333333,0.1666666666666666,30,0.7857142857142857,-6.0,1,2,6,12,4,0.6666666666666666,18,18,0.4444444444444444,0.5,0.5333333333333333,578.7482096878414,9.17928264948695
P16_R42,16,42,0.4615384615384615,0.5,-0.0833333333333333,52,0.7,-6.923076923076923,10,0.1923076923076923,8,0.1538461538461538,5,1,3,3,0.6,6,0.5,0,0.6666666666666666,0.3333333333333333,0.6060606060606061,0.0909090909090909,33,0.8709677419354839,-5.0,0,999,999,999,0,0.5,999,999,0.0,0.0,0.6,604.9695199224738,9.243101418188132
P16_R43,16,43,0.4615384615384615,0.5,-0.0833333333333333,52,0.7,-6.923076923076923,10,0.1923076923076923,8,0.1538461538461538,5,1,3,3,0.6,6,0.5,0,0.6666666666666666,0.4,0.5333333333333333,0.1666666666666666,30,0.8571428571428571,-6.0,1,2,6,12,4,0.6666666666666666,18,18,0.4444444444444444,0.5,0.5333333333333333,1193.439493679939,10.222118058189423
P16_R44,16,44,0.4615384615384615,0.5,-0.0833333333333333,52,0.7,-6.923076923076923,10,0.1923076923076923,8,0.1538461538461538,5,1,3,3,0.6,6,0.5,0,0.6666666666666666,0.3333333333333333,0.6,0.2,30,0.8214285714285714,-5.0,1,2,6,12,4,0.6666666666666666,18,18,0.3333333333333333,0.6111111111111112,0.5333333333333333,2171.0109183839627,11.08481564004138
P16_R45,16,45,0.4615384615384615,0.5,-0.0833333333333333,52,0.7,-6.923076923076923,10,0.1923076923076923,8,0.1538461538461538,5,1,3,3,0.6,6,0.5,0,0.6666666666666666,0.3666666666666666,0.5666666666666667,0.0909090909090909,30,0.75,-5.5,1,2,6,12,4,0.6666666666666666,18,18,0.3888888888888889,0.5555555555555556,0.5333333333333333,1997.741654764167,10.964876294775205
P16_R46,16,46,0.4615384615384615,0.5,-0.0833333333333333,52,0.7,-6.923076923076923,10,0.1923076923076923,8,0.1538461538461538,5,1,3,3,0.6,6,0.5,0,0.6666666666666666,0.3939393939393939,0.5454545454545454,0.0769230769230769,33,0.9032258064516128,-5.909090909090909,0,999,999,999,0,0.5,999,999,0.0,0.0,0.6,2291.889915212296,11.16295137547709
P16_R47,16,47,0.4615384615384615,0.5,-0.0833333333333333,52,0.7,-6.923076923076923,10,0.1923076923076923,8,0.1538461538461538,5,1,3,3,0.6,6,0.5,0,0.6666666666666666,0.3939393939393939,0.5454545454545454,0.0769230769230769,33,0.935483870967742,-5.909090909090909,1,2,16,22,4,0.6666666666666666,11,11,0.2727272727272727,0.6363636363636364,0.6,3506.701950735722,11.776310451924981
P17_R0,17,0,0.5,0.46,-0.04,50,0.6458333333333334,-7.5,9,0.18,8,0.16,5,1,4,2,0.5,6,0.5,0,0.3333333333333333,0.3333333333333333,0.6,0.2,30,0.8214285714285714,-5.0,1,2,6,12,4,0.6666666666666666,18,18,0.3333333333333333,0.6111111111111112,0.6,16.867137913531046,4.159236646521742
P17_R1,17,1,0.5,0.46,-0.04,50,0.6458333333333334,-7.5,9,0.18,8,0.16,5,1,4,2,0.5,6,0.5,0,0.3333333333333333,0.3333333333333333,0.6,0.0,30,0.8214285714285714,-5.0,1,2,6,12,4,0.6666666666666666,18,18,0.3333333333333333,0.6111111111111112,0.6,24.23681829862384,4.65745813063816
P17_R2,17,2,0.5,0.46,-0.04,50,0.6458333333333334,-7.5,9,0.18,8,0.16,5,1,4,2,0.5,6,0.5,0,0.3333333333333333,0.3636363636363636,0.5757575757575758,0.0,33,0.8709677419354839,-5.454545454545455,1,2,16,22,4,0.6666666666666666,11,11,0.2727272727272727,0.6363636363636364,0.6,28.621072711280274,4.888551982888241
P17_R3,17,3,0.5,0.46,-0.04,50,0.6458333333333334,-7.5,9,0.18,8,0.16,5,1,4,2,0.5,6,0.5,0,0.3333333333333333,0.4,0.5333333333333333,0.1666666666666666,30,0.8928571428571429,-6.0,1,2,6,12,4,0.8333333333333334,18,18,0.4444444444444444,0.5,0.5333333333333333,39.21320219428831,5.32959731801586
P17_R4,17,4,0.5,0.46,-0.04,50,0.6458333333333334,-7.5,9,0.18,8,0.16,5,1,4,2,0.5,6,0.5,0,0.3333333333333333,0.4,0.5333333333333333,0.1666666666666666,30,0.8214285714285714,-6.0,1,2,6,12,4,0.6666666666666666,18,18,0.4444444444444444,0.5,0.4666666666666667,56.432441268055996,5.843793982233144
P17_R5,17,5,0.5,0.46,-0.04,50,0.6458333333333334,-7.5,9,0.18,8,0.16,5,1,4,2,0.5,6,0.5,0,0.3333333333333333,0.3636363636363636,0.5757575757575758,0.0,33,0.8709677419354839,-5.454545454545455,1,1,11,17,5,0.8333333333333334,16,16,0.375,0.5625,0.6,101.85580154593515,6.684479360647743
P17_R6,17,6,0.5,0.46,-0.04,50,0.6458333333333334,-7.5,9,0.18,8,0.16,5,1,4,2,0.5,6,0.5,0,0.3333333333333333,0.3,0.6333333333333333,0.1111111111111111,30,0.8214285714285714,-4.5,1,2,6,12,4,0.6666666666666666,18,18,0.2777777777777778,0.6666666666666666,0.6,70.19805112090104,6.153765846237856
P17_R7,17,7,0.5,0.46,-0.04,50,0.6458333333333334,-7.5,9,0.18,8,0.16,5,1,4,2,0.5,6,0.5,0,0.3333333333333333,0.3666666666666666,0.5666666666666667,0.2727272727272727,30,0.9285714285714286,-5.5,1,2,6,12,4,0.6666666666666666,18,18,0.3888888888888889,0.5555555555555556,0.4666666666666667,63.02272940998068,6.000512277898731
P17_R8,17,8,0.5,0.46,-0.04,50,0.6458333333333334,-7.5,9,0.18,8,0.16,5,1,4,2,0.5,6,0.5,0,0.3333333333333333,0.3333333333333333,0.6060606060606061,-0.0909090909090909,33,0.935483870967742,-5.0,1,1,16,22,5,0.8333333333333334,11,11,0.1818181818181818,0.7272727272727273,0.6666666666666666,68.91130048159593,6.127453766955376
P17_R9,17,9,0.5,0.46,-0.04,50,0.6458333333333334,-7.5,9,0.18,8,0.16,5,1,4,2,0.5,6,0.5,0,0.3333333333333333,0.4333333333333333,0.5,-0.0769230769230769,30,0.8214285714285714,-6.5,1,2,6,12,4,0.6666666666666666,18,18,0.5,0.4444444444444444,0.4,95.8961305460807,6.598367149037073
P17_R10,17,10,0.5,0.46,-0.04,50,0.6458333333333334,-7.5,9,0.18,8,0.16,5,1,4,2,0.5,6,0.5,0,0.3333333333333333,0.3636363636363636,0.5757575757575758,0.0,33,0.8709677419354839,-5.454545454545455,1,2,13,19,4,0.6666666666666666,14,14,0.3571428571428571,0.5714285714285714,0.5333333333333333,97.7865968762436,6.626243408641757
P17_R11,17,11,0.5,0.46,-0.04,50,0.6458333333333334,-7.5,9,0.18,8,0.16,5,1,4,2,0.5,6,0.5,0,0.3333333333333333,0.3333333333333333,0.6060606060606061,-0.0909090909090909,33,0.9032258064516128,-5.0,1,2,11,17,4,0.6666666666666666,16,16,0.375,0.5625,0.6,106.77819935638341,6.751921578800804
P17_R12,17,12,0.5,0.46,-0.04,50,0.6458333333333334,-7.5,9,0.18,8,0.16,5,1,4,2,0.5,6,0.5,0,0.3333333333333333,0.3666666666666666,0.5666666666666667,0.2727272727272727,30,0.8214285714285714,-5.5,1,2,6,12,4,0.8333333333333334,18,18,0.3888888888888889,0.5555555555555556,0.6,134.6826762526747,7.084092721291892
P17_R13,17,13,0.5,0.46,-0.04,50,0.6458333333333334,-7.5,9,0.18,8,0.16,5,1,4,2,0.5,6,0.5,0,0.3333333333333333,0.3333333333333333,0.6,0.0,30,0.7857142857142857,-5.0,1,2,6,12,4,0.6666666666666666,18,18,0.3333333333333333,0.6111111111111112,0.5333333333333333,76.2019629033771,6.270565624180803
P17_R14,17,14,0.5,0.46,-0.04,50,0.6458333333333334,-7.5,9,0.18,8,0.16,5,1,4,2,0.5,6,0.5,0,0.3333333333333333,0.3055555555555556,0.6388888888888888,0.0909090909090909,36,0.7941176470588235,-4.583333333333334,1,2,16,22,4,1.0,14,14,0.4285714285714285,0.5,0.4666666666666667,125.5881796179485,6.983998886778513
P17_R15,17,15,0.5,0.46,-0.04,50,0.6458333333333334,-7.5,9,0.18,8,0.16,5,1,4,2,0.5,6,0.5,0,0.3333333333333333,0.3333333333333333,0.6060606060606061,0.0909090909090909,33,0.8064516129032258,-5.0,1,2,15,21,4,0.6666666666666666,12,12,0.25,0.6666666666666666,0.6,162.6905569993943,7.354827287621667
P17_R16,17,16,0.5,0.46,-0.04,50,0.6458333333333334,-7.5,9,0.18,8,0.16,5,1,4,2,0.5,6,0.5,0,0.3333333333333333,0.4,0.5333333333333333,0.1666666666666666,30,0.8214285714285714,-6.0,1,2,6,12,4,0.6666666666666666,18,18,0.4444444444444444,0.5,0.5333333333333333,119.66795594178988,6.9148988008998105
P17_R17,17,17,0.5,0.46,-0.04,50,0.6458333333333334,-7.5,9,0.18,8,0.16,5,1,4,2,0.5,6,0.5,0,0.3333333333333333,0.3939393939393939,0.5454545454545454,-0.0769230769230769,33,0.9032258064516128,-5.909090909090909,1,1,16,22,5,0.8333333333333334,11,11,0.2727272727272727,0.6363636363636364,0.5333333333333333,139.3163834912399,7.132539659185893
P17_R18,17,18,0.5,0.46,-0.04,50,0.6458333333333334,-7.5,9,0.18,8,0.16,5,1,4,2,0.5,6,0.5,0,0.3333333333333333,0.3636363636363636,0.5757575757575758,-0.1666666666666666,33,0.935483870967742,-5.454545454545455,1,2,16,22,4,0.6666666666666666,11,11,0.2727272727272727,0.6363636363636364,0.6,134.7995647334672,7.085335045219853
P17_R19,17,19,0.5,0.46,-0.04,50,0.6458333333333334,-7.5,9,0.18,8,0.16,5,1,4,2,0.5,6,0.5,0,0.3333333333333333,0.4583333333333333,0.4583333333333333,-0.0909090909090909,24,0.8636363636363636,-6.875,1,2,7,13,4,0.6666666666666666,11,11,0.5454545454545454,0.3636363636363636,0.4666666666666667,135.40166725661945,7.091717468507458
P17_R20,17,20,0.5,0.46,-0.04,50,0.6458333333333334,-7.5,9,0.18,8,0.16,5,1,4,2,0.5,6,0.5,0,0.3333333333333333,0.4333333333333333,0.5,0.2307692307692307,30,0.75,-6.5,1,2,6,12,4,0.8333333333333334,18,18,0.5,0.4444444444444444,0.4,168.44323627826998,7.404658239210668
P17_R21,17,21,0.5,0.46,-0.04,50,0.6458333333333334,-7.5,9,0.18,8,0.16,5,1,4,2,0.5,6,0.5,0,0.3333333333333333,0.3666666666666666,0.5666666666666667,0.0909090909090909,30,0.8214285714285714,-5.5,1,2,6,12,4,0.6666666666666666,18,18,0.3888888888888889,0.5555555555555556,0.5333333333333333,231.58603300847258,7.861620654107711
P17_R22,17,22,0.5,0.46,-0.04,50,0.6458333333333334,-7.5,9,0.18,8,0.16,5,1,4,2,0.5,6,0.5,0,0.3333333333333333,0.3529411764705882,0.5294117647058824,-0.6666666666666666,17,0.7333333333333333,-5.294117647058824,0,999,999,999,0,0.3333333333333333,999,999,0.0,0.0,0.6,247.9458677452989,7.959688258069456
P17_R23,17,23,0.5,0.46,-0.04,50,0.6458333333333334,-7.5,9,0.18,8,0.16,5,1,4,2,0.5,6,0.5,0,0.3333333333333333,0.3055555555555556,0.6388888888888888,-0.2727272727272727,36,0.6176470588235294,-4.583333333333334,1,2,21,27,4,0.6666666666666666,9,9,0.2222222222222222,0.6666666666666666,0.4666666666666667,189.4408469670116,7.573199140040751
P17_R24,17,24,0.5,0.46,-0.04,50,0.6458333333333334,-7.5,9,0.18,8,0.16,5,1,4,2,0.5,6,0.5,0,0.3333333333333333,0.2666666666666666,0.6666666666666666,0.25,30,0.7857142857142857,-4.0,1,2,6,12,4,0.6666666666666666,18,18,0.2222222222222222,0.7222222222222222,0.6666666666666666,269.6448035666429,8.080256878065208
P17_R25,17,25,0.5,0.46,-0.04,50,0.6458333333333334,-7.5,9,0.18,8,0.16,5,1,4,2,0.5,6,0.5,0,0.3333333333333333,0.3666666666666666,0.5666666666666667,0.2727272727272727,30,0.8214285714285714,-5.5,1,2,6,12,4,0.6666666666666666,18,18,0.3888888888888889,0.5555555555555556,0.5333333333333333,207.08478142885616,7.701027645189243
P17_R26,17,26,0.5,0.46,-0.04,50,0.6458333333333334,-7.5,9,0.18,8,0.16,5,1,4,2,0.5,6,0.5,0,0.3333333333333333,0.4,0.5333333333333333,0.3333333333333333,30,0.7857142857142857,-6.0,1,2,6,12,4,0.8333333333333334,18,18,0.4444444444444444,0.5,0.4666666666666667,288.40067878037144,8.176924495445078
P17_R27,17,27,0.5,0.46,-0.04,50,0.6458333333333334,-7.5,9,0.18,8,0.16,5,1,4,2,0.5,6,0.5,0,0.3333333333333333,0.3333333333333333,0.6060606060606061,-0.0909090909090909,33,0.8387096774193549,-5.0,0,999,999,999,0,0.5,999,999,0.0,0.0,0.7333333333333333,251.8497066447755,7.982136294431841
P17_R28,17,28,0.5,0.46,-0.04,50,0.6458333333333334,-7.5,9,0.18,8,0.16,5,1,4,2,0.5,6,0.5,0,0.3333333333333333,0.3939393939393939,0.5454545454545454,0.0769230769230769,33,0.8709677419354839,-5.909090909090909,1,2,11,17,4,0.6666666666666666,16,16,0.4375,0.5,0.5333333333333333,278.57728942947836,8.127103362511722
P17_R29,17,29,0.5,0.46,-0.04,50,0.6458333333333334,-7.5,9,0.18,8,0.16,5,1,4,2,0.5,6,0.5,0,0.3333333333333333,0.3666666666666666,0.5666666666666667,0.0909090909090909,30,0.7857142857142857,-5.5,1,2,6,12,4,0.6666666666666666,18,18,0.3888888888888889,0.5555555555555556,0.6,305.9268148513922,8.261750883031642
P17_R30,17,30,0.5,0.46,-0.04,50,0.6458333333333334,-7.5,9,0.18,8,0.16,5,1,4,2,0.5,6,0.5,0,0.3333333333333333,0.4,0.5333333333333333,0.0,30,0.8214285714285714,-6.0,1,2,6,12,4,0.6666666666666666,18,18,0.4444444444444444,0.5,0.5333333333333333,482.29256885081065,8.916753001704638
P17_R31,17,31,0.5,0.46,-0.04,50,0.6458333333333334,-7.5,9,0.18,8,0.16,5,1,4,2,0.5,6,0.5,0,0.3333333333333333,0.4333333333333333,0.5,-0.0769230769230769,30,0.7857142857142857,-6.5,1,2,6,12,4,0.6666666666666666,18,18,0.5,0.4444444444444444,0.4666666666666667,424.3975383051503,8.732667874494966
P17_R32,17,32,0.5,0.46,-0.04,50,0.6458333333333334,-7.5,9,0.18,8,0.16,5,1,4,2,0.5,6,0.5,0,0.3333333333333333,0.4,0.5333333333333333,0.1666666666666666,30,0.8571428571428571,-6.0,1,2,6,12,4,0.8333333333333334,18,18,0.4444444444444444,0.5,0.5333333333333333,390.6939842150116,8.61358316077511
P17_R33,17,33,0.5,0.46,-0.04,50,0.6458333333333334,-7.5,9,0.18,8,0.16,5,1,4,2,0.5,6,0.5,0,0.3333333333333333,0.3636363636363636,0.5757575757575758,0.0,33,0.7419354838709677,-5.454545454545455,1,2,13,19,4,0.6666666666666666,14,14,0.2142857142857142,0.7142857142857143,0.6666666666666666,628.3719681926618,9.297769113167917
P17_R34,17,34,0.5,0.46,-0.04,50,0.6458333333333334,-7.5,9,0.18,8,0.16,5,1,4,2,0.5,6,0.5,0,0.3333333333333333,0.3666666666666666,0.5666666666666667,0.0909090909090909,30,0.8571428571428571,-5.5,1,2,6,12,4,0.6666666666666666,18,18,0.3888888888888889,0.5555555555555556,0.4666666666666667,555.4640123367051,9.120144578326338
P17_R35,17,35,0.5,0.46,-0.04,50,0.6458333333333334,-7.5,9,0.18,8,0.16,5,1,4,2,0.5,6,0.5,0,0.3333333333333333,0.303030303030303,0.6363636363636364,0.0,33,0.8064516129032258,-4.545454545454546,1,2,16,22,4,0.6666666666666666,11,11,0.2727272727272727,0.6363636363636364,0.6,549.282264084495,9.104028020296095
P17_R36,17,36,0.5,0.46,-0.04,50,0.6458333333333334,-7.5,9,0.18,8,0.16,5,1,4,2,0.5,6,0.5,0,0.3333333333333333,0.3636363636363636,0.5757575757575758,0.0,33,0.9032258064516128,-5.454545454545455,0,999,999,999,0,0.5,999,999,0.0,0.0,0.6,726.7630658489722,9.507325025691031
P17_R37,17,37,0.5,0.46,-0.04,50,0.6458333333333334,-7.5,9,0.18,8,0.16,5,1,4,2,0.5,6,0.5,0,0.3333333333333333,0.3333333333333333,0.6060606060606061,-0.0909090909090909,33,0.8064516129032258,-5.0,0,999,999,999,0,0.5,999,999,0.0,0.0,0.6,803.572936675112,9.652079400791637
P17_R38,17,38,0.5,0.46,-0.04,50,0.6458333333333334,-7.5,9,0.18,8,0.16,5,1,4,2,0.5,6,0.5,0,0.3333333333333333,0.3636363636363636,0.5757575757575758,-0.1666666666666666,33,0.8064516129032258,-5.454545454545455,0,999,999,999,0,0.5,999,999,0.0,0.0,0.6666666666666666,864.0935685733225,9.75671237294737
P17_R39,17,39,0.5,0.46,-0.04,50,0.6458333333333334,-7.5,9,0.18,8,0.16,5,1,4,2,0.5,6,0.5,0,0.3333333333333333,0.3939393939393939,0.5454545454545454,-0.0769230769230769,33,0.8709677419354839,-5.909090909090909,1,2,16,22,4,0.6666666666666666,11,11,0.1818181818181818,0.7272727272727273,0.6,883.6942755380257,9.789035177889742
P17_R40,17,40,0.5,0.46,-0.04,50,0.6458333333333334,-7.5,9,0.18,8,0.16,5,1,4,2,0.5,6,0.5,0,0.3333333333333333,0.3666666666666666,0.5666666666666667,0.2727272727272727,30,0.8571428571428571,-5.5,1,2,6,12,4,0.8333333333333334,18,18,0.3888888888888889,0.5555555555555556,0.6,973.9199944280404,9.92914002055715
P17_R41,17,41,0.5,0.46,-0.04,50,0.6458333333333334,-7.5,9,0.18,8,0.16,5,1,4,2,0.5,6,0.5,0,0.3333333333333333,0.4,0.5333333333333333,0.1666666666666666,30,0.7857142857142857,-6.0,1,2,6,12,4,0.6666666666666666,18,18,0.4444444444444444,0.5,0.5333333333333333,1117.0034198595536,10.126708885908371
P17_R42,17,42,0.5,0.46,-0.04,50,0.6458333333333334,-7.5,9,0.18,8,0.16,5,1,4,2,0.5,6,0.5,0,0.3333333333333333,0.3333333333333333,0.6060606060606061,0.0909090909090909,33,0.8709677419354839,-5.0,0,999,999,999,0,0.5,999,999,0.0,0.0,0.6,872.4651117155795,9.770606269379131
P17_R43,17,43,0.5,0.46,-0.04,50,0.6458333333333334,-7.5,9,0.18,8,0.16,5,1,4,2,0.5,6,0.5,0,0.3333333333333333,0.4,0.5333333333333333,0.1666666666666666,30,0.8571428571428571,-6.0,1,2,6,12,4,0.6666666666666666,18,18,0.4444444444444444,0.5,0.5333333333333333,2690.929381186178,11.394424848121151
P17_R44,17,44,0.5,0.46,-0.04,50,0.6458333333333334,-7.5,9,0.18,8,0.16,5,1,4,2,0.5,6,0.5,0,0.3333333333333333,0.3333333333333333,0.6,0.2,30,0.8214285714285714,-5.0,1,2,6,12,4,0.6666666666666666,18,18,0.3333333333333333,0.6111111111111112,0.5333333333333333,3374.794481814045,11.721011360184388
P17_R45,17,45,0.5,0.46,-0.04,50,0.6458333333333334,-7.5,9,0.18,8,0.16,5,1,4,2,0.5,6,0.5,0,0.3333333333333333,0.3666666666666666,0.5666666666666667,0.0909090909090909,30,0.75,-5.5,1,2,6,12,4,0.6666666666666666,18,18,0.3888888888888889,0.5555555555555556,0.5333333333333333,3246.713663063529,11.665208726579197
P17_R46,17,46,0.5,0.46,-0.04,50,0.6458333333333334,-7.5,9,0.18,8,0.16,5,1,4,2,0.5,6,0.5,0,0.3333333333333333,0.3939393939393939,0.5454545454545454,0.0769230769230769,33,0.9032258064516128,-5.909090909090909,0,999,999,999,0,0.5,999,999,0.0,0.0,0.6,4670.20111937474,12.18957784662275
P17_R47,17,47,0.5,0.46,-0.04,50,0.6458333333333334,-7.5,9,0.18,8,0.16,5,1,4,2,0.5,6,0.5,0,0.3333333333333333,0.3939393939393939,0.5454545454545454,0.0769230769230769,33,0.935483870967742,-5.909090909090909,1,2,16,22,4,0.6666666666666666,11,11,0.2727272727272727,0.6363636363636364,0.6,6340.339711525388,12.630571950104413
P18_R0,18,0,0.34375,0.625,-0.0909090909090909,64,0.6129032258064516,-5.15625,7,0.109375,14,0.21875,4,2,4,2,0.85,6,0.0,1,0.6666666666666666,0.3333333333333333,0.6,0.2,30,0.8214285714285714,-5.0,1,2,6,12,4,0.6666666666666666,18,18,0.3333333333333333,0.6111111111111112,0.6,18.32506469459088,4.272401338761118
P18_R1,18,1,0.34375,0.625,-0.0909090909090909,64,0.6129032258064516,-5.15625,7,0.109375,14,0.21875,4,2,4,2,0.85,6,0.0,1,0.6666666666666666,0.3333333333333333,0.6,0.0,30,0.8214285714285714,-5.0,1,2,6,12,4,0.6666666666666666,18,18,0.3333333333333333,0.6111111111111112,0.6,30.040353775563528,4.956073095303593
P18_R2,18,2,0.34375,0.625,-0.0909090909090909,64,0.6129032258064516,-5.15625,7,0.109375,14,0.21875,4,2,4,2,0.85,6,0.0,1,0.6666666666666666,0.3636363636363636,0.5757575757575758,0.0,33,0.8709677419354839,-5.454545454545455,1,2,16,22,4,0.6666666666666666,11,11,0.2727272727272727,0.6363636363636364,0.6,25.494582160088182,4.727625470039055
P18_R3,18,3,0.34375,0.625,-0.0909090909090909,64,0.6129032258064516,-5.15625,7,0.109375,14,0.21875,4,2,4,2,0.85,6,0.0,1,0.6666666666666666,0.4,0.5333333333333333,0.1666666666666666,30,0.8928571428571429,-6.0,1,2,6,12,4,0.8333333333333334,18,18,0.4444444444444444,0.5,0.5333333333333333,49.67569889425834,5.663222175655563
P18_R4,18,4,0.34375,0.625,-0.0909090909090909,64,0.6129032258064516,-5.15625,7,0.109375,14,0.21875,4,2,4,2,0.85,6,0.0,1,0.6666666666666666,0.4,0.5333333333333333,0.1666666666666666,30,0.8214285714285714,-6.0,1,2,6,12,4,0.6666666666666666,18,18,0.4444444444444444,0.5,0.4666666666666667,63.062659688035886,6.001411790581692
P18_R5,18,5,0.34375,0.625,-0.0909090909090909,64,0.6129032258064516,-5.15625,7,0.109375,14,0.21875,4,2,4,2,0.85,6,0.0,1,0.6666666666666666,0.3636363636363636,0.5757575757575758,0.0,33,0.8709677419354839,-5.454545454545455,1,1,11,17,5,0.8333333333333334,16,16,0.375,0.5625,0.6,92.53001332254921,6.547357487946126
P18_R6,18,6,0.34375,0.625,-0.0909090909090909,64,0.6129032258064516,-5.15625,7,0.109375,14,0.21875,4,2,4,2,0.85,6,0.0,1,0.6666666666666666,0.3,0.6333333333333333,0.1111111111111111,30,0.8214285714285714,-4.5,1,2,6,12,4,0.6666666666666666,18,18,0.2777777777777778,0.6666666666666666,0.6,98.89826618698991,6.642387734014786
P18_R7,18,7,0.34375,0.625,-0.0909090909090909,64,0.6129032258064516,-5.15625,7,0.109375,14,0.21875,4,2,4,2,0.85,6,0.0,1,0.6666666666666666,0.3666666666666666,0.5666666666666667,0.2727272727272727,30,0.9285714285714286,-5.5,1,2,6,12,4,0.6666666666666666,18,18,0.3888888888888889,0.5555555555555556,0.4666666666666667,84.47361689984587,6.4174072676161975
P18_R8,18,8,0.34375,0.625,-0.0909090909090909,64,0.6129032258064516,-5.15625,7,0.109375,14,0.21875,4,2,4,2,0.85,6,0.0,1,0.6666666666666666,0.3333333333333333,0.6060606060606061,-0.0909090909090909,33,0.935483870967742,-5.0,1,1,16,22,5,0.8333333333333334,11,11,0.1818181818181818,0.7272727272727273,0.6666666666666666,115.28057517265866,6.861466302555957
P18_R9,18,9,0.34375,0.625,-0.0909090909090909,64,0.6129032258064516,-5.15625,7,0.109375,14,0.21875,4,2,4,2,0.85,6,0.0,1,0.6666666666666666,0.4333333333333333,0.5,-0.0769230769230769,30,0.8214285714285714,-6.5,1,2,6,12,4,0.6666666666666666,18,18,0.5,0.4444444444444444,0.4,109.39652054135603,6.786550891991927
P18_R10,18,10,0.34375,0.625,-0.0909090909090909,64,0.6129032258064516,-5.15625,7,0.109375,14,0.21875,4,2,4,2,0.85,6,0.0,1,0.6666666666666666,0.3636363636363636,0.5757575757575758,0.0,33,0.8709677419354839,-5.454545454545455,1,2,13,19,4,0.6666666666666666,14,14,0.3571428571428571,0.5714285714285714,0.5333333333333333,83.17839018633703,6.395378014967905
P18_R11,18,11,0.34375,0.625,-0.0909090909090909,64,0.6129032258064516,-5.15625,7,0.109375,14,0.21875,4,2,4,2,0.85,6,0.0,1,0.6666666666666666,0.3333333333333333,0.6060606060606061,-0.0909090909090909,33,0.9032258064516128,-5.0,1,2,11,17,4,0.6666666666666666,16,16,0.375,0.5625,0.6,91.94920280412903,6.538370586546786
P18_R12,18,12,0.34375,0.625,-0.0909090909090909,64,0.6129032258064516,-5.15625,7,0.109375,14,0.21875,4,2,4,2,0.85,6,0.0,1,0.6666666666666666,0.3666666666666666,0.5666666666666667,0.2727272727272727,30,0.8214285714285714,-5.5,1,2,6,12,4,0.8333333333333334,18,18,0.3888888888888889,0.5555555555555556,0.6,127.17634747268751,7.001986254133266
P18_R13,18,13,0.34375,0.625,-0.0909090909090909,64,0.6129032258064516,-5.15625,7,0.109375,14,0.21875,4,2,4,2,0.85,6,0.0,1,0.6666666666666666,0.3333333333333333,0.6,0.0,30,0.7857142857142857,-5.0,1,2,6,12,4,0.6666666666666666,18,18,0.3333333333333333,0.6111111111111112,0.5333333333333333,124.93540935655102,6.976540173551537
P18_R14,18,14,0.34375,0.625,-0.0909090909090909,64,0.6129032258064516,-5.15625,7,0.109375,14,0.21875,4,2,4,2,0.85,6,0.0,1,0.6666666666666666,0.3055555555555556,0.6388888888888888,0.0909090909090909,36,0.7941176470588235,-4.583333333333334,1,2,16,22,4,1.0,14,14,0.4285714285714285,0.5,0.4666666666666667,132.25536395786017,7.058049797052995
P18_R15,18,15,0.34375,0.625,-0.0909090909090909,64,0.6129032258064516,-5.15625,7,0.109375,14,0.21875,4,2,4,2,0.85,6,0.0,1,0.6666666666666666,0.3333333333333333,0.6060606060606061,0.0909090909090909,33,0.8064516129032258,-5.0,1,2,15,21,4,0.6666666666666666,12,12,0.25,0.6666666666666666,0.6,145.48405071320317,7.194599781319229
P18_R16,18,16,0.34375,0.625,-0.0909090909090909,64,0.6129032258064516,-5.15625,7,0.109375,14,0.21875,4,2,4,2,0.85,6,0.0,1,0.6666666666666666,0.4,0.5333333333333333,0.1666666666666666,30,0.8214285714285714,-6.0,1,2,6,12,4,0.6666666666666666,18,18,0.4444444444444444,0.5,0.5333333333333333,166.39284911086818,7.387094088196776
P18_R17,18,17,0.34375,0.625,-0.0909090909090909,64,0.6129032258064516,-5.15625,7,0.109375,14,0.21875,4,2,4,2,0.85,6,0.0,1,0.6666666666666666,0.3939393939393939,0.5454545454545454,-0.0769230769230769,33,0.9032258064516128,-5.909090909090909,1,1,16,22,5,0.8333333333333334,11,11,0.2727272727272727,0.6363636363636364,0.5333333333333333,192.9624275756337,7.599633405073511
P18_R18,18,18,0.34375,0.625,-0.0909090909090909,64,0.6129032258064516,-5.15625,7,0.109375,14,0.21875,4,2,4,2,0.85,6,0.0,1,0.6666666666666666,0.3636363636363636,0.5757575757575758,-0.1666666666666666,33,0.935483870967742,-5.454545454545455,1,2,16,22,4,0.6666666666666666,11,11,0.2727272727272727,0.6363636363636364,0.6,144.99316610514416,7.189757028352836
P18_R19,18,19,0.34375,0.625,-0.0909090909090909,64,0.6129032258064516,-5.15625,7,0.109375,14,0.21875,4,2,4,2,0.85,6,0.0,1,0.6666666666666666,0.4583333333333333,0.4583333333333333,-0.0909090909090909,24,0.8636363636363636,-6.875,1,2,7,13,4,0.6666666666666666,11,11,0.5454545454545454,0.3636363636363636,0.4666666666666667,147.41200640308648,7.2134639992369625
P18_R20,18,20,0.34375,0.625,-0.0909090909090909,64,0.6129032258064516,-5.15625,7,0.109375,14,0.21875,4,2,4,2,0.85,6,0.0,1,0.6666666666666666,0.4333333333333333,0.5,0.2307692307692307,30,0.75,-6.5,1,2,6,12,4,0.8333333333333334,18,18,0.5,0.4444444444444444,0.4,170.40349546573,7.421252720693362
P18_R21,18,21,0.34375,0.625,-0.0909090909090909,64,0.6129032258064516,-5.15625,7,0.109375,14,0.21875,4,2,4,2,0.85,6,0.0,1,0.6666666666666666,0.3666666666666666,0.5666666666666667,0.0909090909090909,30,0.8214285714285714,-5.5,1,2,6,12,4,0.6666666666666666,18,18,0.3888888888888889,0.5555555555555556,0.5333333333333333,221.58266691860464,7.798197440477053
P18_R22,18,22,0.34375,0.625,-0.0909090909090909,64,0.6129032258064516,-5.15625,7,0.109375,14,0.21875,4,2,4,2,0.85,6,0.0,1,0.6666666666666666,0.3529411764705882,0.5294117647058824,-0.6666666666666666,17,0.7333333333333333,-5.294117647058824,0,999,999,999,0,0.3333333333333333,999,999,0.0,0.0,0.6,257.48826381660473,8.013954968891513
P18_R23,18,23,0.34375,0.625,-0.0909090909090909,64,0.6129032258064516,-5.15625,7,0.109375,14,0.21875,4,2,4,2,0.85,6,0.0,1,0.6666666666666666,0.3055555555555556,0.6388888888888888,-0.2727272727272727,36,0.6176470588235294,-4.583333333333334,1,2,21,27,4,0.6666666666666666,9,9,0.2222222222222222,0.6666666666666666,0.4666666666666667,211.95974608071916,7.73443694596293
P18_R24,18,24,0.34375,0.625,-0.0909090909090909,64,0.6129032258064516,-5.15625,7,0.109375,14,0.21875,4,2,4,2,0.85,6,0.0,1,0.6666666666666666,0.2666666666666666,0.6666666666666666,0.25,30,0.7857142857142857,-4.0,1,2,6,12,4,0.6666666666666666,18,18,0.2222222222222222,0.7222222222222222,0.6666666666666666,158.01992471929333,7.313063731968574
P18_R25,18,25,0.34375,0.625,-0.0909090909090909,64,0.6129032258064516,-5.15625,7,0.109375,14,0.21875,4,2,4,2,0.85,6,0.0,1,0.6666666666666666,0.3666666666666666,0.5666666666666667,0.2727272727272727,30,0.8214285714285714,-5.5,1,2,6,12,4,0.6666666666666666,18,18,0.3888888888888889,0.5555555555555556,0.5333333333333333,181.05891393444767,7.508261569250867
P18_R26,18,26,0.34375,0.625,-0.0909090909090909,64,0.6129032258064516,-5.15625,7,0.109375,14,0.21875,4,2,4,2,0.85,6,0.0,1,0.6666666666666666,0.4,0.5333333333333333,0.3333333333333333,30,0.7857142857142857,-6.0,1,2,6,12,4,0.8333333333333334,18,18,0.4444444444444444,0.5,0.4666666666666667,222.0652340216225,7.801321868695205
P18_R27,18,27,0.34375,0.625,-0.0909090909090909,64,0.6129032258064516,-5.15625,7,0.109375,14,0.21875,4,2,4,2,0.85,6,0.0,1,0.6666666666666666,0.3333333333333333,0.6060606060606061,-0.0909090909090909,33,0.8387096774193549,-5.0,0,999,999,999,0,0.5,999,999,0.0,0.0,0.7333333333333333,266.612837906851,8.064003516293312
P18_R28,18,28,0.34375,0.625,-0.0909090909090909,64,0.6129032258064516,-5.15625,7,0.109375,14,0.21875,4,2,4,2,0.85,6,0.0,1,0.6666666666666666,0.3939393939393939,0.5454545454545454,0.0769230769230769,33,0.8709677419354839,-5.909090909090909,1,2,11,17,4,0.6666666666666666,16,16,0.4375,0.5,0.5333333333333333,291.6073373869919,8.192822136554964
P18_R29,18,29,0.34375,0.625,-0.0909090909090909,64,0.6129032258064516,-5.15625,7,0.109375,14,0.21875,4,2,4,2,0.85,6,0.0,1,0.6666666666666666,0.3666666666666666,0.5666666666666667,0.0909090909090909,30,0.7857142857142857,-5.5,1,2,6,12,4,0.6666666666666666,18,18,0.3888888888888889,0.5555555555555556,0.6,330.6106810055717,8.373346665805018
P18_R30,18,30,0.34375,0.625,-0.0909090909090909,64,0.6129032258064516,-5.15625,7,0.109375,14,0.21875,4,2,4,2,0.85,6,0.0,1,0.6666666666666666,0.4,0.5333333333333333,0.0,30,0.8214285714285714,-6.0,1,2,6,12,4,0.6666666666666666,18,18,0.4444444444444444,0.5,0.5333333333333333,324.27454132306934,8.345514099321676
P18_R31,18,31,0.34375,0.625,-0.0909090909090909,64,0.6129032258064516,-5.15625,7,0.109375,14,0.21875,4,2,4,2,0.85,6,0.0,1,0.6666666666666666,0.4333333333333333,0.5,-0.0769230769230769,30,0.7857142857142857,-6.5,1,2,6,12,4,0.6666666666666666,18,18,0.5,0.4444444444444444,0.4666666666666667,496.21450387459686,8.957724570563277
P18_R32,18,32,0.34375,0.625,-0.0909090909090909,64,0.6129032258064516,-5.15625,7,0.109375,14,0.21875,4,2,4,2,0.85,6,0.0,1,0.6666666666666666,0.4,0.5333333333333333,0.1666666666666666,30,0.8571428571428571,-6.0,1,2,6,12,4,0.8333333333333334,18,18,0.4444444444444444,0.5,0.5333333333333333,445.5196159215796,8.802579745123824
P18_R33,18,33,0.34375,0.625,-0.0909090909090909,64,0.6129032258064516,-5.15625,7,0.109375,14,0.21875,4,2,4,2,0.85,6,0.0,1,0.6666666666666666,0.3636363636363636,0.5757575757575758,0.0,33,0.7419354838709677,-5.454545454545455,1,2,13,19,4,0.6666666666666666,14,14,0.2142857142857142,0.7142857142857143,0.6666666666666666,541.8908035959987,9.084518235036615
P18_R34,18,34,0.34375,0.625,-0.0909090909090909,64,0.6129032258064516,-5.15625,7,0.109375,14,0.21875,4,2,4,2,0.85,6,0.0,1,0.6666666666666666,0.3666666666666666,0.5666666666666667,0.0909090909090909,30,0.8571428571428571,-5.5,1,2,6,12,4,0.6666666666666666,18,18,0.3888888888888889,0.5555555555555556,0.4666666666666667,715.1838361271649,9.484186147971931
P18_R35,18,35,0.34375,0.625,-0.0909090909090909,64,0.6129032258064516,-5.15625,7,0.109375,14,0.21875,4,2,4,2,0.85,6,0.0,1,0.6666666666666666,0.303030303030303,0.6363636363636364,0.0,33,0.8064516129032258,-4.545454545454546,1,2,16,22,4,0.6666666666666666,11,11,0.2727272727272727,0.6363636363636364,0.6,532.9130393265879,9.060460972982225
P18_R36,18,36,0.34375,0.625,-0.0909090909090909,64,0.6129032258064516,-5.15625,7,0.109375,14,0.21875,4,2,4,2,0.85,6,0.0,1,0.6666666666666666,0.3636363636363636,0.5757575757575758,0.0,33,0.9032258064516128,-5.454545454545455,0,999,999,999,0,0.5,999,999,0.0,0.0,0.6,763.1034906726785,9.577624240822109
P18_R37,18,37,0.34375,0.625,-0.0909090909090909,64,0.6129032258064516,-5.15625,7,0.109375,14,0.21875,4,2,4,2,0.85,6,0.0,1,0.6666666666666666,0.3333333333333333,0.6060606060606061,-0.0909090909090909,33,0.8064516129032258,-5.0,0,999,999,999,0,0.5,999,999,0.0,0.0,0.6,921.8824153093036,9.850003035200965
P18_R38,18,38,0.34375,0.625,-0.0909090909090909,64,0.6129032258064516,-5.15625,7,0.109375,14,0.21875,4,2,4,2,0.85,6,0.0,1,0.6666666666666666,0.3636363636363636,0.5757575757575758,-0.1666666666666666,33,0.8064516129032258,-5.454545454545455,0,999,999,999,0,0.5,999,999,0.0,0.0,0.6666666666666666,920.0314813320757,9.847106658996278
P18_R39,18,39,0.34375,0.625,-0.0909090909090909,64,0.6129032258064516,-5.15625,7,0.109375,14,0.21875,4,2,4,2,0.85,6,0.0,1,0.6666666666666666,0.3939393939393939,0.5454545454545454,-0.0769230769230769,33,0.8709677419354839,-5.909090909090909,1,2,16,22,4,0.6666666666666666,11,11,0.1818181818181818,0.7272727272727273,0.6,1270.142505893518,10.311910062464525
P18_R40,18,40,0.34375,0.625,-0.0909090909090909,64,0.6129032258064516,-5.15625,7,0.109375,14,0.21875,4,2,4,2,0.85,6,0.0,1,0.6666666666666666,0.3666666666666666,0.5666666666666667,0.2727272727272727,30,0.8571428571428571,-5.5,1,2,6,12,4,0.8333333333333334,18,18,0.3888888888888889,0.5555555555555556,0.6,957.3223439761199,9.904367196294928
P18_R41,18,41,0.34375,0.625,-0.0909090909090909,64,0.6129032258064516,-5.15625,7,0.109375,14,0.21875,4,2,4,2,0.85,6,0.0,1,0.6666666666666666,0.4,0.5333333333333333,0.1666666666666666,30,0.7857142857142857,-6.0,1,2,6,12,4,0.6666666666666666,18,18,0.4444444444444444,0.5,0.5333333333333333,1620.247656193192,10.662888773463871
P18_R42,18,42,0.34375,0.625,-0.0909090909090909,64,0.6129032258064516,-5.15625,7,0.109375,14,0.21875,4,2,4,2,0.85,6,0.0,1,0.6666666666666666,0.3333333333333333,0.6060606060606061,0.0909090909090909,33,0.8709677419354839,-5.0,0,999,999,999,0,0.5,999,999,0.0,0.0,0.6,1280.0860462504372,10.323151664580301
P18_R43,18,43,0.34375,0.625,-0.0909090909090909,64,0.6129032258064516,-5.15625,7,0.109375,14,0.21875,4,2,4,2,0.85,6,0.0,1,0.6666666666666666,0.4,0.5333333333333333,0.1666666666666666,30,0.8571428571428571,-6.0,1,2,6,12,4,0.6666666666666666,18,18,0.4444444444444444,0.5,0.5333333333333333,2281.8302241309802,11.156607853855858
P18_R44,18,44,0.34375,0.625,-0.0909090909090909,64,0.6129032258064516,-5.15625,7,0.109375,14,0.21875,4,2,4,2,0.85,6,0.0,1,0.6666666666666666,0.3333333333333333,0.6,0.2,30,0.8214285714285714,-5.0,1,2,6,12,4,0.6666666666666666,18,18,0.3333333333333333,0.6111111111111112,0.5333333333333333,4485.073428425322,12.131237519432704
P18_R45,18,45,0.34375,0.625,-0.0909090909090909,64,0.6129032258064516,-5.15625,7,0.109375,14,0.21875,4,2,4,2,0.85,6,0.0,1,0.6666666666666666,0.3666666666666666,0.5666666666666667,0.0909090909090909,30,0.75,-5.5,1,2,6,12,4,0.6666666666666666,18,18,0.3888888888888889,0.5555555555555556,0.5333333333333333,3893.0035616166347,11.927038488269423
P18_R46,18,46,0.34375,0.625,-0.0909090909090909,64,0.6129032258064516,-5.15625,7,0.109375,14,0.21875,4,2,4,2,0.85,6,0.0,1,0.6666666666666666,0.3939393939393939,0.5454545454545454,0.0769230769230769,33,0.9032258064516128,-5.909090909090909,0,999,999,999,0,0.5,999,999,0.0,0.0,0.6,4777.082647882475,12.222216093387047
P18_R47,18,47,0.34375,0.625,-0.0909090909090909,64,0.6129032258064516,-5.15625,7,0.109375,14,0.21875,4,2,4,2,0.85,6,0.0,1,0.6666666666666666,0.3939393939393939,0.5454545454545454,0.0769230769230769,33,0.935483870967742,-5.909090909090909,1,2,16,22,4,0.6666666666666666,11,11,0.2727272727272727,0.6363636363636364,0.6,7542.244244107577,12.880969424633737
P19_R0,19,0,0.56,0.4,0.0714285714285714,50,0.6458333333333334,-8.4,9,0.18,6,0.12,5,1,4,2,0.45,6,0.5,0,0.3333333333333333,0.3333333333333333,0.6,0.2,30,0.8214285714285714,-5.0,1,2,6,12,4,0.6666666666666666,18,18,0.3333333333333333,0.6111111111111112,0.6,32.81659093092893,5.0796593230876494
P19_R1,19,1,0.56,0.4,0.0714285714285714,50,0.6458333333333334,-8.4,9,0.18,6,0.12,5,1,4,2,0.45,6,0.5,0,0.3333333333333333,0.3333333333333333,0.6,0.0,30,0.8214285714285714,-5.0,1,2,6,12,4,0.6666666666666666,18,18,0.3333333333333333,0.6111111111111112,0.6,35.8686215721811,5.204321573479291
P19_R2,19,2,0.56,0.4,0.0714285714285714,50,0.6458333333333334,-8.4,9,0.18,6,0.12,5,1,4,2,0.45,6,0.5,0,0.3333333333333333,0.3636363636363636,0.5757575757575758,0.0,33,0.8709677419354839,-5.454545454545455,1,2,16,22,4,0.6666666666666666,11,11,0.2727272727272727,0.6363636363636364,0.6,53.68878876611952,5.773173204883472
P19_R3,19,3,0.56,0.4,0.0714285714285714,50,0.6458333333333334,-8.4,9,0.18,6,0.12,5,1,4,2,0.45,6,0.5,0,0.3333333333333333,0.4,0.5333333333333333,0.1666666666666666,30,0.8928571428571429,-6.0,1,2,6,12,4,0.8333333333333334,18,18,0.4444444444444444,0.5,0.5333333333333333,93.26871879380971,6.558707215439507
P19_R4,19,4,0.56,0.4,0.0714285714285714,50,0.6458333333333334,-8.4,9,0.18,6,0.12,5,1,4,2,0.45,6,0.5,0,0.3333333333333333,0.4,0.5333333333333333,0.1666666666666666,30,0.8214285714285714,-6.0,1,2,6,12,4,0.6666666666666666,18,18,0.4444444444444444,0.5,0.4666666666666667,126.79941221625484,6.997737390733777
P19_R5,19,5,0.56,0.4,0.0714285714285714,50,0.6458333333333334,-8.4,9,0.18,6,0.12,5,1,4,2,0.45,6,0.5,0,0.3333333333333333,0.3636363636363636,0.5757575757575758,0.0,33,0.8709677419354839,-5.454545454545455,1,1,11,17,5,0.8333333333333334,16,16,0.375,0.5625,0.6,149.79000615653945,7.236397004679847
P19_R6,19,6,0.56,0.4,0.0714285714285714,50,0.6458333333333334,-8.4,9,0.18,6,0.12,5,1,4,2,0.45,6,0.5,0,0.3333333333333333,0.3,0.6333333333333333,0.1111111111111111,30,0.8214285714285714,-4.5,1,2,6,12,4,0.6666666666666666,18,18,0.2777777777777778,0.6666666666666666,0.6,172.79010016901339,7.4412020921580115
P19_R7,19,7,0.56,0.4,0.0714285714285714,50,0.6458333333333334,-8.4,9,0.18,6,0.12,5,1,4,2,0.45,6,0.5,0,0.3333333333333333,0.3666666666666666,0.5666666666666667,0.2727272727272727,30,0.9285714285714286,-5.5,1,2,6,12,4,0.6666666666666666,18,18,0.3888888888888889,0.5555555555555556,0.4666666666666667,110.03567487304966,6.794879467191776
P19_R8,19,8,0.56,0.4,0.0714285714285714,50,0.6458333333333334,-8.4,9,0.18,6,0.12,5,1,4,2,0.45,6,0.5,0,0.3333333333333333,0.3333333333333333,0.6060606060606061,-0.0909090909090909,33,0.935483870967742,-5.0,1,1,16,22,5,0.8333333333333334,11,11,0.1818181818181818,0.7272727272727273,0.6666666666666666,146.39987526908433,7.203591493388511
P19_R9,19,9,0.56,0.4,0.0714285714285714,50,0.6458333333333334,-8.4,9,0.18,6,0.12,5,1,4,2,0.45,6,0.5,0,0.3333333333333333,0.4333333333333333,0.5,-0.0769230769230769,30,0.8214285714285714,-6.5,1,2,6,12,4,0.6666666666666666,18,18,0.5,0.4444444444444444,0.4,141.28500089533426,7.152639776625532
P19_R10,19,10,0.56,0.4,0.0714285714285714,50,0.6458333333333334,-8.4,9,0.18,6,0.12,5,1,4,2,0.45,6,0.5,0,0.3333333333333333,0.3636363636363636,0.5757575757575758,0.0,33,0.8709677419354839,-5.454545454545455,1,2,13,19,4,0.6666666666666666,14,14,0.3571428571428571,0.5714285714285714,0.5333333333333333,166.99511998438956,7.392275515180094
P19_R11,19,11,0.56,0.4,0.0714285714285714,50,0.6458333333333334,-8.4,9,0.18,6,0.12,5,1,4,2,0.45,6,0.5,0,0.3333333333333333,0.3333333333333333,0.6060606060606061,-0.0909090909090909,33,0.9032258064516128,-5.0,1,2,11,17,4,0.6666666666666666,16,16,0.375,0.5625,0.6,168.10836592555745,7.401804222560858
P19_R12,19,12,0.56,0.4,0.0714285714285714,50,0.6458333333333334,-8.4,9,0.18,6,0.12,5,1,4,2,0.45,6,0.5,0,0.3333333333333333,0.3666666666666666,0.5666666666666667,0.2727272727272727,30,0.8214285714285714,-5.5,1,2,6,12,4,0.8333333333333334,18,18,0.3888888888888889,0.5555555555555556,0.6,184.5277938191268,7.535491522180594
P19_R13,19,13,0.56,0.4,0.0714285714285714,50,0.6458333333333334,-8.4,9,0.18,6,0.12,5,1,4,2,0.45,6,0.5,0,0.3333333333333333,0.3333333333333333,0.6,0.0,30,0.7857142857142857,-5.0,1,2,6,12,4,0.6666666666666666,18,18,0.3333333333333333,0.6111111111111112,0.5333333333333333,254.31391778676283,7.996128374502334
P19_R14,19,14,0.56,0.4,0.0714285714285714,50,0.6458333333333334,-8.4,9,0.18,6,0.12,5,1,4,2,0.45,6,0.5,0,0.3333333333333333,0.3055555555555556,0.6388888888888888,0.0909090909090909,36,0.7941176470588235,-4.583333333333334,1,2,16,22,4,1.0,14,14,0.4285714285714285,0.5,0.4666666666666667,194.43362965879652,7.610534933270227
P19_R15,19,15,0.56,0.4,0.0714285714285714,50,0.6458333333333334,-8.4,9,0.18,6,0.12,5,1,4,2,0.45,6,0.5,0,0.3333333333333333,0.3333333333333333,0.6060606060606061,0.0909090909090909,33,0.8064516129032258,-5.0,1,2,15,21,4,0.6666666666666666,12,12,0.25,0.6666666666666666,0.6,230.81900424415727,7.856855031377742
P19_R16,19,16,0.56,0.4,0.0714285714285714,50,0.6458333333333334,-8.4,9,0.18,6,0.12,5,1,4,2,0.45,6,0.5,0,0.3333333333333333,0.4,0.5333333333333333,0.1666666666666666,30,0.8214285714285714,-6.0,1,2,6,12,4,0.6666666666666666,18,18,0.4444444444444444,0.5,0.5333333333333333,230.66775159278018,7.855913423208528
P19_R17,19,17,0.56,0.4,0.0714285714285714,50,0.6458333333333334,-8.4,9,0.18,6,0.12,5,1,4,2,0.45,6,0.5,0,0.3333333333333333,0.3939393939393939,0.5454545454545454,-0.0769230769230769,33,0.9032258064516128,-5.909090909090909,1,1,16,22,5,0.8333333333333334,11,11,0.2727272727272727,0.6363636363636364,0.5333333333333333,251.3901810506596,7.979511974797771
P19_R18,19,18,0.56,0.4,0.0714285714285714,50,0.6458333333333334,-8.4,9,0.18,6,0.12,5,1,4,2,0.45,6,0.5,0,0.3333333333333333,0.3636363636363636,0.5757575757575758,-0.1666666666666666,33,0.935483870967742,-5.454545454545455,1,2,16,22,4,0.6666666666666666,11,11,0.2727272727272727,0.6363636363636364,0.6,254.56495786758066,7.9975462225523115
P19_R19,19,19,0.56,0.4,0.0714285714285714,50,0.6458333333333334,-8.4,9,0.18,6,0.12,5,1,4,2,0.45,6,0.5,0,0.3333333333333333,0.4583333333333333,0.4583333333333333,-0.0909090909090909,24,0.8636363636363636,-6.875,1,2,7,13,4,0.6666666666666666,11,11,0.5454545454545454,0.3636363636363636,0.4666666666666667,279.10190673772814,8.129807994078618
P19_R20,19,20,0.56,0.4,0.0714285714285714,50,0.6458333333333334,-8.4,9,0.18,6,0.12,5,1,4,2,0.45,6,0.5,0,0.3333333333333333,0.4333333333333333,0.5,0.2307692307692307,30,0.75,-6.5,1,2,6,12,4,0.8333333333333334,18,18,0.5,0.4444444444444444,0.4,355.0522738499677,8.475945255932125
P19_R21,19,21,0.56,0.4,0.0714285714285714,50,0.6458333333333334,-8.4,9,0.18,6,0.12,5,1,4,2,0.45,6,0.5,0,0.3333333333333333,0.3666666666666666,0.5666666666666667,0.0909090909090909,30,0.8214285714285714,-5.5,1,2,6,12,4,0.6666666666666666,18,18,0.3888888888888889,0.5555555555555556,0.5333333333333333,403.37575655105377,8.659552696036426
P19_R22,19,22,0.56,0.4,0.0714285714285714,50,0.6458333333333334,-8.4,9,0.18,6,0.12,5,1,4,2,0.45,6,0.5,0,0.3333333333333333,0.3529411764705882,0.5294117647058824,-0.6666666666666666,17,0.7333333333333333,-5.294117647058824,0,999,999,999,0,0.3333333333333333,999,999,0.0,0.0,0.6,332.2794193719821,8.380588420854101
P19_R23,19,23,0.56,0.4,0.0714285714285714,50,0.6458333333333334,-8.4,9,0.18,6,0.12,5,1,4,2,0.45,6,0.5,0,0.3333333333333333,0.3055555555555556,0.6388888888888888,-0.2727272727272727,36,0.6176470588235294,-4.583333333333334,1,2,21,27,4,0.6666666666666666,9,9,0.2222222222222222,0.6666666666666666,0.4666666666666667,366.8050546652005,8.522797496306275
P19_R24,19,24,0.56,0.4,0.0714285714285714,50,0.6458333333333334,-8.4,9,0.18,6,0.12,5,1,4,2,0.45,6,0.5,0,0.3333333333333333,0.2666666666666666,0.6666666666666666,0.25,30,0.7857142857142857,-4.0,1,2,6,12,4,0.6666666666666666,18,18,0.2222222222222222,0.7222222222222222,0.6666666666666666,287.3346670128732,8.17160049494192
P19_R25,19,25,0.56,0.4,0.0714285714285714,50,0.6458333333333334,-8.4,9,0.18,6,0.12,5,1,4,2,0.45,6,0.5,0,0.3333333333333333,0.3666666666666666,0.5666666666666667,0.2727272727272727,30,0.8214285714285714,-5.5,1,2,6,12,4,0.6666666666666666,18,18,0.3888888888888889,0.5555555555555556,0.5333333333333333,342.59228960480834,8.424553851764149
P19_R26,19,26,0.56,0.4,0.0714285714285714,50,0.6458333333333334,-8.4,9,0.18,6,0.12,5,1,4,2,0.45,6,0.5,0,0.3333333333333333,0.4,0.5333333333333333,0.3333333333333333,30,0.7857142857142857,-6.0,1,2,6,12,4,0.8333333333333334,18,18,0.4444444444444444,0.5,0.4666666666666667,430.20907275145873,8.752243722864762
P19_R27,19,27,0.56,0.4,0.0714285714285714,50,0.6458333333333334,-8.4,9,0.18,6,0.12,5,1,4,2,0.45,6,0.5,0,0.3333333333333333,0.3333333333333333,0.6060606060606061,-0.0909090909090909,33,0.8387096774193549,-5.0,0,999,999,999,0,0.5,999,999,0.0,0.0,0.7333333333333333,490.1215306472945,8.93993626109066
P19_R28,19,28,0.56,0.4,0.0714285714285714,50,0.6458333333333334,-8.4,9,0.18,6,0.12,5,1,4,2,0.45,6,0.5,0,0.3333333333333333,0.3939393939393939,0.5454545454545454,0.0769230769230769,33,0.8709677419354839,-5.909090909090909,1,2,11,17,4,0.6666666666666666,16,16,0.4375,0.5,0.5333333333333333,475.1873316714102,8.895385429916903
P19_R29,19,29,0.56,0.4,0.0714285714285714,50,0.6458333333333334,-8.4,9,0.18,6,0.12,5,1,4,2,0.45,6,0.5,0,0.3333333333333333,0.3666666666666666,0.5666666666666667,0.0909090909090909,30,0.7857142857142857,-5.5,1,2,6,12,4,0.6666666666666666,18,18,0.3888888888888889,0.5555555555555556,0.6,557.4733005041932,9.125344499756467
P19_R30,19,30,0.56,0.4,0.0714285714285714,50,0.6458333333333334,-8.4,9,0.18,6,0.12,5,1,4,2,0.45,6,0.5,0,0.3333333333333333,0.4,0.5333333333333333,0.0,30,0.8214285714285714,-6.0,1,2,6,12,4,0.6666666666666666,18,18,0.4444444444444444,0.5,0.5333333333333333,543.0865259151292,9.087692290850082
P19_R31,19,31,0.56,0.4,0.0714285714285714,50,0.6458333333333334,-8.4,9,0.18,6,0.12,5,1,4,2,0.45,6,0.5,0,0.3333333333333333,0.4333333333333333,0.5,-0.0769230769230769,30,0.7857142857142857,-6.5,1,2,6,12,4,0.6666666666666666,18,18,0.5,0.4444444444444444,0.4666666666666667,753.6699124858673,9.559701947124676
P19_R32,19,32,0.56,0.4,0.0714285714285714,50,0.6458333333333334,-8.4,9,0.18,6,0.12,5,1,4,2,0.45,6,0.5,0,0.3333333333333333,0.4,0.5333333333333333,0.1666666666666666,30,0.8571428571428571,-6.0,1,2,6,12,4,0.8333333333333334,18,18,0.4444444444444444,0.5,0.5333333333333333,764.597031633228,9.580441426003674
P19_R33,19,33,0.56,0.4,0.0714285714285714,50,0.6458333333333334,-8.4,9,0.18,6,0.12,5,1,4,2,0.45,6,0.5,0,0.3333333333333333,0.3636363636363636,0.5757575757575758,0.0,33,0.7419354838709677,-5.454545454545455,1,2,13,19,4,0.6666666666666666,14,14,0.2142857142857142,0.7142857142857143,0.6666666666666666,868.1449126364871,9.763452927588116
P19_R34,19,34,0.56,0.4,0.0714285714285714,50,0.6458333333333334,-8.4,9,0.18,6,0.12,5,1,4,2,0.45,6,0.5,0,0.3333333333333333,0.3666666666666666,0.5666666666666667,0.0909090909090909,30,0.8571428571428571,-5.5,1,2,6,12,4,0.6666666666666666,18,18,0.3888888888888889,0.5555555555555556,0.4666666666666667,1039.3862495755852,10.022903521581382
P19_R35,19,35,0.56,0.4,0.0714285714285714,50,0.6458333333333334,-8.4,9,0.18,6,0.12,5,1,4,2,0.45,6,0.5,0,0.3333333333333333,0.303030303030303,0.6363636363636364,0.0,33,0.8064516129032258,-4.545454545454546,1,2,16,22,4,0.6666666666666666,11,11,0.2727272727272727,0.6363636363636364,0.6,641.8897783598546,9.328427602531216
P19_R36,19,36,0.56,0.4,0.0714285714285714,50,0.6458333333333334,-8.4,9,0.18,6,0.12,5,1,4,2,0.45,6,0.5,0,0.3333333333333333,0.3636363636363636,0.5757575757575758,0.0,33,0.9032258064516128,-5.454545454545455,0,999,999,999,0,0.5,999,999,0.0,0.0,0.6,1131.9238154929017,10.145835133723399
P19_R37,19,37,0.56,0.4,0.0714285714285714,50,0.6458333333333334,-8.4,9,0.18,6,0.12,5,1,4,2,0.45,6,0.5,0,0.3333333333333333,0.3333333333333333,0.6060606060606061,-0.0909090909090909,33,0.8064516129032258,-5.0,0,999,999,999,0,0.5,999,999,0.0,0.0,0.6,779.8284614661935,9.608861830364788
P19_R38,19,38,0.56,0.4,0.0714285714285714,50,0.6458333333333334,-8.4,9,0.18,6,0.12,5,1,4,2,0.45,6,0.5,0,0.3333333333333333,0.3636363636363636,0.5757575757575758,-0.1666666666666666,33,0.8064516129032258,-5.454545454545455,0,999,999,999,0,0.5,999,999,0.0,0.0,0.6666666666666666,1078.4778664571684,10.076117947401993
P19_R39,19,39,0.56,0.4,0.0714285714285714,50,0.6458333333333334,-8.4,9,0.18,6,0.12,5,1,4,2,0.45,6,0.5,0,0.3333333333333333,0.3939393939393939,0.5454545454545454,-0.0769230769230769,33,0.8709677419354839,-5.909090909090909,1,2,16,22,4,0.6666666666666666,11,11,0.1818181818181818,0.7272727272727273,0.6,1590.3500830723635,10.63603553551244
P19_R40,19,40,0.56,0.4,0.0714285714285714,50,0.6458333333333334,-8.4,9,0.18,6,0.12,5,1,4,2,0.45,6,0.5,0,0.3333333333333333,0.3666666666666666,0.5666666666666667,0.2727272727272727,30,0.8571428571428571,-5.5,1,2,6,12,4,0.8333333333333334,18,18,0.3888888888888889,0.5555555555555556,0.6,1676.3965735325357,10.712008098806315
P19_R41,19,41,0.56,0.4,0.0714285714285714,50,0.6458333333333334,-8.4,9,0.18,6,0.12,5,1,4,2,0.45,6,0.5,0,0.3333333333333333,0.4,0.5333333333333333,0.1666666666666666,30,0.7857142857142857,-6.0,1,2,6,12,4,0.6666666666666666,18,18,0.4444444444444444,0.5,0.5333333333333333,1483.5993990543916,10.535857974633396
P19_R42,19,42,0.56,0.4,0.0714285714285714,50,0.6458333333333334,-8.4,9,0.18,6,0.12,5,1,4,2,0.45,6,0.5,0,0.3333333333333333,0.3333333333333333,0.6060606060606061,0.0909090909090909,33,0.8709677419354839,-5.0,0,999,999,999,0,0.5,999,999,0.0,0.0,0.6,1766.9023043702086,10.787822837165804
P19_R43,19,43,0.56,0.4,0.0714285714285714,50,0.6458333333333334,-8.4,9,0.18,6,0.12,5,1,4,2,0.45,6,0.5,0,0.3333333333333333,0.4,0.5333333333333333,0.1666666666666666,30,0.8571428571428571,-6.0,1,2,6,12,4,0.6666666666666666,18,18,0.4444444444444444,0.5,0.5333333333333333,5040.033144195453,12.299503724589451
P19_R44,19,44,0.56,0.4,0.0714285714285714,50,0.6458333333333334,-8.4,9,0.18,6,0.12,5,1,4,2,0.45,6,0.5,0,0.3333333333333333,0.3333333333333333,0.6,0.2,30,0.8214285714285714,-5.0,1,2,6,12,4,0.6666666666666666,18,18,0.3333333333333333,0.6111111111111112,0.5333333333333333,6128.583232421931,12.581573269025355
P19_R45,19,45,0.56,0.4,0.0714285714285714,50,0.6458333333333334,-8.4,9,0.18,6,0.12,5,1,4,2,0.45,6,0.5,0,0.3333333333333333,0.3666666666666666,0.5666666666666667,0.0909090909090909,30,0.75,-5.5,1,2,6,12,4,0.6666666666666666,18,18,0.3888888888888889,0.5555555555555556,0.5333333333333333,9510.12483170595,13.21540025594359
P19_R46,19,46,0.56,0.4,0.0714285714285714,50,0.6458333333333334,-8.4,9,0.18,6,0.12,5,1,4,2,0.45,6,0.5,0,0.3333333333333333,0.3939393939393939,0.5454545454545454,0.0769230769230769,33,0.9032258064516128,-5.909090909090909,0,999,999,999,0,0.5,999,999,0.0,0.0,0.6,7937.565586766827,12.954662636135126
P19_R47,19,47,0.56,0.4,0.0714285714285714,50,0.6458333333333334,-8.4,9,0.18,6,0.12,5,1,4,2,0.45,6,0.5,0,0.3333333333333333,0.3939393939393939,0.5454545454545454,0.0769230769230769,33,0.935483870967742,-5.909090909090909,1,2,16,22,4,0.6666666666666666,11,11,0.2727272727272727,0.6363636363636364,0.6,11217.4590328846,13.453586900567975
P20_R0,20,0,0.3962264150943396,0.5660377358490566,0.0476190476190476,53,0.7254901960784313,-5.943396226415095,6,0.1132075471698113,11,0.2075471698113207,5,1,2,4,0.65,6,0.1666666666666666,0,0.3333333333333333,0.3333333333333333,0.6,0.2,30,0.8214285714285714,-5.0,1,2,6,12,4,0.6666666666666666,18,18,0.3333333333333333,0.6111111111111112,0.6,38.95914140657622,5.3204536794745945
P20_R1,20,1,0.3962264150943396,0.5660377358490566,0.0476190476190476,53,0.7254901960784313,-5.943396226415095,6,0.1132075471698113,11,0.2075471698113207,5,1,2,4,0.65,6,0.1666666666666666,0,0.3333333333333333,0.3333333333333333,0.6,0.0,30,0.8214285714285714,-5.0,1,2,6,12,4,0.6666666666666666,18,18,0.3333333333333333,0.6111111111111112,0.6,40.6592950554921,5.380566521674697
P20_R2,20,2,0.3962264150943396,0.5660377358490566,0.0476190476190476,53,0.7254901960784313,-5.943396226415095,6,0.1132075471698113,11,0.2075471698113207,5,1,2,4,0.65,6,0.1666666666666666,0,0.3333333333333333,0.3636363636363636,0.5757575757575758,0.0,33,0.8709677419354839,-5.454545454545455,1,2,16,22,4,0.6666666666666666,11,11,0.2727272727272727,0.6363636363636364,0.6,40.33127494550207,5.36916196208841
P20_R3,20,3,0.3962264150943396,0.5660377358490566,0.0476190476190476,53,0.7254901960784313,-5.943396226415095,6,0.1132075471698113,11,0.2075471698113207,5,1,2,4,0.65,6,0.1666666666666666,0,0.3333333333333333,0.4,0.5333333333333333,0.1666666666666666,30,0.8928571428571429,-6.0,1,2,6,12,4,0.8333333333333334,18,18,0.4444444444444444,0.5,0.5333333333333333,78.08397735724816,6.305313524999531
P20_R4,20,4,0.3962264150943396,0.5660377358490566,0.0476190476190476,53,0.7254901960784313,-5.943396226415095,6,0.1132075471698113,11,0.2075471698113207,5,1,2,4,0.65,6,0.1666666666666666,0,0.3333333333333333,0.4,0.5333333333333333,0.1666666666666666,30,0.8214285714285714,-6.0,1,2,6,12,4,0.6666666666666666,18,18,0.4444444444444444,0.5,0.4666666666666667,102.94603493155286,6.699690916766704
P20_R5,20,5,0.3962264150943396,0.5660377358490566,0.0476190476190476,53,0.7254901960784313,-5.943396226415095,6,0.1132075471698113,11,0.2075471698113207,5,1,2,4,0.65,6,0.1666666666666666,0,0.3333333333333333,0.3636363636363636,0.5757575757575758,0.0,33,0.8709677419354839,-5.454545454545455,1,1,11,17,5,0.8333333333333334,16,16,0.375,0.5625,0.6,114.14807180265349,6.847346442641995
P20_R6,20,6,0.3962264150943396,0.5660377358490566,0.0476190476190476,53,0.7254901960784313,-5.943396226415095,6,0.1132075471698113,11,0.2075471698113207,5,1,2,4,0.65,6,0.1666666666666666,0,0.3333333333333333,0.3,0.6333333333333333,0.1111111111111111,30,0.8214285714285714,-4.5,1,2,6,12,4,0.6666666666666666,18,18,0.2777777777777778,0.6666666666666666,0.6,137.21840207254692,7.110805895308562
P20_R7,20,7,0.3962264150943396,0.5660377358490566,0.0476190476190476,53,0.7254901960784313,-5.943396226415095,6,0.1132075471698113,11,0.2075471698113207,5,1,2,4,0.65,6,0.1666666666666666,0,0.3333333333333333,0.3666666666666666,0.5666666666666667,0.2727272727272727,30,0.9285714285714286,-5.5,1,2,6,12,4,0.6666666666666666,18,18,0.3888888888888889,0.5555555555555556,0.4666666666666667,132.15572551638505,7.056970653595535
P20_R8,20,8,0.3962264150943396,0.5660377358490566,0.0476190476190476,53,0.7254901960784313,-5.943396226415095,6,0.1132075471698113,11,0.2075471698113207,5,1,2,4,0.65,6,0.1666666666666666,0,0.3333333333333333,0.3333333333333333,0.6060606060606061,-0.0909090909090909,33,0.935483870967742,-5.0,1,1,16,22,5,0.8333333333333334,11,11,0.1818181818181818,0.7272727272727273,0.6666666666666666,178.58537551529102,7.488526059171022
P20_R9,20,9,0.3962264150943396,0.5660377358490566,0.0476190476190476,53,0.7254901960784313,-5.943396226415095,6,0.1132075471698113,11,0.2075471698113207,5,1,2,4,0.65,6,0.1666666666666666,0,0.3333333333333333,0.4333333333333333,0.5,-0.0769230769230769,30,0.8214285714285714,-6.5,1,2,6,12,4,0.6666666666666666,18,18,0.5,0.4444444444444444,0.4,163.7608429023888,7.3642296018169215
P20_R10,20,10,0.3962264150943396,0.5660377358490566,0.0476190476190476,53,0.7254901960784313,-5.943396226415095,6,0.1132075471698113,11,0.2075471698113207,5,1,2,4,0.65,6,0.1666666666666666,0,0.3333333333333333,0.3636363636363636,0.5757575757575758,0.0,33,0.8709677419354839,-5.454545454545455,1,2,13,19,4,0.6666666666666666,14,14,0.3571428571428571,0.5714285714285714,0.5333333333333333,159.18176644381893,7.3235661242990995
P20_R11,20,11,0.3962264150943396,0.5660377358490566,0.0476190476190476,53,0.7254901960784313,-5.943396226415095,6,0.1132075471698113,11,0.2075471698113207,5,1,2,4,0.65,6,0.1666666666666666,0,0.3333333333333333,0.3333333333333333,0.6060606060606061,-0.0909090909090909,33,0.9032258064516128,-5.0,1,2,11,17,4,0.6666666666666666,16,16,0.375,0.5625,0.6,182.50622566606452,7.519685198811593
P20_R12,20,12,0.3962264150943396,0.5660377358490566,0.0476190476190476,53,0.7254901960784313,-5.943396226415095,6,0.1132075471698113,11,0.2075471698113207,5,1,2,4,0.65,6,0.1666666666666666,0,0.3333333333333333,0.3666666666666666,0.5666666666666667,0.2727272727272727,30,0.8214285714285714,-5.5,1,2,6,12,4,0.8333333333333334,18,18,0.3888888888888889,0.5555555555555556,0.6,198.06147471389153,7.637070226417165
P20_R13,20,13,0.3962264150943396,0.5660377358490566,0.0476190476190476,53,0.7254901960784313,-5.943396226415095,6,0.1132075471698113,11,0.2075471698113207,5,1,2,4,0.65,6,0.1666666666666666,0,0.3333333333333333,0.3333333333333333,0.6,0.0,30,0.7857142857142857,-5.0,1,2,6,12,4,0.6666666666666666,18,18,0.3333333333333333,0.6111111111111112,0.5333333333333333,212.96986659418152,7.741263825764828
P20_R14,20,14,0.3962264150943396,0.5660377358490566,0.0476190476190476,53,0.7254901960784313,-5.943396226415095,6,0.1132075471698113,11,0.2075471698113207,5,1,2,4,0.65,6,0.1666666666666666,0,0.3333333333333333,0.3055555555555556,0.6388888888888888,0.0909090909090909,36,0.7941176470588235,-4.583333333333334,1,2,16,22,4,1.0,14,14,0.4285714285714285,0.5,0.4666666666666667,173.8125448384317,7.449664908519379
P20_R15,20,15,0.3962264150943396,0.5660377358490566,0.0476190476190476,53,0.7254901960784313,-5.943396226415095,6,0.1132075471698113,11,0.2075471698113207,5,1,2,4,0.65,6,0.1666666666666666,0,0.3333333333333333,0.3333333333333333,0.6060606060606061,0.0909090909090909,33,0.8064516129032258,-5.0,1,2,15,21,4,0.6666666666666666,12,12,0.25,0.6666666666666666,0.6,187.86286688131753,7.561195265072657
P20_R16,20,16,0.3962264150943396,0.5660377358490566,0.0476190476190476,53,0.7254901960784313,-5.943396226415095,6,0.1132075471698113,11,0.2075471698113207,5,1,2,4,0.65,6,0.1666666666666666,0,0.3333333333333333,0.4,0.5333333333333333,0.1666666666666666,30,0.8214285714285714,-6.0,1,2,6,12,4,0.6666666666666666,18,18,0.4444444444444444,0.5,0.5333333333333333,285.4040906093999,8.161908288032448
P20_R17,20,17,0.3962264150943396,0.5660377358490566,0.0476190476190476,53,0.7254901960784313,-5.943396226415095,6,0.1132075471698113,11,0.2075471698113207,5,1,2,4,0.65,6,0.1666666666666666,0,0.3333333333333333,0.3939393939393939,0.5454545454545454,-0.0769230769230769,33,0.9032258064516128,-5.909090909090909,1,1,16,22,5,0.8333333333333334,11,11,0.2727272727272727,0.6363636363636364,0.5333333333333333,236.55579504425302,7.892122590712621
P20_R18,20,18,0.3962264150943396,0.5660377358490566,0.0476190476190476,53,0.7254901960784313,-5.943396226415095,6,0.1132075471698113,11,0.2075471698113207,5,1,2,4,0.65,6,0.1666666666666666,0,0.3333333333333333,0.3636363636363636,0.5757575757575758,-0.1666666666666666,33,0.935483870967742,-5.454545454545455,1,2,16,22,4,0.6666666666666666,11,11,0.2727272727272727,0.6363636363636364,0.6,208.20280117343412,7.7087583588163975
P20_R19,20,19,0.3962264150943396,0.5660377358490566,0.0476190476190476,53,0.7254901960784313,-5.943396226415095,6,0.1132075471698113,11,0.2075471698113207,5,1,2,4,0.65,6,0.1666666666666666,0,0.3333333333333333,0.4583333333333333,0.4583333333333333,-0.0909090909090909,24,0.8636363636363636,-6.875,1,2,7,13,4,0.6666666666666666,11,11,0.5454545454545454,0.3636363636363636,0.4666666666666667,282.3890286378577,8.146640095397819
P20_R20,20,20,0.3962264150943396,0.5660377358490566,0.0476190476190476,53,0.7254901960784313,-5.943396226415095,6,0.1132075471698113,11,0.2075471698113207,5,1,2,4,0.65,6,0.1666666666666666,0,0.3333333333333333,0.4333333333333333,0.5,0.2307692307692307,30,0.75,-6.5,1,2,6,12,4,0.8333333333333334,18,18,0.5,0.4444444444444444,0.4,323.55197160678676,8.342305710143123
P20_R21,20,21,0.3962264150943396,0.5660377358490566,0.0476190476190476,53,0.7254901960784313,-5.943396226415095,6,0.1132075471698113,11,0.2075471698113207,5,1,2,4,0.65,6,0.1666666666666666,0,0.3333333333333333,0.3666666666666666,0.5666666666666667,0.0909090909090909,30,0.8214285714285714,-5.5,1,2,6,12,4,0.6666666666666666,18,18,0.3888888888888889,0.5555555555555556,0.5333333333333333,253.54403685751132,7.991771458099436
P20_R22,20,22,0.3962264150943396,0.5660377358490566,0.0476190476190476,53,0.7254901960784313,-5.943396226415095,6,0.1132075471698113,11,0.2075471698113207,5,1,2,4,0.65,6,0.1666666666666666,0,0.3333333333333333,0.3529411764705882,0.5294117647058824,-0.6666666666666666,17,0.7333333333333333,-5.294117647058824,0,999,999,999,0,0.3333333333333333,999,999,0.0,0.0,0.6,332.40060074043095,8.381112893632528
P20_R23,20,23,0.3962264150943396,0.5660377358490566,0.0476190476190476,53,0.7254901960784313,-5.943396226415095,6,0.1132075471698113,11,0.2075471698113207,5,1,2,4,0.65,6,0.1666666666666666,0,0.3333333333333333,0.3055555555555556,0.6388888888888888,-0.2727272727272727,36,0.6176470588235294,-4.583333333333334,1,2,21,27,4,0.6666666666666666,9,9,0.2222222222222222,0.6666666666666666,0.4666666666666667,379.60124152735864,8.572136457488714
P20_R24,20,24,0.3962264150943396,0.5660377358490566,0.0476190476190476,53,0.7254901960784313,-5.943396226415095,6,0.1132075471698113,11,0.2075471698113207,5,1,2,4,0.65,6,0.1666666666666666,0,0.3333333333333333,0.2666666666666666,0.6666666666666666,0.25,30,0.7857142857142857,-4.0,1,2,6,12,4,0.6666666666666666,18,18,0.2222222222222222,0.7222222222222222,0.6666666666666666,365.7026799340453,8.51846699935697
P20_R25,20,25,0.3962264150943396,0.5660377358490566,0.0476190476190476,53,0.7254901960784313,-5.943396226415095,6,0.1132075471698113,11,0.2075471698113207,5,1,2,4,0.65,6,0.1666666666666666,0,0.3333333333333333,0.3666666666666666,0.5666666666666667,0.2727272727272727,30,0.8214285714285714,-5.5,1,2,6,12,4,0.6666666666666666,18,18,0.3888888888888889,0.5555555555555556,0.5333333333333333,386.4124026181187,8.597726330884798
P20_R26,20,26,0.3962264150943396,0.5660377358490566,0.0476190476190476,53,0.7254901960784313,-5.943396226415095,6,0.1132075471698113,11,0.2075471698113207,5,1,2,4,0.65,6,0.1666666666666666,0,0.3333333333333333,0.4,0.5333333333333333,0.3333333333333333,30,0.7857142857142857,-6.0,1,2,6,12,4,0.8333333333333334,18,18,0.4444444444444444,0.5,0.4666666666666667,306.42496329501523,8.264090508218096
P20_R27,20,27,0.3962264150943396,0.5660377358490566,0.0476190476190476,53,0.7254901960784313,-5.943396226415095,6,0.1132075471698113,11,0.2075471698113207,5,1,2,4,0.65,6,0.1666666666666666,0,0.3333333333333333,0.3333333333333333,0.6060606060606061,-0.0909090909090909,33,0.8387096774193549,-5.0,0,999,999,999,0,0.5,999,999,0.0,0.0,0.7333333333333333,457.9680836045778,8.84225002265922
P20_R28,20,28,0.3962264150943396,0.5660377358490566,0.0476190476190476,53,0.7254901960784313,-5.943396226415095,6,0.1132075471698113,11,0.2075471698113207,5,1,2,4,0.65,6,0.1666666666666666,0,0.3333333333333333,0.3939393939393939,0.5454545454545454,0.0769230769230769,33,0.8709677419354839,-5.909090909090909,1,2,11,17,4,0.6666666666666666,16,16,0.4375,0.5,0.5333333333333333,445.3943504726796,8.802174958436842
P20_R29,20,29,0.3962264150943396,0.5660377358490566,0.0476190476190476,53,0.7254901960784313,-5.943396226415095,6,0.1132075471698113,11,0.2075471698113207,5,1,2,4,0.65,6,0.1666666666666666,0,0.3333333333333333,0.3666666666666666,0.5666666666666667,0.0909090909090909,30,0.7857142857142857,-5.5,1,2,6,12,4,0.6666666666666666,18,18,0.3888888888888889,0.5555555555555556,0.6,459.6302576871126,8.847465371164704
P20_R30,20,30,0.3962264150943396,0.5660377358490566,0.0476190476190476,53,0.7254901960784313,-5.943396226415095,6,0.1132075471698113,11,0.2075471698113207,5,1,2,4,0.65,6,0.1666666666666666,0,0.3333333333333333,0.4,0.5333333333333333,0.0,30,0.8214285714285714,-6.0,1,2,6,12,4,0.6666666666666666,18,18,0.4444444444444444,0.5,0.5333333333333333,582.0884288985357,9.187570883250356
P20_R31,20,31,0.3962264150943396,0.5660377358490566,0.0476190476190476,53,0.7254901960784313,-5.943396226415095,6,0.1132075471698113,11,0.2075471698113207,5,1,2,4,0.65,6,0.1666666666666666,0,0.3333333333333333,0.4333333333333333,0.5,-0.0769230769230769,30,0.7857142857142857,-6.5,1,2,6,12,4,0.6666666666666666,18,18,0.5,0.4444444444444444,0.4666666666666667,795.6704669076271,9.637839284041153
P20_R32,20,32,0.3962264150943396,0.5660377358490566,0.0476190476190476,53,0.7254901960784313,-5.943396226415095,6,0.1132075471698113,11,0.2075471698113207,5,1,2,4,0.65,6,0.1666666666666666,0,0.3333333333333333,0.4,0.5333333333333333,0.1666666666666666,30,0.8571428571428571,-6.0,1,2,6,12,4,0.8333333333333334,18,18,0.4444444444444444,0.5,0.5333333333333333,970.1842086749076,9.923601153530988
P20_R33,20,33,0.3962264150943396,0.5660377358490566,0.0476190476190476,53,0.7254901960784313,-5.943396226415095,6,0.1132075471698113,11,0.2075471698113207,5,1,2,4,0.65,6,0.1666666666666666,0,0.3333333333333333,0.3636363636363636,0.5757575757575758,0.0,33,0.7419354838709677,-5.454545454545455,1,2,13,19,4,0.6666666666666666,14,14,0.2142857142857142,0.7142857142857143,0.6666666666666666,1129.2624104797278,10.142442043450819
P20_R34,20,34,0.3962264150943396,0.5660377358490566,0.0476190476190476,53,0.7254901960784313,-5.943396226415095,6,0.1132075471698113,11,0.2075471698113207,5,1,2,4,0.65,6,0.1666666666666666,0,0.3333333333333333,0.3666666666666666,0.5666666666666667,0.0909090909090909,30,0.8571428571428571,-5.5,1,2,6,12,4,0.6666666666666666,18,18,0.3888888888888889,0.5555555555555556,0.4666666666666667,984.3039515174012,9.944425032824029
P20_R35,20,35,0.3962264150943396,0.5660377358490566,0.0476190476190476,53,0.7254901960784313,-5.943396226415095,6,0.1132075471698113,11,0.2075471698113207,5,1,2,4,0.65,6,0.1666666666666666,0,0.3333333333333333,0.303030303030303,0.6363636363636364,0.0,33,0.8064516129032258,-4.545454545454546,1,2,16,22,4,0.6666666666666666,11,11,0.2727272727272727,0.6363636363636364,0.6,1063.4771732905153,10.055929297548895
P20_R36,20,36,0.3962264150943396,0.5660377358490566,0.0476190476190476,53,0.7254901960784313,-5.943396226415095,6,0.1132075471698113,11,0.2075471698113207,5,1,2,4,0.65,6,0.1666666666666666,0,0.3333333333333333,0.3636363636363636,0.5757575757575758,0.0,33,0.9032258064516128,-5.454545454545455,0,999,999,999,0,0.5,999,999,0.0,0.0,0.6,1213.9683636355057,10.246703032879653
P20_R37,20,37,0.3962264150943396,0.5660377358490566,0.0476190476190476,53,0.7254901960784313,-5.943396226415095,6,0.1132075471698113,11,0.2075471698113207,5,1,2,4,0.65,6,0.1666666666666666,0,0.3333333333333333,0.3333333333333333,0.6060606060606061,-0.0909090909090909,33,0.8064516129032258,-5.0,0,999,999,999,0,0.5,999,999,0.0,0.0,0.6,1389.7761585493954,10.441674525579574
P20_R38,20,38,0.3962264150943396,0.5660377358490566,0.0476190476190476,53,0.7254901960784313,-5.943396226415095,6,0.1132075471698113,11,0.2075471698113207,5,1,2,4,0.65,6,0.1666666666666666,0,0.3333333333333333,0.3636363636363636,0.5757575757575758,-0.1666666666666666,33,0.8064516129032258,-5.454545454545455,0,999,999,999,0,0.5,999,999,0.0,0.0,0.6666666666666666,1442.0564557098312,10.494912027165736
P20_R39,20,39,0.3962264150943396,0.5660377358490566,0.0476190476190476,53,0.7254901960784313,-5.943396226415095,6,0.1132075471698113,11,0.2075471698113207,5,1,2,4,0.65,6,0.1666666666666666,0,0.3333333333333333,0.3939393939393939,0.5454545454545454,-0.0769230769230769,33,0.8709677419354839,-5.909090909090909,1,2,16,22,4,0.6666666666666666,11,11,0.1818181818181818,0.7272727272727273,0.6,1702.5672097152226,10.73434315091649
P20_R40,20,40,0.3962264150943396,0.5660377358490566,0.0476190476190476,53,0.7254901960784313,-5.943396226415095,6,0.1132075471698113,11,0.2075471698113207,5,1,2,4,0.65,6,0.1666666666666666,0,0.3333333333333333,0.3666666666666666,0.5666666666666667,0.2727272727272727,30,0.8571428571428571,-5.5,1,2,6,12,4,0.8333333333333334,18,18,0.3888888888888889,0.5555555555555556,0.6,1565.9774242760973,10.613768679456921
P20_R41,20,41,0.3962264150943396,0.5660377358490566,0.0476190476190476,53,0.7254901960784313,-5.943396226415095,6,0.1132075471698113,11,0.2075471698113207,5,1,2,4,0.65,6,0.1666666666666666,0,0.3333333333333333,0.4,0.5333333333333333,0.1666666666666666,30,0.7857142857142857,-6.0,1,2,6,12,4,0.6666666666666666,18,18,0.4444444444444444,0.5,0.5333333333333333,1602.921375061019,10.647387706635874
P20_R42,20,42,0.3962264150943396,0.5660377358490566,0.0476190476190476,53,0.7254901960784313,-5.943396226415095,6,0.1132075471698113,11,0.2075471698113207,5,1,2,4,0.65,6,0.1666666666666666,0,0.3333333333333333,0.3333333333333333,0.6060606060606061,0.0909090909090909,33,0.8709677419354839,-5.0,0,999,999,999,0,0.5,999,999,0.0,0.0,0.6,1870.597006819227,10.870054111222196
P20_R43,20,43,0.3962264150943396,0.5660377358490566,0.0476190476190476,53,0.7254901960784313,-5.943396226415095,6,0.1132075471698113,11,0.2075471698113207,5,1,2,4,0.65,6,0.1666666666666666,0,0.3333333333333333,0.4,0.5333333333333333,0.1666666666666666,30,0.8571428571428571,-6.0,1,2,6,12,4,0.6666666666666666,18,18,0.4444444444444444,0.5,0.5333333333333333,4569.0415312218065,12.157991560802213
P20_R44,20,44,0.3962264150943396,0.5660377358490566,0.0476190476190476,53,0.7254901960784313,-5.943396226415095,6,0.1132075471698113,11,0.2075471698113207,5,1,2,4,0.65,6,0.1666666666666666,0,0.3333333333333333,0.3333333333333333,0.6,0.2,30,0.8214285714285714,-5.0,1,2,6,12,4,0.6666666666666666,18,18,0.3333333333333333,0.6111111111111112,0.5333333333333333,6675.222265896579,12.7048162706042
P20_R45,20,45,0.3962264150943396,0.5660377358490566,0.0476190476190476,53,0.7254901960784313,-5.943396226415095,6,0.1132075471698113,11,0.2075471698113207,5,1,2,4,0.65,6,0.1666666666666666,0,0.3333333333333333,0.3666666666666666,0.5666666666666667,0.0909090909090909,30,0.75,-5.5,1,2,6,12,4,0.6666666666666666,18,18,0.3888888888888889,0.5555555555555556,0.5333333333333333,7237.934228784198,12.82156159301621
P20_R46,20,46,0.3962264150943396,0.5660377358490566,0.0476190476190476,53,0.7254901960784313,-5.943396226415095,6,0.1132075471698113,11,0.2075471698113207,5,1,2,4,0.65,6,0.1666666666666666,0,0.3333333333333333,0.3939393939393939,0.5454545454545454,0.0769230769230769,33,0.9032258064516128,-5.909090909090909,0,999,999,999,0,0.5,999,999,0.0,0.0,0.6,8888.798397956045,13.117934986780467
P20_R47,20,47,0.3962264150943396,0.5660377358490566,0.0476190476190476,53,0.7254901960784313,-5.943396226415095,6,0.1132075471698113,11,0.2075471698113207,5,1,2,4,0.65,6,0.1666666666666666,0,0.3333333333333333,0.3939393939393939,0.5454545454545454,0.0769230769230769,33,0.935483870967742,-5.909090909090909,1,2,16,22,4,0.6666666666666666,11,11,0.2727272727272727,0.6363636363636364,0.6,10098.886260077063,13.30205142570011
P21_R0,21,0,0.4807692307692308,0.4807692307692308,-0.04,52,0.76,-7.211538461538462,9,0.173076923076923,6,0.1153846153846153,5,1,3,3,0.65,6,0.5,0,0.6666666666666666,0.3333333333333333,0.6,0.2,30,0.8214285714285714,-5.0,1,2,6,12,4,0.6666666666666666,18,18,0.3333333333333333,0.6111111111111112,0.6,35.3334954893333,5.183228262802604
P21_R1,21,1,0.4807692307692308,0.4807692307692308,-0.04,52,0.76,-7.211538461538462,9,0.173076923076923,6,0.1153846153846153,5,1,3,3,0.65,6,0.5,0,0.6666666666666666,0.3333333333333333,0.6,0.0,30,0.8214285714285714,-5.0,1,2,6,12,4,0.6666666666666666,18,18,0.3333333333333333,0.6111111111111112,0.6,43.545731419471906,5.477215287464936
P21_R2,21,2,0.4807692307692308,0.4807692307692308,-0.04,52,0.76,-7.211538461538462,9,0.173076923076923,6,0.1153846153846153,5,1,3,3,0.65,6,0.5,0,0.6666666666666666,0.3636363636363636,0.5757575757575758,0.0,33,0.8709677419354839,-5.454545454545455,1,2,16,22,4,0.6666666666666666,11,11,0.2727272727272727,0.6363636363636364,0.6,40.19203109697822,5.3642933592652815
P21_R3,21,3,0.4807692307692308,0.4807692307692308,-0.04,52,0.76,-7.211538461538462,9,0.173076923076923,6,0.1153846153846153,5,1,3,3,0.65,6,0.5,0,0.6666666666666666,0.4,0.5333333333333333,0.1666666666666666,30,0.8928571428571429,-6.0,1,2,6,12,4,0.8333333333333334,18,18,0.4444444444444444,0.5,0.5333333333333333,101.69738664571378,6.682255659442131
P21_R4,21,4,0.4807692307692308,0.4807692307692308,-0.04,52,0.76,-7.211538461538462,9,0.173076923076923,6,0.1153846153846153,5,1,3,3,0.65,6,0.5,0,0.6666666666666666,0.4,0.5333333333333333,0.1666666666666666,30,0.8214285714285714,-6.0,1,2,6,12,4,0.6666666666666666,18,18,0.4444444444444444,0.5,0.4666666666666667,99.07198492473248,6.644894339103335
P21_R5,21,5,0.4807692307692308,0.4807692307692308,-0.04,52,0.76,-7.211538461538462,9,0.173076923076923,6,0.1153846153846153,5,1,3,3,0.65,6,0.5,0,0.6666666666666666,0.3636363636363636,0.5757575757575758,0.0,33,0.8709677419354839,-5.454545454545455,1,1,11,17,5,0.8333333333333334,16,16,0.375,0.5625,0.6,112.77056051650312,6.82998348123762
P21_R6,21,6,0.4807692307692308,0.4807692307692308,-0.04,52,0.76,-7.211538461538462,9,0.173076923076923,6,0.1153846153846153,5,1,3,3,0.65,6,0.5,0,0.6666666666666666,0.3,0.6333333333333333,0.1111111111111111,30,0.8214285714285714,-4.5,1,2,6,12,4,0.6666666666666666,18,18,0.2777777777777778,0.6666666666666666,0.6,125.78875793997302,6.986283020557461
P21_R7,21,7,0.4807692307692308,0.4807692307692308,-0.04,52,0.76,-7.211538461538462,9,0.173076923076923,6,0.1153846153846153,5,1,3,3,0.65,6,0.5,0,0.6666666666666666,0.3666666666666666,0.5666666666666667,0.2727272727272727,30,0.9285714285714286,-5.5,1,2,6,12,4,0.6666666666666666,18,18,0.3888888888888889,0.5555555555555556,0.4666666666666667,130.78632639207174,7.042056879773936
P21_R8,21,8,0.4807692307692308,0.4807692307692308,-0.04,52,0.76,-7.211538461538462,9,0.173076923076923,6,0.1153846153846153,5,1,3,3,0.65,6,0.5,0,0.6666666666666666,0.3333333333333333,0.6060606060606061,-0.0909090909090909,33,0.935483870967742,-5.0,1,1,16,22,5,0.8333333333333334,11,11,0.1818181818181818,0.7272727272727273,0.6666666666666666,161.68516276311558,7.345938869892954
P21_R9,21,9,0.4807692307692308,0.4807692307692308,-0.04,52,0.76,-7.211538461538462,9,0.173076923076923,6,0.1153846153846153,5,1,3,3,0.65,6,0.5,0,0.6666666666666666,0.4333333333333333,0.5,-0.0769230769230769,30,0.8214285714285714,-6.5,1,2,6,12,4,0.6666666666666666,18,18,0.5,0.4444444444444444,0.4,161.34575692756863,7.3429258685807435
P21_R10,21,10,0.4807692307692308,0.4807692307692308,-0.04,52,0.76,-7.211538461538462,9,0.173076923076923,6,0.1153846153846153,5,1,3,3,0.65,6,0.5,0,0.6666666666666666,0.3636363636363636,0.5757575757575758,0.0,33,0.8709677419354839,-5.454545454545455,1,2,13,19,4,0.6666666666666666,14,14,0.3571428571428571,0.5714285714285714,0.5333333333333333,162.93530023918072,7.3569827336355225
P21_R11,21,11,0.4807692307692308,0.4807692307692308,-0.04,52,0.76,-7.211538461538462,9,0.173076923076923,6,0.1153846153846153,5,1,3,3,0.65,6,0.5,0,0.6666666666666666,0.3333333333333333,0.6060606060606061,-0.0909090909090909,33,0.9032258064516128,-5.0,1,2,11,17,4,0.6666666666666666,16,16,0.375,0.5625,0.6,209.99395810333115,7.721057877147174
P21_R12,21,12,0.4807692307692308,0.4807692307692308,-0.04,52,0.76,-7.211538461538462,9,0.173076923076923,6,0.1153846153846153,5,1,3,3,0.65,6,0.5,0,0.6666666666666666,0.3666666666666666,0.5666666666666667,0.2727272727272727,30,0.8214285714285714,-5.5,1,2,6,12,4,0.8333333333333334,18,18,0.3888888888888889,0.5555555555555556,0.6,207.99256867706444,7.707307833883015
P21_R13,21,13,0.4807692307692308,0.4807692307692308,-0.04,52,0.76,-7.211538461538462,9,0.173076923076923,6,0.1153846153846153,5,1,3,3,0.65,6,0.5,0,0.6666666666666666,0.3333333333333333,0.6,0.0,30,0.7857142857142857,-5.0,1,2,6,12,4,0.6666666666666666,18,18,0.3333333333333333,0.6111111111111112,0.5333333333333333,210.07143178319237,7.721587514960028
P21_R14,21,14,0.4807692307692308,0.4807692307692308,-0.04,52,0.76,-7.211538461538462,9,0.173076923076923,6,0.1153846153846153,5,1,3,3,0.65,6,0.5,0,0.6666666666666666,0.3055555555555556,0.6388888888888888,0.0909090909090909,36,0.7941176470588235,-4.583333333333334,1,2,16,22,4,1.0,14,14,0.4285714285714285,0.5,0.4666666666666667,221.58812859941818,7.79823284055228
P21_R15,21,15,0.4807692307692308,0.4807692307692308,-0.04,52,0.76,-7.211538461538462,9,0.173076923076923,6,0.1153846153846153,5,1,3,3,0.65,6,0.5,0,0.6666666666666666,0.3333333333333333,0.6060606060606061,0.0909090909090909,33,0.8064516129032258,-5.0,1,2,15,21,4,0.6666666666666666,12,12,0.25,0.6666666666666666,0.6,248.58441835762343,7.963384058831159
P21_R16,21,16,0.4807692307692308,0.4807692307692308,-0.04,52,0.76,-7.211538461538462,9,0.173076923076923,6,0.1153846153846153,5,1,3,3,0.65,6,0.5,0,0.6666666666666666,0.4,0.5333333333333333,0.1666666666666666,30,0.8214285714285714,-6.0,1,2,6,12,4,0.6666666666666666,18,18,0.4444444444444444,0.5,0.5333333333333333,181.8938078674023,7.514862421175103
P21_R17,21,17,0.4807692307692308,0.4807692307692308,-0.04,52,0.76,-7.211538461538462,9,0.173076923076923,6,0.1153846153846153,5,1,3,3,0.65,6,0.5,0,0.6666666666666666,0.3939393939393939,0.5454545454545454,-0.0769230769230769,33,0.9032258064516128,-5.909090909090909,1,1,16,22,5,0.8333333333333334,11,11,0.2727272727272727,0.6363636363636364,0.5333333333333333,245.86455188922503,7.947575879697344
P21_R18,21,18,0.4807692307692308,0.4807692307692308,-0.04,52,0.76,-7.211538461538462,9,0.173076923076923,6,0.1153846153846153,5,1,3,3,0.65,6,0.5,0,0.6666666666666666,0.3636363636363636,0.5757575757575758,-0.1666666666666666,33,0.935483870967742,-5.454545454545455,1,2,16,22,4,0.6666666666666666,11,11,0.2727272727272727,0.6363636363636364,0.6,191.60180838390139,7.589477438824417
P21_R19,21,19,0.4807692307692308,0.4807692307692308,-0.04,52,0.76,-7.211538461538462,9,0.173076923076923,6,0.1153846153846153,5,1,3,3,0.65,6,0.5,0,0.6666666666666666,0.4583333333333333,0.4583333333333333,-0.0909090909090909,24,0.8636363636363636,-6.875,1,2,7,13,4,0.6666666666666666,11,11,0.5454545454545454,0.3636363636363636,0.4666666666666667,274.11140910371955,8.103872160457747
P21_R20,21,20,0.4807692307692308,0.4807692307692308,-0.04,52,0.76,-7.211538461538462,9,0.173076923076923,6,0.1153846153846153,5,1,3,3,0.65,6,0.5,0,0.6666666666666666,0.4333333333333333,0.5,0.2307692307692307,30,0.75,-6.5,1,2,6,12,4,0.8333333333333334,18,18,0.5,0.4444444444444444,0.4,311.2421503455637,8.286521493233655
P21_R21,21,21,0.4807692307692308,0.4807692307692308,-0.04,52,0.76,-7.211538461538462,9,0.173076923076923,6,0.1153846153846153,5,1,3,3,0.65,6,0.5,0,0.6666666666666666,0.3666666666666666,0.5666666666666667,0.0909090909090909,30,0.8214285714285714,-5.5,1,2,6,12,4,0.6666666666666666,18,18,0.3888888888888889,0.5555555555555556,0.5333333333333333,385.05513908575057,8.5926631077459
P21_R22,21,22,0.4807692307692308,0.4807692307692308,-0.04,52,0.76,-7.211538461538462,9,0.173076923076923,6,0.1153846153846153,5,1,3,3,0.65,6,0.5,0,0.6666666666666666,0.3529411764705882,0.5294117647058824,-0.6666666666666666,17,0.7333333333333333,-5.294117647058824,0,999,999,999,0,0.3333333333333333,999,999,0.0,0.0,0.6,396.0243348951615,8.633083627260369
P21_R23,21,23,0.4807692307692308,0.4807692307692308,-0.04,52,0.76,-7.211538461538462,9,0.173076923076923,6,0.1153846153846153,5,1,3,3,0.65,6,0.5,0,0.6666666666666666,0.3055555555555556,0.6388888888888888,-0.2727272727272727,36,0.6176470588235294,-4.583333333333334,1,2,21,27,4,0.6666666666666666,9,9,0.2222222222222222,0.6666666666666666,0.4666666666666667,361.6265393322799,8.5023407043823
P21_R24,21,24,0.4807692307692308,0.4807692307692308,-0.04,52,0.76,-7.211538461538462,9,0.173076923076923,6,0.1153846153846153,5,1,3,3,0.65,6,0.5,0,0.6666666666666666,0.2666666666666666,0.6666666666666666,0.25,30,0.7857142857142857,-4.0,1,2,6,12,4,0.6666666666666666,18,18,0.2222222222222222,0.7222222222222222,0.6666666666666666,330.9675761293574,8.374898527606739
P21_R25,21,25,0.4807692307692308,0.4807692307692308,-0.04,52,0.76,-7.211538461538462,9,0.173076923076923,6,0.1153846153846153,5,1,3,3,0.65,6,0.5,0,0.6666666666666666,0.3666666666666666,0.5666666666666667,0.2727272727272727,30,0.8214285714285714,-5.5,1,2,6,12,4,0.6666666666666666,18,18,0.3888888888888889,0.5555555555555556,0.5333333333333333,390.05744895404837,8.611236754424748
P21_R26,21,26,0.4807692307692308,0.4807692307692308,-0.04,52,0.76,-7.211538461538462,9,0.173076923076923,6,0.1153846153846153,5,1,3,3,0.65,6,0.5,0,0.6666666666666666,0.4,0.5333333333333333,0.3333333333333333,30,0.7857142857142857,-6.0,1,2,6,12,4,0.8333333333333334,18,18,0.4444444444444444,0.5,0.4666666666666667,360.6245955835046,8.49834899451792
P21_R27,21,27,0.4807692307692308,0.4807692307692308,-0.04,52,0.76,-7.211538461538462,9,0.173076923076923,6,0.1153846153846153,5,1,3,3,0.65,6,0.5,0,0.6666666666666666,0.3333333333333333,0.6060606060606061,-0.0909090909090909,33,0.8387096774193549,-5.0,0,999,999,999,0,0.5,999,999,0.0,0.0,0.7333333333333333,449.5946789973054,8.815686466886623
P21_R28,21,28,0.4807692307692308,0.4807692307692308,-0.04,52,0.76,-7.211538461538462,9,0.173076923076923,6,0.1153846153846153,5,1,3,3,0.65,6,0.5,0,0.6666666666666666,0.3939393939393939,0.5454545454545454,0.0769230769230769,33,0.8709677419354839,-5.909090909090909,1,2,11,17,4,0.6666666666666666,16,16,0.4375,0.5,0.5333333333333333,557.6242627452084,9.125734425372574
P21_R29,21,29,0.4807692307692308,0.4807692307692308,-0.04,52,0.76,-7.211538461538462,9,0.173076923076923,6,0.1153846153846153,5,1,3,3,0.65,6,0.5,0,0.6666666666666666,0.3666666666666666,0.5666666666666667,0.0909090909090909,30,0.7857142857142857,-5.5,1,2,6,12,4,0.6666666666666666,18,18,0.3888888888888889,0.5555555555555556,0.6,468.99264678103333,8.87649437521282
P21_R30,21,30,0.4807692307692308,0.4807692307692308,-0.04,52,0.76,-7.211538461538462,9,0.173076923076923,6,0.1153846153846153,5,1,3,3,0.65,6,0.5,0,0.6666666666666666,0.4,0.5333333333333333,0.0,30,0.8214285714285714,-6.0,1,2,6,12,4,0.6666666666666666,18,18,0.4444444444444444,0.5,0.5333333333333333,594.8461017827126,9.21879594182842
P21_R31,21,31,0.4807692307692308,0.4807692307692308,-0.04,52,0.76,-7.211538461538462,9,0.173076923076923,6,0.1153846153846153,5,1,3,3,0.65,6,0.5,0,0.6666666666666666,0.4333333333333333,0.5,-0.0769230769230769,30,0.7857142857142857,-6.5,1,2,6,12,4,0.6666666666666666,18,18,0.5,0.4444444444444444,0.4666666666666667,728.010908149336,9.509796591453432
P21_R32,21,32,0.4807692307692308,0.4807692307692308,-0.04,52,0.76,-7.211538461538462,9,0.173076923076923,6,0.1153846153846153,5,1,3,3,0.65,6,0.5,0,0.6666666666666666,0.4,0.5333333333333333,0.1666666666666666,30,0.8571428571428571,-6.0,1,2,6,12,4,0.8333333333333334,18,18,0.4444444444444444,0.5,0.5333333333333333,662.8333279316332,9.374677251903629
P21_R33,21,33,0.4807692307692308,0.4807692307692308,-0.04,52,0.76,-7.211538461538462,9,0.173076923076923,6,0.1153846153846153,5,1,3,3,0.65,6,0.5,0,0.6666666666666666,0.3636363636363636,0.5757575757575758,0.0,33,0.7419354838709677,-5.454545454545455,1,2,13,19,4,0.6666666666666666,14,14,0.2142857142857142,0.7142857142857143,0.6666666666666666,1107.2057656584948,10.114010062740505
P21_R34,21,34,0.4807692307692308,0.4807692307692308,-0.04,52,0.76,-7.211538461538462,9,0.173076923076923,6,0.1153846153846153,5,1,3,3,0.65,6,0.5,0,0.6666666666666666,0.3666666666666666,0.5666666666666667,0.0909090909090909,30,0.8571428571428571,-5.5,1,2,6,12,4,0.6666666666666666,18,18,0.3888888888888889,0.5555555555555556,0.4666666666666667,1146.6405800624566,10.164455171840693
P21_R35,21,35,0.4807692307692308,0.4807692307692308,-0.04,52,0.76,-7.211538461538462,9,0.173076923076923,6,0.1153846153846153,5,1,3,3,0.65,6,0.5,0,0.6666666666666666,0.303030303030303,0.6363636363636364,0.0,33,0.8064516129032258,-4.545454545454546,1,2,16,22,4,0.6666666666666666,11,11,0.2727272727272727,0.6363636363636364,0.6,1056.8963479494428,10.046982564642462
P21_R36,21,36,0.4807692307692308,0.4807692307692308,-0.04,52,0.76,-7.211538461538462,9,0.173076923076923,6,0.1153846153846153,5,1,3,3,0.65,6,0.5,0,0.6666666666666666,0.3636363636363636,0.5757575757575758,0.0,33,0.9032258064516128,-5.454545454545455,0,999,999,999,0,0.5,999,999,0.0,0.0,0.6,995.9428251526369,9.961366957954867
P21_R37,21,37,0.4807692307692308,0.4807692307692308,-0.04,52,0.76,-7.211538461538462,9,0.173076923076923,6,0.1153846153846153,5,1,3,3,0.65,6,0.5,0,0.6666666666666666,0.3333333333333333,0.6060606060606061,-0.0909090909090909,33,0.8064516129032258,-5.0,0,999,999,999,0,0.5,999,999,0.0,0.0,0.6,1237.9997734313552,10.274960208323417
P21_R38,21,38,0.4807692307692308,0.4807692307692308,-0.04,52,0.76,-7.211538461538462,9,0.173076923076923,6,0.1153846153846153,5,1,3,3,0.65,6,0.5,0,0.6666666666666666,0.3636363636363636,0.5757575757575758,-0.1666666666666666,33,0.8064516129032258,-5.454545454545455,0,999,999,999,0,0.5,999,999,0.0,0.0,0.6666666666666666,1346.108804809482,10.395650665395221
P21_R39,21,39,0.4807692307692308,0.4807692307692308,-0.04,52,0.76,-7.211538461538462,9,0.173076923076923,6,0.1153846153846153,5,1,3,3,0.65,6,0.5,0,0.6666666666666666,0.3939393939393939,0.5454545454545454,-0.0769230769230769,33,0.8709677419354839,-5.909090909090909,1,2,16,22,4,0.6666666666666666,11,11,0.1818181818181818,0.7272727272727273,0.6,1684.3425747516594,10.718826158360912
P21_R40,21,40,0.4807692307692308,0.4807692307692308,-0.04,52,0.76,-7.211538461538462,9,0.173076923076923,6,0.1153846153846153,5,1,3,3,0.65,6,0.5,0,0.6666666666666666,0.3666666666666666,0.5666666666666667,0.2727272727272727,30,0.8571428571428571,-5.5,1,2,6,12,4,0.8333333333333334,18,18,0.3888888888888889,0.5555555555555556,0.6,1412.6546889727445,10.465214043178394
P21_R41,21,41,0.4807692307692308,0.4807692307692308,-0.04,52,0.76,-7.211538461538462,9,0.173076923076923,6,0.1153846153846153,5,1,3,3,0.65,6,0.5,0,0.6666666666666666,0.4,0.5333333333333333,0.1666666666666666,30,0.7857142857142857,-6.0,1,2,6,12,4,0.6666666666666666,18,18,0.4444444444444444,0.5,0.5333333333333333,1970.445365042443,10.945038014040348
P21_R42,21,42,0.4807692307692308,0.4807692307692308,-0.04,52,0.76,-7.211538461538462,9,0.173076923076923,6,0.1153846153846153,5,1,3,3,0.65,6,0.5,0,0.6666666666666666,0.3333333333333333,0.6060606060606061,0.0909090909090909,33,0.8709677419354839,-5.0,0,999,999,999,0,0.5,999,999,0.0,0.0,0.6,1705.0205351079233,10.736419296922078
P21_R43,21,43,0.4807692307692308,0.4807692307692308,-0.04,52,0.76,-7.211538461538462,9,0.173076923076923,6,0.1153846153846153,5,1,3,3,0.65,6,0.5,0,0.6666666666666666,0.4,0.5333333333333333,0.1666666666666666,30,0.8571428571428571,-6.0,1,2,6,12,4,0.6666666666666666,18,18,0.4444444444444444,0.5,0.5333333333333333,4157.934752484541,12.021998336079303
P21_R44,21,44,0.4807692307692308,0.4807692307692308,-0.04,52,0.76,-7.211538461538462,9,0.173076923076923,6,0.1153846153846153,5,1,3,3,0.65,6,0.5,0,0.6666666666666666,0.3333333333333333,0.6,0.2,30,0.8214285714285714,-5.0,1,2,6,12,4,0.6666666666666666,18,18,0.3333333333333333,0.6111111111111112,0.5333333333333333,6999.316915345039,12.773204521269285
P21_R45,21,45,0.4807692307692308,0.4807692307692308,-0.04,52,0.76,-7.211538461538462,9,0.173076923076923,6,0.1153846153846153,5,1,3,3,0.65,6,0.5,0,0.6666666666666666,0.3666666666666666,0.5666666666666667,0.0909090909090909,30,0.75,-5.5,1,2,6,12,4,0.6666666666666666,18,18,0.3888888888888889,0.5555555555555556,0.5333333333333333,10241.885696108904,13.322334598107187
P21_R46,21,46,0.4807692307692308,0.4807692307692308,-0.04,52,0.76,-7.211538461538462,9,0.173076923076923,6,0.1153846153846153,5,1,3,3,0.65,6,0.5,0,0.6666666666666666,0.3939393939393939,0.5454545454545454,0.0769230769230769,33,0.9032258064516128,-5.909090909090909,0,999,999,999,0,0.5,999,999,0.0,0.0,0.6,6746.976857992392,12.720239310611682
P21_R47,21,47,0.4807692307692308,0.4807692307692308,-0.04,52,0.76,-7.211538461538462,9,0.173076923076923,6,0.1153846153846153,5,1,3,3,0.65,6,0.5,0,0.6666666666666666,0.3939393939393939,0.5454545454545454,0.0769230769230769,33,0.935483870967742,-5.909090909090909,1,2,16,22,4,0.6666666666666666,11,11,0.2727272727272727,0.6363636363636364,0.6,13747.616177418573,13.746998795681682
P22_R0,22,0,0.4423076923076923,0.5192307692307693,-0.0434782608695652,52,0.78,-6.634615384615384,10,0.1923076923076923,10,0.1923076923076923,5,1,5,1,0.6,6,0.0,0,0.3333333333333333,0.3333333333333333,0.6,0.2,30,0.8214285714285714,-5.0,1,2,6,12,4,0.6666666666666666,18,18,0.3333333333333333,0.6111111111111112,0.6,33.12360205685189,5.092698039177495
P22_R1,22,1,0.4423076923076923,0.5192307692307693,-0.0434782608695652,52,0.78,-6.634615384615384,10,0.1923076923076923,10,0.1923076923076923,5,1,5,1,0.6,6,0.0,0,0.3333333333333333,0.3333333333333333,0.6,0.0,30,0.8214285714285714,-5.0,1,2,6,12,4,0.6666666666666666,18,18,0.3333333333333333,0.6111111111111112,0.6,44.92689571475148,5.521267367270811
P22_R2,22,2,0.4423076923076923,0.5192307692307693,-0.0434782608695652,52,0.78,-6.634615384615384,10,0.1923076923076923,10,0.1923076923076923,5,1,5,1,0.6,6,0.0,0,0.3333333333333333,0.3636363636363636,0.5757575757575758,0.0,33,0.8709677419354839,-5.454545454545455,1,2,16,22,4,0.6666666666666666,11,11,0.2727272727272727,0.6363636363636364,0.6,50.552805511116674,5.6879790362894855
P22_R3,22,3,0.4423076923076923,0.5192307692307693,-0.0434782608695652,52,0.78,-6.634615384615384,10,0.1923076923076923,10,0.1923076923076923,5,1,5,1,0.6,6,0.0,0,0.3333333333333333,0.4,0.5333333333333333,0.1666666666666666,30,0.8928571428571429,-6.0,1,2,6,12,4,0.8333333333333334,18,18,0.4444444444444444,0.5,0.5333333333333333,89.90382241798498,6.506269054516074
P22_R4,22,4,0.4423076923076923,0.5192307692307693,-0.0434782608695652,52,0.78,-6.634615384615384,10,0.1923076923076923,10,0.1923076923076923,5,1,5,1,0.6,6,0.0,0,0.3333333333333333,0.4,0.5333333333333333,0.1666666666666666,30,0.8214285714285714,-6.0,1,2,6,12,4,0.6666666666666666,18,18,0.4444444444444444,0.5,0.4666666666666667,107.1555161599965,6.756963437448424
P22_R5,22,5,0.4423076923076923,0.5192307692307693,-0.0434782608695652,52,0.78,-6.634615384615384,10,0.1923076923076923,10,0.1923076923076923,5,1,5,1,0.6,6,0.0,0,0.3333333333333333,0.3636363636363636,0.5757575757575758,0.0,33,0.8709677419354839,-5.454545454545455,1,1,11,17,5,0.8333333333333334,16,16,0.375,0.5625,0.6,184.58364006081075,7.535925726514832
P22_R6,22,6,0.4423076923076923,0.5192307692307693,-0.0434782608695652,52,0.78,-6.634615384615384,10,0.1923076923076923,10,0.1923076923076923,5,1,5,1,0.6,6,0.0,0,0.3333333333333333,0.3,0.6333333333333333,0.1111111111111111,30,0.8214285714285714,-4.5,1,2,6,12,4,0.6666666666666666,18,18,0.2777777777777778,0.6666666666666666,0.6,141.07129622688194,7.150471294854198
P22_R7,22,7,0.4423076923076923,0.5192307692307693,-0.0434782608695652,52,0.78,-6.634615384615384,10,0.1923076923076923,10,0.1923076923076923,5,1,5,1,0.6,6,0.0,0,0.3333333333333333,0.3666666666666666,0.5666666666666667,0.2727272727272727,30,0.9285714285714286,-5.5,1,2,6,12,4,0.6666666666666666,18,18,0.3888888888888889,0.5555555555555556,0.4666666666666667,185.47728176003142,7.542856069646374
P22_R8,22,8,0.4423076923076923,0.5192307692307693,-0.0434782608695652,52,0.78,-6.634615384615384,10,0.1923076923076923,10,0.1923076923076923,5,1,5,1,0.6,6,0.0,0,0.3333333333333333,0.3333333333333333,0.6060606060606061,-0.0909090909090909,33,0.935483870967742,-5.0,1,1,16,22,5,0.8333333333333334,11,11,0.1818181818181818,0.7272727272727273,0.6666666666666666,149.53724433480934,7.233976657288962
P22_R9,22,9,0.4423076923076923,0.5192307692307693,-0.0434782608695652,52,0.78,-6.634615384615384,10,0.1923076923076923,10,0.1923076923076923,5,1,5,1,0.6,6,0.0,0,0.3333333333333333,0.4333333333333333,0.5,-0.0769230769230769,30,0.8214285714285714,-6.5,1,2,6,12,4,0.6666666666666666,18,18,0.5,0.4444444444444444,0.4,171.05154926365535,7.426697072869261
P22_R10,22,10,0.4423076923076923,0.5192307692307693,-0.0434782608695652,52,0.78,-6.634615384615384,10,0.1923076923076923,10,0.1923076923076923,5,1,5,1,0.6,6,0.0,0,0.3333333333333333,0.3636363636363636,0.5757575757575758,0.0,33,0.8709677419354839,-5.454545454545455,1,2,13,19,4,0.6666666666666666,14,14,0.3571428571428571,0.5714285714285714,0.5333333333333333,149.82368244022896,7.236719169153895
P22_R11,22,11,0.4423076923076923,0.5192307692307693,-0.0434782608695652,52,0.78,-6.634615384615384,10,0.1923076923076923,10,0.1923076923076923,5,1,5,1,0.6,6,0.0,0,0.3333333333333333,0.3333333333333333,0.6060606060606061,-0.0909090909090909,33,0.9032258064516128,-5.0,1,2,11,17,4,0.6666666666666666,16,16,0.375,0.5625,0.6,210.34574289796015,7.723461242470582
P22_R12,22,12,0.4423076923076923,0.5192307692307693,-0.0434782608695652,52,0.78,-6.634615384615384,10,0.1923076923076923,10,0.1923076923076923,5,1,5,1,0.6,6,0.0,0,0.3333333333333333,0.3666666666666666,0.5666666666666667,0.2727272727272727,30,0.8214285714285714,-5.5,1,2,6,12,4,0.8333333333333334,18,18,0.3888888888888889,0.5555555555555556,0.6,252.05958045919354,7.983333283442958
P22_R13,22,13,0.4423076923076923,0.5192307692307693,-0.0434782608695652,52,0.78,-6.634615384615384,10,0.1923076923076923,10,0.1923076923076923,5,1,5,1,0.6,6,0.0,0,0.3333333333333333,0.3333333333333333,0.6,0.0,30,0.7857142857142857,-5.0,1,2,6,12,4,0.6666666666666666,18,18,0.3333333333333333,0.6111111111111112,0.5333333333333333,203.32639921747807,7.6747318038294825
P22_R14,22,14,0.4423076923076923,0.5192307692307693,-0.0434782608695652,52,0.78,-6.634615384615384,10,0.1923076923076923,10,0.1923076923076923,5,1,5,1,0.6,6,0.0,0,0.3333333333333333,0.3055555555555556,0.6388888888888888,0.0909090909090909,36,0.7941176470588235,-4.583333333333334,1,2,16,22,4,1.0,14,14,0.4285714285714285,0.5,0.4666666666666667,207.71954069120983,7.705421864247581
P22_R15,22,15,0.4423076923076923,0.5192307692307693,-0.0434782608695652,52,0.78,-6.634615384615384,10,0.1923076923076923,10,0.1923076923076923,5,1,5,1,0.6,6,0.0,0,0.3333333333333333,0.3333333333333333,0.6060606060606061,0.0909090909090909,33,0.8064516129032258,-5.0,1,2,15,21,4,0.6666666666666666,12,12,0.25,0.6666666666666666,0.6,196.8703330071972,7.628411512964597
P22_R16,22,16,0.4423076923076923,0.5192307692307693,-0.0434782608695652,52,0.78,-6.634615384615384,10,0.1923076923076923,10,0.1923076923076923,5,1,5,1,0.6,6,0.0,0,0.3333333333333333,0.4,0.5333333333333333,0.1666666666666666,30,0.8214285714285714,-6.0,1,2,6,12,4,0.6666666666666666,18,18,0.4444444444444444,0.5,0.5333333333333333,247.5463150008732,7.957370903518427
P22_R17,22,17,0.4423076923076923,0.5192307692307693,-0.0434782608695652,52,0.78,-6.634615384615384,10,0.1923076923076923,10,0.1923076923076923,5,1,5,1,0.6,6,0.0,0,0.3333333333333333,0.3939393939393939,0.5454545454545454,-0.0769230769230769,33,0.9032258064516128,-5.909090909090909,1,1,16,22,5,0.8333333333333334,11,11,0.2727272727272727,0.6363636363636364,0.5333333333333333,209.9570382762397,7.720805411566818
P22_R18,22,18,0.4423076923076923,0.5192307692307693,-0.0434782608695652,52,0.78,-6.634615384615384,10,0.1923076923076923,10,0.1923076923076923,5,1,5,1,0.6,6,0.0,0,0.3333333333333333,0.3636363636363636,0.5757575757575758,-0.1666666666666666,33,0.935483870967742,-5.454545454545455,1,2,16,22,4,0.6666666666666666,11,11,0.2727272727272727,0.6363636363636364,0.6,237.91052664866368,7.90032661162777
P22_R19,22,19,0.4423076923076923,0.5192307692307693,-0.0434782608695652,52,0.78,-6.634615384615384,10,0.1923076923076923,10,0.1923076923076923,5,1,5,1,0.6,6,0.0,0,0.3333333333333333,0.4583333333333333,0.4583333333333333,-0.0909090909090909,24,0.8636363636363636,-6.875,1,2,7,13,4,0.6666666666666666,11,11,0.5454545454545454,0.3636363636363636,0.4666666666666667,289.60533817413625,8.182917394075897
P22_R20,22,20,0.4423076923076923,0.5192307692307693,-0.0434782608695652,52,0.78,-6.634615384615384,10,0.1923076923076923,10,0.1923076923076923,5,1,5,1,0.6,6,0.0,0,0.3333333333333333,0.4333333333333333,0.5,0.2307692307692307,30,0.75,-6.5,1,2,6,12,4,0.8333333333333334,18,18,0.5,0.4444444444444444,0.4,389.74539875376564,8.610085074556393
P22_R21,22,21,0.4423076923076923,0.5192307692307693,-0.0434782608695652,52,0.78,-6.634615384615384,10,0.1923076923076923,10,0.1923076923076923,5,1,5,1,0.6,6,0.0,0,0.3333333333333333,0.3666666666666666,0.5666666666666667,0.0909090909090909,30,0.8214285714285714,-5.5,1,2,6,12,4,0.6666666666666666,18,18,0.3888888888888889,0.5555555555555556,0.5333333333333333,515.0756996401142,9.011438890084595
P22_R22,22,22,0.4423076923076923,0.5192307692307693,-0.0434782608695652,52,0.78,-6.634615384615384,10,0.1923076923076923,10,0.1923076923076923,5,1,5,1,0.6,6,0.0,0,0.3333333333333333,0.3529411764705882,0.5294117647058824,-0.6666666666666666,17,0.7333333333333333,-5.294117647058824,0,999,999,999,0,0.3333333333333333,999,999,0.0,0.0,0.6,311.59936885708635,8.288171055291858
P22_R23,22,23,0.4423076923076923,0.5192307692307693,-0.0434782608695652,52,0.78,-6.634615384615384,10,0.1923076923076923,10,0.1923076923076923,5,1,5,1,0.6,6,0.0,0,0.3333333333333333,0.3055555555555556,0.6388888888888888,-0.2727272727272727,36,0.6176470588235294,-4.583333333333334,1,2,21,27,4,0.6666666666666666,9,9,0.2222222222222222,0.6666666666666666,0.4666666666666667,446.69066717097473,8.806358433040764
P22_R24,22,24,0.4423076923076923,0.5192307692307693,-0.0434782608695652,52,0.78,-6.634615384615384,10,0.1923076923076923,10,0.1923076923076923,5,1,5,1,0.6,6,0.0,0,0.3333333333333333,0.2666666666666666,0.6666666666666666,0.25,30,0.7857142857142857,-4.0,1,2,6,12,4,0.6666666666666666,18,18,0.2222222222222222,0.7222222222222222,0.6666666666666666,379.93986719938323,8.573419470590297
P22_R25,22,25,0.4423076923076923,0.5192307692307693,-0.0434782608695652,52,0.78,-6.634615384615384,10,0.1923076923076923,10,0.1923076923076923,5,1,5,1,0.6,6,0.0,0,0.3333333333333333,0.3666666666666666,0.5666666666666667,0.2727272727272727,30,0.8214285714285714,-5.5,1,2,6,12,4,0.6666666666666666,18,18,0.3888888888888889,0.5555555555555556,0.5333333333333333,364.01980243199444,8.511830922522138
P22_R26,22,26,0.4423076923076923,0.5192307692307693,-0.0434782608695652,52,0.78,-6.634615384615384,10,0.1923076923076923,10,0.1923076923076923,5,1,5,1,0.6,6,0.0,0,0.3333333333333333,0.4,0.5333333333333333,0.3333333333333333,30,0.7857142857142857,-6.0,1,2,6,12,4,0.8333333333333334,18,18,0.4444444444444444,0.5,0.4666666666666667,427.64348874092207,8.743634418249309
P22_R27,22,27,0.4423076923076923,0.5192307692307693,-0.0434782608695652,52,0.78,-6.634615384615384,10,0.1923076923076923,10,0.1923076923076923,5,1,5,1,0.6,6,0.0,0,0.3333333333333333,0.3333333333333333,0.6060606060606061,-0.0909090909090909,33,0.8387096774193549,-5.0,0,999,999,999,0,0.5,999,999,0.0,0.0,0.7333333333333333,466.01526115930193,8.867325884975399
P22_R28,22,28,0.4423076923076923,0.5192307692307693,-0.0434782608695652,52,0.78,-6.634615384615384,10,0.1923076923076923,10,0.1923076923076923,5,1,5,1,0.6,6,0.0,0,0.3333333333333333,0.3939393939393939,0.5454545454545454,0.0769230769230769,33,0.8709677419354839,-5.909090909090909,1,2,11,17,4,0.6666666666666666,16,16,0.4375,0.5,0.5333333333333333,502.05005790489474,8.974558157793306
P22_R29,22,29,0.4423076923076923,0.5192307692307693,-0.0434782608695652,52,0.78,-6.634615384615384,10,0.1923076923076923,10,0.1923076923076923,5,1,5,1,0.6,6,0.0,0,0.3333333333333333,0.3666666666666666,0.5666666666666667,0.0909090909090909,30,0.7857142857142857,-5.5,1,2,6,12,4,0.6666666666666666,18,18,0.3888888888888889,0.5555555555555556,0.6,492.4428268913818,8.9467391252394
P22_R30,22,30,0.4423076923076923,0.5192307692307693,-0.0434782608695652,52,0.78,-6.634615384615384,10,0.1923076923076923,10,0.1923076923076923,5,1,5,1,0.6,6,0.0,0,0.3333333333333333,0.4,0.5333333333333333,0.0,30,0.8214285714285714,-6.0,1,2,6,12,4,0.6666666666666666,18,18,0.4444444444444444,0.5,0.5333333333333333,438.82909139317474,8.78079922057205
P22_R31,22,31,0.4423076923076923,0.5192307692307693,-0.0434782608695652,52,0.78,-6.634615384615384,10,0.1923076923076923,10,0.1923076923076923,5,1,5,1,0.6,6,0.0,0,0.3333333333333333,0.4333333333333333,0.5,-0.0769230769230769,30,0.7857142857142857,-6.5,1,2,6,12,4,0.6666666666666666,18,18,0.5,0.4444444444444444,0.4666666666666667,535.6803360394462,9.067919218526487
P22_R32,22,32,0.4423076923076923,0.5192307692307693,-0.0434782608695652,52,0.78,-6.634615384615384,10,0.1923076923076923,10,0.1923076923076923,5,1,5,1,0.6,6,0.0,0,0.3333333333333333,0.4,0.5333333333333333,0.1666666666666666,30,0.8571428571428571,-6.0,1,2,6,12,4,0.8333333333333334,18,18,0.4444444444444444,0.5,0.5333333333333333,866.1902926915426,9.760204797061348
P22_R33,22,33,0.4423076923076923,0.5192307692307693,-0.0434782608695652,52,0.78,-6.634615384615384,10,0.1923076923076923,10,0.1923076923076923,5,1,5,1,0.6,6,0.0,0,0.3333333333333333,0.3636363636363636,0.5757575757575758,0.0,33,0.7419354838709677,-5.454545454545455,1,2,13,19,4,0.6666666666666666,14,14,0.2142857142857142,0.7142857142857143,0.6666666666666666,942.3541964025156,9.881655743761634
P22_R34,22,34,0.4423076923076923,0.5192307692307693,-0.0434782608695652,52,0.78,-6.634615384615384,10,0.1923076923076923,10,0.1923076923076923,5,1,5,1,0.6,6,0.0,0,0.3333333333333333,0.3666666666666666,0.5666666666666667,0.0909090909090909,30,0.8571428571428571,-5.5,1,2,6,12,4,0.6666666666666666,18,18,0.3888888888888889,0.5555555555555556,0.4666666666666667,969.4888499502084,9.922567827531854
P22_R35,22,35,0.4423076923076923,0.5192307692307693,-0.0434782608695652,52,0.78,-6.634615384615384,10,0.1923076923076923,10,0.1923076923076923,5,1,5,1,0.6,6,0.0,0,0.3333333333333333,0.303030303030303,0.6363636363636364,0.0,33,0.8064516129032258,-4.545454545454546,1,2,16,22,4,0.6666666666666666,11,11,0.2727272727272727,0.6363636363636364,0.6,1070.0433370229946,10.06480114088774
P22_R36,22,36,0.4423076923076923,0.5192307692307693,-0.0434782608695652,52,0.78,-6.634615384615384,10,0.1923076923076923,10,0.1923076923076923,5,1,5,1,0.6,6,0.0,0,0.3333333333333333,0.3636363636363636,0.5757575757575758,0.0,33,0.9032258064516128,-5.454545454545455,0,999,999,999,0,0.5,999,999,0.0,0.0,0.6,1291.6215935106895,10.336084282110503
P22_R37,22,37,0.4423076923076923,0.5192307692307693,-0.0434782608695652,52,0.78,-6.634615384615384,10,0.1923076923076923,10,0.1923076923076923,5,1,5,1,0.6,6,0.0,0,0.3333333333333333,0.3333333333333333,0.6060606060606061,-0.0909090909090909,33,0.8064516129032258,-5.0,0,999,999,999,0,0.5,999,999,0.0,0.0,0.6,1485.584109342668,10.537785376362898
P22_R38,22,38,0.4423076923076923,0.5192307692307693,-0.0434782608695652,52,0.78,-6.634615384615384,10,0.1923076923076923,10,0.1923076923076923,5,1,5,1,0.6,6,0.0,0,0.3333333333333333,0.3636363636363636,0.5757575757575758,-0.1666666666666666,33,0.8064516129032258,-5.454545454545455,0,999,999,999,0,0.5,999,999,0.0,0.0,0.6666666666666666,1357.7579303435818,10.408072740178863
P22_R39,22,39,0.4423076923076923,0.5192307692307693,-0.0434782608695652,52,0.78,-6.634615384615384,10,0.1923076923076923,10,0.1923076923076923,5,1,5,1,0.6,6,0.0,0,0.3333333333333333,0.3939393939393939,0.5454545454545454,-0.0769230769230769,33,0.8709677419354839,-5.909090909090909,1,2,16,22,4,0.6666666666666666,11,11,0.1818181818181818,0.7272727272727273,0.6,1916.1263982330129,10.904729743260436
P22_R40,22,40,0.4423076923076923,0.5192307692307693,-0.0434782608695652,52,0.78,-6.634615384615384,10,0.1923076923076923,10,0.1923076923076923,5,1,5,1,0.6,6,0.0,0,0.3333333333333333,0.3666666666666666,0.5666666666666667,0.2727272727272727,30,0.8571428571428571,-5.5,1,2,6,12,4,0.8333333333333334,18,18,0.3888888888888889,0.5555555555555556,0.6,2121.382167328089,11.051468743585108
P22_R41,22,41,0.4423076923076923,0.5192307692307693,-0.0434782608695652,52,0.78,-6.634615384615384,10,0.1923076923076923,10,0.1923076923076923,5,1,5,1,0.6,6,0.0,0,0.3333333333333333,0.4,0.5333333333333333,0.1666666666666666,30,0.7857142857142857,-6.0,1,2,6,12,4,0.6666666666666666,18,18,0.4444444444444444,0.5,0.5333333333333333,2040.4937255072166,10.99540941813574
P22_R42,22,42,0.4423076923076923,0.5192307692307693,-0.0434782608695652,52,0.78,-6.634615384615384,10,0.1923076923076923,10,0.1923076923076923,5,1,5,1,0.6,6,0.0,0,0.3333333333333333,0.3333333333333333,0.6060606060606061,0.0909090909090909,33,0.8709677419354839,-5.0,0,999,999,999,0,0.5,999,999,0.0,0.0,0.6,2440.6528373240067,11.253642372180018
P22_R43,22,43,0.4423076923076923,0.5192307692307693,-0.0434782608695652,52,0.78,-6.634615384615384,10,0.1923076923076923,10,0.1923076923076923,5,1,5,1,0.6,6,0.0,0,0.3333333333333333,0.4,0.5333333333333333,0.1666666666666666,30,0.8571428571428571,-6.0,1,2,6,12,4,0.6666666666666666,18,18,0.4444444444444444,0.5,0.5333333333333333,5303.135946020508,12.372902037136756
P22_R44,22,44,0.4423076923076923,0.5192307692307693,-0.0434782608695652,52,0.78,-6.634615384615384,10,0.1923076923076923,10,0.1923076923076923,5,1,5,1,0.6,6,0.0,0,0.3333333333333333,0.3333333333333333,0.6,0.2,30,0.8214285714285714,-5.0,1,2,6,12,4,0.6666666666666666,18,18,0.3333333333333333,0.6111111111111112,0.5333333333333333,8375.039918576136,13.032052602550985
P22_R45,22,45,0.4423076923076923,0.5192307692307693,-0.0434782608695652,52,0.78,-6.634615384615384,10,0.1923076923076923,10,0.1923076923076923,5,1,5,1,0.6,6,0.0,0,0.3333333333333333,0.3666666666666666,0.5666666666666667,0.0909090909090909,30,0.75,-5.5,1,2,6,12,4,0.6666666666666666,18,18,0.3888888888888889,0.5555555555555556,0.5333333333333333,7990.1270160347885,12.964183270391437
P22_R46,22,46,0.4423076923076923,0.5192307692307693,-0.0434782608695652,52,0.78,-6.634615384615384,10,0.1923076923076923,10,0.1923076923076923,5,1,5,1,0.6,6,0.0,0,0.3333333333333333,0.3939393939393939,0.5454545454545454,0.0769230769230769,33,0.9032258064516128,-5.909090909090909,0,999,999,999,0,0.5,999,999,0.0,0.0,0.6,9316.802459716797,13.185774029853265
P22_R47,22,47,0.4423076923076923,0.5192307692307693,-0.0434782608695652,52,0.78,-6.634615384615384,10,0.1923076923076923,10,0.1923076923076923,5,1,5,1,0.6,6,0.0,0,0.3333333333333333,0.3939393939393939,0.5454545454545454,0.0769230769230769,33,0.935483870967742,-5.909090909090909,1,2,16,22,4,0.6666666666666666,11,11,0.2727272727272727,0.6363636363636364,0.6,12236.066857172611,13.578970174694597
P23_R0,23,0,0.4528301886792453,0.5094339622641509,-0.1666666666666666,53,0.7058823529411765,-6.79245283018868,8,0.1509433962264151,11,0.2075471698113207,5,1,2,4,0.6,6,0.1666666666666666,0,0.3333333333333333,0.3333333333333333,0.6,0.2,30,0.8214285714285714,-5.0,1,2,6,12,4,0.6666666666666666,18,18,0.3333333333333333,0.6111111111111112,0.6,27.869912477458257,4.851494828767861
P23_R1,23,1,0.4528301886792453,0.5094339622641509,-0.1666666666666666,53,0.7058823529411765,-6.79245283018868,8,0.1509433962264151,11,0.2075471698113207,5,1,2,4,0.6,6,0.1666666666666666,0,0.3333333333333333,0.3333333333333333,0.6,0.0,30,0.8214285714285714,-5.0,1,2,6,12,4,0.6666666666666666,18,18,0.3333333333333333,0.6111111111111112,0.6,47.60072289321636,5.602905867704058
P23_R2,23,2,0.4528301886792453,0.5094339622641509,-0.1666666666666666,53,0.7058823529411765,-6.79245283018868,8,0.1509433962264151,11,0.2075471698113207,5,1,2,4,0.6,6,0.1666666666666666,0,0.3333333333333333,0.3636363636363636,0.5757575757575758,0.0,33,0.8709677419354839,-5.454545454545455,1,2,16,22,4,0.6666666666666666,11,11,0.2727272727272727,0.6363636363636364,0.6,41.11087947933231,5.3961211011761705
P23_R3,23,3,0.4528301886792453,0.5094339622641509,-0.1666666666666666,53,0.7058823529411765,-6.79245283018868,8,0.1509433962264151,11,0.2075471698113207,5,1,2,4,0.6,6,0.1666666666666666,0,0.3333333333333333,0.4,0.5333333333333333,0.1666666666666666,30,0.8928571428571429,-6.0,1,2,6,12,4,0.8333333333333334,18,18,0.4444444444444444,0.5,0.5333333333333333,75.73346609213793,6.261784018574581
P23_R4,23,4,0.4528301886792453,0.5094339622641509,-0.1666666666666666,53,0.7058823529411765,-6.79245283018868,8,0.1509433962264151,11,0.2075471698113207,5,1,2,4,0.6,6,0.1666666666666666,0,0.3333333333333333,0.4,0.5333333333333333,0.1666666666666666,30,0.8214285714285714,-6.0,1,2,6,12,4,0.6666666666666666,18,18,0.4444444444444444,0.5,0.4666666666666667,135.2665613547668,7.090287770360797
P23_R5,23,5,0.4528301886792453,0.5094339622641509,-0.1666666666666666,53,0.7058823529411765,-6.79245283018868,8,0.1509433962264151,11,0.2075471698113207,5,1,2,4,0.6,6,0.1666666666666666,0,0.3333333333333333,0.3636363636363636,0.5757575757575758,0.0,33,0.8709677419354839,-5.454545454545455,1,1,11,17,5,0.8333333333333334,16,16,0.375,0.5625,0.6,170.7852338296952,7.424462221616517
P23_R6,23,6,0.4528301886792453,0.5094339622641509,-0.1666666666666666,53,0.7058823529411765,-6.79245283018868,8,0.1509433962264151,11,0.2075471698113207,5,1,2,4,0.6,6,0.1666666666666666,0,0.3333333333333333,0.3,0.6333333333333333,0.1111111111111111,30,0.8214285714285714,-4.5,1,2,6,12,4,0.6666666666666666,18,18,0.2777777777777778,0.6666666666666666,0.6,191.56447915009252,7.5891977949282206
P23_R7,23,7,0.4528301886792453,0.5094339622641509,-0.1666666666666666,53,0.7058823529411765,-6.79245283018868,8,0.1509433962264151,11,0.2075471698113207,5,1,2,4,0.6,6,0.1666666666666666,0,0.3333333333333333,0.3666666666666666,0.5666666666666667,0.2727272727272727,30,0.9285714285714286,-5.5,1,2,6,12,4,0.6666666666666666,18,18,0.3888888888888889,0.5555555555555556,0.4666666666666667,152.4329296752007,7.261464336114485
P23_R8,23,8,0.4528301886792453,0.5094339622641509,-0.1666666666666666,53,0.7058823529411765,-6.79245283018868,8,0.1509433962264151,11,0.2075471698113207,5,1,2,4,0.6,6,0.1666666666666666,0,0.3333333333333333,0.3333333333333333,0.6060606060606061,-0.0909090909090909,33,0.935483870967742,-5.0,1,1,16,22,5,0.8333333333333334,11,11,0.1818181818181818,0.7272727272727273,0.6666666666666666,140.57509959413807,7.145423734496342
P23_R9,23,9,0.4528301886792453,0.5094339622641509,-0.1666666666666666,53,0.7058823529411765,-6.79245283018868,8,0.1509433962264151,11,0.2075471698113207,5,1,2,4,0.6,6,0.1666666666666666,0,0.3333333333333333,0.4333333333333333,0.5,-0.0769230769230769,30,0.8214285714285714,-6.5,1,2,6,12,4,0.6666666666666666,18,18,0.5,0.4444444444444444,0.4,168.90151594622233,7.408554914800332
P23_R10,23,10,0.4528301886792453,0.5094339622641509,-0.1666666666666666,53,0.7058823529411765,-6.79245283018868,8,0.1509433962264151,11,0.2075471698113207,5,1,2,4,0.6,6,0.1666666666666666,0,0.3333333333333333,0.3636363636363636,0.5757575757575758,0.0,33,0.8709677419354839,-5.454545454545455,1,2,13,19,4,0.6666666666666666,14,14,0.3571428571428571,0.5714285714285714,0.5333333333333333,181.26079720900822,7.509860472741126
P23_R11,23,11,0.4528301886792453,0.5094339622641509,-0.1666666666666666,53,0.7058823529411765,-6.79245283018868,8,0.1509433962264151,11,0.2075471698113207,5,1,2,4,0.6,6,0.1666666666666666,0,0.3333333333333333,0.3333333333333333,0.6060606060606061,-0.0909090909090909,33,0.9032258064516128,-5.0,1,2,11,17,4,0.6666666666666666,16,16,0.375,0.5625,0.6,201.6888077982992,7.663122617110923
P23_R12,23,12,0.4528301886792453,0.5094339622641509,-0.1666666666666666,53,0.7058823529411765,-6.79245283018868,8,0.1509433962264151,11,0.2075471698113207,5,1,2,4,0.6,6,0.1666666666666666,0,0.3333333333333333,0.3666666666666666,0.5666666666666667,0.2727272727272727,30,0.8214285714285714,-5.5,1,2,6,12,4,0.8333333333333334,18,18,0.3888888888888889,0.5555555555555556,0.6,244.03881762314862,7.936866500457373
P23_R13,23,13,0.4528301886792453,0.5094339622641509,-0.1666666666666666,53,0.7058823529411765,-6.79245283018868,8,0.1509433962264151,11,0.2075471698113207,5,1,2,4,0.6,6,0.1666666666666666,0,0.3333333333333333,0.3333333333333333,0.6,0.0,30,0.7857142857142857,-5.0,1,2,6,12,4,0.6666666666666666,18,18,0.3333333333333333,0.6111111111111112,0.5333333333333333,197.6710058191745,7.634237529835509
P23_R14,23,14,0.4528301886792453,0.5094339622641509,-0.1666666666666666,53,0.7058823529411765,-6.79245283018868,8,0.1509433962264151,11,0.2075471698113207,5,1,2,4,0.6,6,0.1666666666666666,0,0.3333333333333333,0.3055555555555556,0.6388888888888888,0.0909090909090909,36,0.7941176470588235,-4.583333333333334,1,2,16,22,4,1.0,14,14,0.4285714285714285,0.5,0.4666666666666667,228.8130893079018,7.844317160699614
P23_R15,23,15,0.4528301886792453,0.5094339622641509,-0.1666666666666666,53,0.7058823529411765,-6.79245283018868,8,0.1509433962264151,11,0.2075471698113207,5,1,2,4,0.6,6,0.1666666666666666,0,0.3333333333333333,0.3333333333333333,0.6060606060606061,0.0909090909090909,33,0.8064516129032258,-5.0,1,2,15,21,4,0.6666666666666666,12,12,0.25,0.6666666666666666,0.6,203.53183072882499,7.67618157309372
P23_R16,23,16,0.4528301886792453,0.5094339622641509,-0.1666666666666666,53,0.7058823529411765,-6.79245283018868,8,0.1509433962264151,11,0.2075471698113207,5,1,2,4,0.6,6,0.1666666666666666,0,0.3333333333333333,0.4,0.5333333333333333,0.1666666666666666,30,0.8214285714285714,-6.0,1,2,6,12,4,0.6666666666666666,18,18,0.4444444444444444,0.5,0.5333333333333333,278.08249619799545,8.124547832486682
P23_R17,23,17,0.4528301886792453,0.5094339622641509,-0.1666666666666666,53,0.7058823529411765,-6.79245283018868,8,0.1509433962264151,11,0.2075471698113207,5,1,2,4,0.6,6,0.1666666666666666,0,0.3333333333333333,0.3939393939393939,0.5454545454545454,-0.0769230769230769,33,0.9032258064516128,-5.909090909090909,1,1,16,22,5,0.8333333333333334,11,11,0.2727272727272727,0.6363636363636364,0.5333333333333333,270.6068378576952,8.085375990488476
P23_R18,23,18,0.4528301886792453,0.5094339622641509,-0.1666666666666666,53,0.7058823529411765,-6.79245283018868,8,0.1509433962264151,11,0.2075471698113207,5,1,2,4,0.6,6,0.1666666666666666,0,0.3333333333333333,0.3636363636363636,0.5757575757575758,-0.1666666666666666,33,0.935483870967742,-5.454545454545455,1,2,16,22,4,0.6666666666666666,11,11,0.2727272727272727,0.6363636363636364,0.6,247.33235397661542,7.956128425034275
P23_R19,23,19,0.4528301886792453,0.5094339622641509,-0.1666666666666666,53,0.7058823529411765,-6.79245283018868,8,0.1509433962264151,11,0.2075471698113207,5,1,2,4,0.6,6,0.1666666666666666,0,0.3333333333333333,0.4583333333333333,0.4583333333333333,-0.0909090909090909,24,0.8636363636363636,-6.875,1,2,7,13,4,0.6666666666666666,11,11,0.5454545454545454,0.3636363636363636,0.4666666666666667,274.10340207827335,8.103830170690589
P23_R20,23,20,0.4528301886792453,0.5094339622641509,-0.1666666666666666,53,0.7058823529411765,-6.79245283018868,8,0.1509433962264151,11,0.2075471698113207,5,1,2,4,0.6,6,0.1666666666666666,0,0.3333333333333333,0.4333333333333333,0.5,0.2307692307692307,30,0.75,-6.5,1,2,6,12,4,0.8333333333333334,18,18,0.5,0.4444444444444444,0.4,315.5742495575138,8.306400099872233
P23_R21,23,21,0.4528301886792453,0.5094339622641509,-0.1666666666666666,53,0.7058823529411765,-6.79245283018868,8,0.1509433962264151,11,0.2075471698113207,5,1,2,4,0.6,6,0.1666666666666666,0,0.3333333333333333,0.3666666666666666,0.5666666666666667,0.0909090909090909,30,0.8214285714285714,-5.5,1,2,6,12,4,0.6666666666666666,18,18,0.3888888888888889,0.5555555555555556,0.5333333333333333,329.24021261994994,8.367371994505266
P23_R22,23,22,0.4528301886792453,0.5094339622641509,-0.1666666666666666,53,0.7058823529411765,-6.79245283018868,8,0.1509433962264151,11,0.2075471698113207,5,1,2,4,0.6,6,0.1666666666666666,0,0.3333333333333333,0.3529411764705882,0.5294117647058824,-0.6666666666666666,17,0.7333333333333333,-5.294117647058824,0,999,999,999,0,0.3333333333333333,999,999,0.0,0.0,0.6,450.2422947457066,8.817758487033112
P23_R23,23,23,0.4528301886792453,0.5094339622641509,-0.1666666666666666,53,0.7058823529411765,-6.79245283018868,8,0.1509433962264151,11,0.2075471698113207,5,1,2,4,0.6,6,0.1666666666666666,0,0.3333333333333333,0.3055555555555556,0.6388888888888888,-0.2727272727272727,36,0.6176470588235294,-4.583333333333334,1,2,21,27,4,0.6666666666666666,9,9,0.2222222222222222,0.6666666666666666,0.4666666666666667,360.02844581731125,8.49596870285057
P23_R24,23,24,0.4528301886792453,0.5094339622641509,-0.1666666666666666,53,0.7058823529411765,-6.79245283018868,8,0.1509433962264151,11,0.2075471698113207,5,1,2,4,0.6,6,0.1666666666666666,0,0.3333333333333333,0.2666666666666666,0.6666666666666666,0.25,30,0.7857142857142857,-4.0,1,2,6,12,4,0.6666666666666666,18,18,0.2222222222222222,0.7222222222222222,0.6666666666666666,358.2547553404302,8.488863443077102
P23_R25,23,25,0.4528301886792453,0.5094339622641509,-0.1666666666666666,53,0.7058823529411765,-6.79245283018868,8,0.1509433962264151,11,0.2075471698113207,5,1,2,4,0.6,6,0.1666666666666666,0,0.3333333333333333,0.3666666666666666,0.5666666666666667,0.2727272727272727,30,0.8214285714285714,-5.5,1,2,6,12,4,0.6666666666666666,18,18,0.3888888888888889,0.5555555555555556,0.5333333333333333,275.7946052610761,8.112672014834127
P23_R26,23,26,0.4528301886792453,0.5094339622641509,-0.1666666666666666,53,0.7058823529411765,-6.79245283018868,8,0.1509433962264151,11,0.2075471698113207,5,1,2,4,0.6,6,0.1666666666666666,0,0.3333333333333333,0.4,0.5333333333333333,0.3333333333333333,30,0.7857142857142857,-6.0,1,2,6,12,4,0.8333333333333334,18,18,0.4444444444444444,0.5,0.4666666666666667,355.5437261542946,8.477935207923696
P23_R27,23,27,0.4528301886792453,0.5094339622641509,-0.1666666666666666,53,0.7058823529411765,-6.79245283018868,8,0.1509433962264151,11,0.2075471698113207,5,1,2,4,0.6,6,0.1666666666666666,0,0.3333333333333333,0.3333333333333333,0.6060606060606061,-0.0909090909090909,33,0.8387096774193549,-5.0,0,999,999,999,0,0.5,999,999,0.0,0.0,0.7333333333333333,450.2705073765022,8.817848684584785
P23_R28,23,28,0.4528301886792453,0.5094339622641509,-0.1666666666666666,53,0.7058823529411765,-6.79245283018868,8,0.1509433962264151,11,0.2075471698113207,5,1,2,4,0.6,6,0.1666666666666666,0,0.3333333333333333,0.3939393939393939,0.5454545454545454,0.0769230769230769,33,0.8709677419354839,-5.909090909090909,1,2,11,17,4,0.6666666666666666,16,16,0.4375,0.5,0.5333333333333333,451.98147949271714,8.823308255520347
P23_R29,23,29,0.4528301886792453,0.5094339622641509,-0.1666666666666666,53,0.7058823529411765,-6.79245283018868,8,0.1509433962264151,11,0.2075471698113207,5,1,2,4,0.6,6,0.1666666666666666,0,0.3333333333333333,0.3666666666666666,0.5666666666666667,0.0909090909090909,30,0.7857142857142857,-5.5,1,2,6,12,4,0.6666666666666666,18,18,0.3888888888888889,0.5555555555555556,0.6,653.4481009176168,9.354134977793132
P23_R30,23,30,0.4528301886792453,0.5094339622641509,-0.1666666666666666,53,0.7058823529411765,-6.79245283018868,8,0.1509433962264151,11,0.2075471698113207,5,1,2,4,0.6,6,0.1666666666666666,0,0.3333333333333333,0.4,0.5333333333333333,0.0,30,0.8214285714285714,-6.0,1,2,6,12,4,0.6666666666666666,18,18,0.4444444444444444,0.5,0.5333333333333333,535.6411494182316,9.06781387386529
P23_R31,23,31,0.4528301886792453,0.5094339622641509,-0.1666666666666666,53,0.7058823529411765,-6.79245283018868,8,0.1509433962264151,11,0.2075471698113207,5,1,2,4,0.6,6,0.1666666666666666,0,0.3333333333333333,0.4333333333333333,0.5,-0.0769230769230769,30,0.7857142857142857,-6.5,1,2,6,12,4,0.6666666666666666,18,18,0.5,0.4444444444444444,0.4666666666666667,831.0804871785766,9.700579276839573
P23_R32,23,32,0.4528301886792453,0.5094339622641509,-0.1666666666666666,53,0.7058823529411765,-6.79245283018868,8,0.1509433962264151,11,0.2075471698113207,5,1,2,4,0.6,6,0.1666666666666666,0,0.3333333333333333,0.4,0.5333333333333333,0.1666666666666666,30,0.8571428571428571,-6.0,1,2,6,12,4,0.8333333333333334,18,18,0.4444444444444444,0.5,0.5333333333333333,804.1229799215989,9.653065356818095
P23_R33,23,33,0.4528301886792453,0.5094339622641509,-0.1666666666666666,53,0.7058823529411765,-6.79245283018868,8,0.1509433962264151,11,0.2075471698113207,5,1,2,4,0.6,6,0.1666666666666666,0,0.3333333333333333,0.3636363636363636,0.5757575757575758,0.0,33,0.7419354838709677,-5.454545454545455,1,2,13,19,4,0.6666666666666666,14,14,0.2142857142857142,0.7142857142857143,0.6666666666666666,1002.0959450253979,9.970243889408088
P23_R34,23,34,0.4528301886792453,0.5094339622641509,-0.1666666666666666,53,0.7058823529411765,-6.79245283018868,8,0.1509433962264151,11,0.2075471698113207,5,1,2,4,0.6,6,0.1666666666666666,0,0.3333333333333333,0.3666666666666666,0.5666666666666667,0.0909090909090909,30,0.8571428571428571,-5.5,1,2,6,12,4,0.6666666666666666,18,18,0.3888888888888889,0.5555555555555556,0.4666666666666667,1061.2911104191428,10.05296346135652
P23_R35,23,35,0.4528301886792453,0.5094339622641509,-0.1666666666666666,53,0.7058823529411765,-6.79245283018868,8,0.1509433962264151,11,0.2075471698113207,5,1,2,4,0.6,6,0.1666666666666666,0,0.3333333333333333,0.303030303030303,0.6363636363636364,0.0,33,0.8064516129032258,-4.545454545454546,1,2,16,22,4,0.6666666666666666,11,11,0.2727272727272727,0.6363636363636364,0.6,1084.7736810103017,10.084507703356314
P23_R36,23,36,0.4528301886792453,0.5094339622641509,-0.1666666666666666,53,0.7058823529411765,-6.79245283018868,8,0.1509433962264151,11,0.2075471698113207,5,1,2,4,0.6,6,0.1666666666666666,0,0.3333333333333333,0.3636363636363636,0.5757575757575758,0.0,33,0.9032258064516128,-5.454545454545455,0,999,999,999,0,0.5,999,999,0.0,0.0,0.6,1505.0957594632341,10.556597785953937
P23_R37,23,37,0.4528301886792453,0.5094339622641509,-0.1666666666666666,53,0.7058823529411765,-6.79245283018868,8,0.1509433962264151,11,0.2075471698113207,5,1,2,4,0.6,6,0.1666666666666666,0,0.3333333333333333,0.3333333333333333,0.6060606060606061,-0.0909090909090909,33,0.8064516129032258,-5.0,0,999,999,999,0,0.5,999,999,0.0,0.0,0.6,1035.8169790684751,10.01794553397847
P23_R38,23,38,0.4528301886792453,0.5094339622641509,-0.1666666666666666,53,0.7058823529411765,-6.79245283018868,8,0.1509433962264151,11,0.2075471698113207,5,1,2,4,0.6,6,0.1666666666666666,0,0.3333333333333333,0.3636363636363636,0.5757575757575758,-0.1666666666666666,33,0.8064516129032258,-5.454545454545455,0,999,999,999,0,0.5,999,999,0.0,0.0,0.6666666666666666,1125.6827838904676,10.137865668382595
P23_R39,23,39,0.4528301886792453,0.5094339622641509,-0.1666666666666666,53,0.7058823529411765,-6.79245283018868,8,0.1509433962264151,11,0.2075471698113207,5,1,2,4,0.6,6,0.1666666666666666,0,0.3333333333333333,0.3939393939393939,0.5454545454545454,-0.0769230769230769,33,0.8709677419354839,-5.909090909090909,1,2,16,22,4,0.6666666666666666,11,11,0.1818181818181818,0.7272727272727273,0.6,1490.7281803817334,10.542768959302318
P23_R40,23,40,0.4528301886792453,0.5094339622641509,-0.1666666666666666,53,0.7058823529411765,-6.79245283018868,8,0.1509433962264151,11,0.2075471698113207,5,1,2,4,0.6,6,0.1666666666666666,0,0.3333333333333333,0.3666666666666666,0.5666666666666667,0.2727272727272727,30,0.8571428571428571,-5.5,1,2,6,12,4,0.8333333333333334,18,18,0.3888888888888889,0.5555555555555556,0.6,1701.9043531549858,10.73378169025745
P23_R41,23,41,0.4528301886792453,0.5094339622641509,-0.1666666666666666,53,0.7058823529411765,-6.79245283018868,8,0.1509433962264151,11,0.2075471698113207,5,1,2,4,0.6,6,0.1666666666666666,0,0.3333333333333333,0.4,0.5333333333333333,0.1666666666666666,30,0.7857142857142857,-6.0,1,2,6,12,4,0.6666666666666666,18,18,0.4444444444444444,0.5,0.5333333333333333,2131.663368894521,11.058440545533374
P23_R42,23,42,0.4528301886792453,0.5094339622641509,-0.1666666666666666,53,0.7058823529411765,-6.79245283018868,8,0.1509433962264151,11,0.2075471698113207,5,1,2,4,0.6,6,0.1666666666666666,0,0.3333333333333333,0.3333333333333333,0.6060606060606061,0.0909090909090909,33,0.8709677419354839,-5.0,0,999,999,999,0,0.5,999,999,0.0,0.0,0.6,2296.893931857023,11.166096491037967
P23_R43,23,43,0.4528301886792453,0.5094339622641509,-0.1666666666666666,53,0.7058823529411765,-6.79245283018868,8,0.1509433962264151,11,0.2075471698113207,5,1,2,4,0.6,6,0.1666666666666666,0,0.3333333333333333,0.4,0.5333333333333333,0.1666666666666666,30,0.8571428571428571,-6.0,1,2,6,12,4,0.6666666666666666,18,18,0.4444444444444444,0.5,0.5333333333333333,4215.406719177263,12.041798322282101
P23_R44,23,44,0.4528301886792453,0.5094339622641509,-0.1666666666666666,53,0.7058823529411765,-6.79245283018868,8,0.1509433962264151,11,0.2075471698113207,5,1,2,4,0.6,6,0.1666666666666666,0,0.3333333333333333,0.3333333333333333,0.6,0.2,30,0.8214285714285714,-5.0,1,2,6,12,4,0.6666666666666666,18,18,0.3333333333333333,0.6111111111111112,0.5333333333333333,8355.968998907178,13.028764068697898
P23_R45,23,45,0.4528301886792453,0.5094339622641509,-0.1666666666666666,53,0.7058823529411765,-6.79245283018868,8,0.1509433962264151,11,0.2075471698113207,5,1,2,4,0.6,6,0.1666666666666666,0,0.3333333333333333,0.3666666666666666,0.5666666666666667,0.0909090909090909,30,0.75,-5.5,1,2,6,12,4,0.6666666666666666,18,18,0.3888888888888889,0.5555555555555556,0.5333333333333333,8627.887792998412,13.074958902127637
P23_R46,23,46,0.4528301886792453,0.5094339622641509,-0.1666666666666666,53,0.7058823529411765,-6.79245283018868,8,0.1509433962264151,11,0.2075471698113207,5,1,2,4,0.6,6,0.1666666666666666,0,0.3333333333333333,0.3939393939393939,0.5454545454545454,0.0769230769230769,33,0.9032258064516128,-5.909090909090909,0,999,999,999,0,0.5,999,999,0.0,0.0,0.6,8882.248520896457,13.116871637809046
P23_R47,23,47,0.4528301886792453,0.5094339622641509,-0.1666666666666666,53,0.7058823529411765,-6.79245283018868,8,0.1509433962264151,11,0.2075471698113207,5,1,2,4,0.6,6,0.1666666666666666,0,0.3333333333333333,0.3939393939393939,0.5454545454545454,0.0769230769230769,33,0.935483870967742,-5.909090909090909,1,2,16,22,4,0.6666666666666666,11,11,0.2727272727272727,0.6363636363636364,0.6,13266.155240163409,13.695571438962705
P24_R0,24,0,0.4705882352941176,0.4901960784313725,0.0833333333333333,51,0.7142857142857143,-7.0588235294117645,9,0.1764705882352941,7,0.1372549019607843,5,1,5,1,0.6,6,0.0,0,0.6666666666666666,0.3333333333333333,0.6,0.2,30,0.8214285714285714,-5.0,1,2,6,12,4,0.6666666666666666,18,18,0.3333333333333333,0.6111111111111112,0.6,49.23632514707915,5.650659027946658
P24_R1,24,1,0.4705882352941176,0.4901960784313725,0.0833333333333333,51,0.7142857142857143,-7.0588235294117645,9,0.1764705882352941,7,0.1372549019607843,5,1,5,1,0.6,6,0.0,0,0.6666666666666666,0.3333333333333333,0.6,0.0,30,0.8214285714285714,-5.0,1,2,6,12,4,0.6666666666666666,18,18,0.3333333333333333,0.6111111111111112,0.6,56.66198604032235,5.849548623034435
P24_R2,24,2,0.4705882352941176,0.4901960784313725,0.0833333333333333,51,0.7142857142857143,-7.0588235294117645,9,0.1764705882352941,7,0.1372549019607843,5,1,5,1,0.6,6,0.0,0,0.6666666666666666,0.3636363636363636,0.5757575757575758,0.0,33,0.8709677419354839,-5.454545454545455,1,2,16,22,4,0.6666666666666666,11,11,0.2727272727272727,0.6363636363636364,0.6,80.47156890950146,6.348224785527446
P24_R3,24,3,0.4705882352941176,0.4901960784313725,0.0833333333333333,51,0.7142857142857143,-7.0588235294117645,9,0.1764705882352941,7,0.1372549019607843,5,1,5,1,0.6,6,0.0,0,0.6666666666666666,0.4,0.5333333333333333,0.1666666666666666,30,0.8928571428571429,-6.0,1,2,6,12,4,0.8333333333333334,18,18,0.4444444444444444,0.5,0.5333333333333333,124.78453912996163,6.974810793301061
P24_R4,24,4,0.4705882352941176,0.4901960784313725,0.0833333333333333,51,0.7142857142857143,-7.0588235294117645,9,0.1764705882352941,7,0.1372549019607843,5,1,5,1,0.6,6,0.0,0,0.6666666666666666,0.4,0.5333333333333333,0.1666666666666666,30,0.8214285714285714,-6.0,1,2,6,12,4,0.6666666666666666,18,18,0.4444444444444444,0.5,0.4666666666666667,160.05221444685247,7.331384687499665
P24_R5,24,5,0.4705882352941176,0.4901960784313725,0.0833333333333333,51,0.7142857142857143,-7.0588235294117645,9,0.1764705882352941,7,0.1372549019607843,5,1,5,1,0.6,6,0.0,0,0.6666666666666666,0.3636363636363636,0.5757575757575758,0.0,33,0.8709677419354839,-5.454545454545455,1,1,11,17,5,0.8333333333333334,16,16,0.375,0.5625,0.6,270.13000992003265,8.082840995929567
P24_R6,24,6,0.4705882352941176,0.4901960784313725,0.0833333333333333,51,0.7142857142857143,-7.0588235294117645,9,0.1764705882352941,7,0.1372549019607843,5,1,5,1,0.6,6,0.0,0,0.6666666666666666,0.3,0.6333333333333333,0.1111111111111111,30,0.8214285714285714,-4.5,1,2,6,12,4,0.6666666666666666,18,18,0.2777777777777778,0.6666666666666666,0.6,152.6382007716466,7.263393163722353
P24_R7,24,7,0.4705882352941176,0.4901960784313725,0.0833333333333333,51,0.7142857142857143,-7.0588235294117645,9,0.1764705882352941,7,0.1372549019607843,5,1,5,1,0.6,6,0.0,0,0.6666666666666666,0.3666666666666666,0.5666666666666667,0.2727272727272727,30,0.9285714285714286,-5.5,1,2,6,12,4,0.6666666666666666,18,18,0.3888888888888889,0.5555555555555556,0.4666666666666667,184.64032642162533,7.536366329167962
P24_R8,24,8,0.4705882352941176,0.4901960784313725,0.0833333333333333,51,0.7142857142857143,-7.0588235294117645,9,0.1764705882352941,7,0.1372549019607843,5,1,5,1,0.6,6,0.0,0,0.6666666666666666,0.3333333333333333,0.6060606060606061,-0.0909090909090909,33,0.935483870967742,-5.0,1,1,16,22,5,0.8333333333333334,11,11,0.1818181818181818,0.7272727272727273,0.6666666666666666,201.16091303929988,7.659360274970879
P24_R9,24,9,0.4705882352941176,0.4901960784313725,0.0833333333333333,51,0.7142857142857143,-7.0588235294117645,9,0.1764705882352941,7,0.1372549019607843,5,1,5,1,0.6,6,0.0,0,0.6666666666666666,0.4333333333333333,0.5,-0.0769230769230769,30,0.8214285714285714,-6.5,1,2,6,12,4,0.6666666666666666,18,18,0.5,0.4444444444444444,0.4,238.52611635731887,7.904039156320889
P24_R10,24,10,0.4705882352941176,0.4901960784313725,0.0833333333333333,51,0.7142857142857143,-7.0588235294117645,9,0.1764705882352941,7,0.1372549019607843,5,1,5,1,0.6,6,0.0,0,0.6666666666666666,0.3636363636363636,0.5757575757575758,0.0,33,0.8709677419354839,-5.454545454545455,1,2,13,19,4,0.6666666666666666,14,14,0.3571428571428571,0.5714285714285714,0.5333333333333333,247.15791590606617,7.955114665188637
P24_R11,24,11,0.4705882352941176,0.4901960784313725,0.0833333333333333,51,0.7142857142857143,-7.0588235294117645,9,0.1764705882352941,7,0.1372549019607843,5,1,5,1,0.6,6,0.0,0,0.6666666666666666,0.3333333333333333,0.6060606060606061,-0.0909090909090909,33,0.9032258064516128,-5.0,1,2,11,17,4,0.6666666666666666,16,16,0.375,0.5625,0.6,228.6895311998253,7.843541292767096
P24_R12,24,12,0.4705882352941176,0.4901960784313725,0.0833333333333333,51,0.7142857142857143,-7.0588235294117645,9,0.1764705882352941,7,0.1372549019607843,5,1,5,1,0.6,6,0.0,0,0.6666666666666666,0.3666666666666666,0.5666666666666667,0.2727272727272727,30,0.8214285714285714,-5.5,1,2,6,12,4,0.8333333333333334,18,18,0.3888888888888889,0.5555555555555556,0.6,255.46567338481717,8.002621931195607
P24_R13,24,13,0.4705882352941176,0.4901960784313725,0.0833333333333333,51,0.7142857142857143,-7.0588235294117645,9,0.1764705882352941,7,0.1372549019607843,5,1,5,1,0.6,6,0.0,0,0.6666666666666666,0.3333333333333333,0.6,0.0,30,0.7857142857142857,-5.0,1,2,6,12,4,0.6666666666666666,18,18,0.3333333333333333,0.6111111111111112,0.5333333333333333,263.8167937574573,8.048850805508787
P24_R14,24,14,0.4705882352941176,0.4901960784313725,0.0833333333333333,51,0.7142857142857143,-7.0588235294117645,9,0.1764705882352941,7,0.1372549019607843,5,1,5,1,0.6,6,0.0,0,0.6666666666666666,0.3055555555555556,0.6388888888888888,0.0909090909090909,36,0.7941176470588235,-4.583333333333334,1,2,16,22,4,1.0,14,14,0.4285714285714285,0.5,0.4666666666666667,451.3758824843195,8.821378206751117
P24_R15,24,15,0.4705882352941176,0.4901960784313725,0.0833333333333333,51,0.7142857142857143,-7.0588235294117645,9,0.1764705882352941,7,0.1372549019607843,5,1,5,1,0.6,6,0.0,0,0.6666666666666666,0.3333333333333333,0.6060606060606061,0.0909090909090909,33,0.8064516129032258,-5.0,1,2,15,21,4,0.6666666666666666,12,12,0.25,0.6666666666666666,0.6,444.9510601201749,8.80074158333736
P24_R16,24,16,0.4705882352941176,0.4901960784313725,0.0833333333333333,51,0.7142857142857143,-7.0588235294117645,9,0.1764705882352941,7,0.1372549019607843,5,1,5,1,0.6,6,0.0,0,0.6666666666666666,0.4,0.5333333333333333,0.1666666666666666,30,0.8214285714285714,-6.0,1,2,6,12,4,0.6666666666666666,18,18,0.4444444444444444,0.5,0.5333333333333333,351.4945968704549,8.461457333448022
P24_R17,24,17,0.4705882352941176,0.4901960784313725,0.0833333333333333,51,0.7142857142857143,-7.0588235294117645,9,0.1764705882352941,7,0.1372549019607843,5,1,5,1,0.6,6,0.0,0,0.6666666666666666,0.3939393939393939,0.5454545454545454,-0.0769230769230769,33,0.9032258064516128,-5.909090909090909,1,1,16,22,5,0.8333333333333334,11,11,0.2727272727272727,0.6363636363636364,0.5333333333333333,368.429631412645,8.529155777203929
P24_R18,24,18,0.4705882352941176,0.4901960784313725,0.0833333333333333,51,0.7142857142857143,-7.0588235294117645,9,0.1764705882352941,7,0.1372549019607843,5,1,5,1,0.6,6,0.0,0,0.6666666666666666,0.3636363636363636,0.5757575757575758,-0.1666666666666666,33,0.935483870967742,-5.454545454545455,1,2,16,22,4,0.6666666666666666,11,11,0.2727272727272727,0.6363636363636364,0.6,335.09394363277914,8.392720735486158
P24_R19,24,19,0.4705882352941176,0.4901960784313725,0.0833333333333333,51,0.7142857142857143,-7.0588235294117645,9,0.1764705882352941,7,0.1372549019607843,5,1,5,1,0.6,6,0.0,0,0.6666666666666666,0.4583333333333333,0.4583333333333333,-0.0909090909090909,24,0.8636363636363636,-6.875,1,2,7,13,4,0.6666666666666666,11,11,0.5454545454545454,0.3636363636363636,0.4666666666666667,306.8155591949295,8.265922347386383
P24_R20,24,20,0.4705882352941176,0.4901960784313725,0.0833333333333333,51,0.7142857142857143,-7.0588235294117645,9,0.1764705882352941,7,0.1372549019607843,5,1,5,1,0.6,6,0.0,0,0.6666666666666666,0.4333333333333333,0.5,0.2307692307692307,30,0.75,-6.5,1,2,6,12,4,0.8333333333333334,18,18,0.5,0.4444444444444444,0.4,458.5525293252712,8.84408596851571
P24_R21,24,21,0.4705882352941176,0.4901960784313725,0.0833333333333333,51,0.7142857142857143,-7.0588235294117645,9,0.1764705882352941,7,0.1372549019607843,5,1,5,1,0.6,6,0.0,0,0.6666666666666666,0.3666666666666666,0.5666666666666667,0.0909090909090909,30,0.8214285714285714,-5.5,1,2,6,12,4,0.6666666666666666,18,18,0.3888888888888889,0.5555555555555556,0.5333333333333333,424.63059854846875,8.733458059569017
P24_R22,24,22,0.4705882352941176,0.4901960784313725,0.0833333333333333,51,0.7142857142857143,-7.0588235294117645,9,0.1764705882352941,7,0.1372549019607843,5,1,5,1,0.6,6,0.0,0,0.6666666666666666,0.3529411764705882,0.5294117647058824,-0.6666666666666666,17,0.7333333333333333,-5.294117647058824,0,999,999,999,0,0.3333333333333333,999,999,0.0,0.0,0.6,490.2638079572686,8.940354147561273
P24_R23,24,23,0.4705882352941176,0.4901960784313725,0.0833333333333333,51,0.7142857142857143,-7.0588235294117645,9,0.1764705882352941,7,0.1372549019607843,5,1,5,1,0.6,6,0.0,0,0.6666666666666666,0.3055555555555556,0.6388888888888888,-0.2727272727272727,36,0.6176470588235294,-4.583333333333334,1,2,21,27,4,0.6666666666666666,9,9,0.2222222222222222,0.6666666666666666,0.4666666666666667,413.437185143641,8.695009643608888
P24_R24,24,24,0.4705882352941176,0.4901960784313725,0.0833333333333333,51,0.7142857142857143,-7.0588235294117645,9,0.1764705882352941,7,0.1372549019607843,5,1,5,1,0.6,6,0.0,0,0.6666666666666666,0.2666666666666666,0.6666666666666666,0.25,30,0.7857142857142857,-4.0,1,2,6,12,4,0.6666666666666666,18,18,0.2222222222222222,0.7222222222222222,0.6666666666666666,476.81048863196344,8.90029471316134
P24_R25,24,25,0.4705882352941176,0.4901960784313725,0.0833333333333333,51,0.7142857142857143,-7.0588235294117645,9,0.1764705882352941,7,0.1372549019607843,5,1,5,1,0.6,6,0.0,0,0.6666666666666666,0.3666666666666666,0.5666666666666667,0.2727272727272727,30,0.8214285714285714,-5.5,1,2,6,12,4,0.6666666666666666,18,18,0.3888888888888889,0.5555555555555556,0.5333333333333333,555.6589118182966,9.120649788509931
P24_R26,24,26,0.4705882352941176,0.4901960784313725,0.0833333333333333,51,0.7142857142857143,-7.0588235294117645,9,0.1764705882352941,7,0.1372549019607843,5,1,5,1,0.6,6,0.0,0,0.6666666666666666,0.4,0.5333333333333333,0.3333333333333333,30,0.7857142857142857,-6.0,1,2,6,12,4,0.8333333333333334,18,18,0.4444444444444444,0.5,0.4666666666666667,617.8818812001889,9.273520275033778
P24_R27,24,27,0.4705882352941176,0.4901960784313725,0.0833333333333333,51,0.7142857142857143,-7.0588235294117645,9,0.1764705882352941,7,0.1372549019607843,5,1,5,1,0.6,6,0.0,0,0.6666666666666666,0.3333333333333333,0.6060606060606061,-0.0909090909090909,33,0.8387096774193549,-5.0,0,999,999,999,0,0.5,999,999,0.0,0.0,0.7333333333333333,717.3162823816125,9.488475407850967
P24_R28,24,28,0.4705882352941176,0.4901960784313725,0.0833333333333333,51,0.7142857142857143,-7.0588235294117645,9,0.1764705882352941,7,0.1372549019607843,5,1,5,1,0.6,6,0.0,0,0.6666666666666666,0.3939393939393939,0.5454545454545454,0.0769230769230769,33,0.8709677419354839,-5.909090909090909,1,2,11,17,4,0.6666666666666666,16,16,0.4375,0.5,0.5333333333333333,591.1278270811478,9.20976484466451
P24_R29,24,29,0.4705882352941176,0.4901960784313725,0.0833333333333333,51,0.7142857142857143,-7.0588235294117645,9,0.1764705882352941,7,0.1372549019607843,5,1,5,1,0.6,6,0.0,0,0.6666666666666666,0.3666666666666666,0.5666666666666667,0.0909090909090909,30,0.7857142857142857,-5.5,1,2,6,12,4,0.6666666666666666,18,18,0.3888888888888889,0.5555555555555556,0.6,868.5249896281985,9.764083680095096
P24_R30,24,30,0.4705882352941176,0.4901960784313725,0.0833333333333333,51,0.7142857142857143,-7.0588235294117645,9,0.1764705882352941,7,0.1372549019607843,5,1,5,1,0.6,6,0.0,0,0.6666666666666666,0.4,0.5333333333333333,0.0,30,0.8214285714285714,-6.0,1,2,6,12,4,0.6666666666666666,18,18,0.4444444444444444,0.5,0.5333333333333333,700.4758407457974,9.454249607181657
P24_R31,24,31,0.4705882352941176,0.4901960784313725,0.0833333333333333,51,0.7142857142857143,-7.0588235294117645,9,0.1764705882352941,7,0.1372549019607843,5,1,5,1,0.6,6,0.0,0,0.6666666666666666,0.4333333333333333,0.5,-0.0769230769230769,30,0.7857142857142857,-6.5,1,2,6,12,4,0.6666666666666666,18,18,0.5,0.4444444444444444,0.4666666666666667,1083.5253542692228,10.082848065704455
P24_R32,24,32,0.4705882352941176,0.4901960784313725,0.0833333333333333,51,0.7142857142857143,-7.0588235294117645,9,0.1764705882352941,7,0.1372549019607843,5,1,5,1,0.6,6,0.0,0,0.6666666666666666,0.4,0.5333333333333333,0.1666666666666666,30,0.8571428571428571,-6.0,1,2,6,12,4,0.8333333333333334,18,18,0.4444444444444444,0.5,0.5333333333333333,1144.2300521472102,10.161421718577662
P24_R33,24,33,0.4705882352941176,0.4901960784313725,0.0833333333333333,51,0.7142857142857143,-7.0588235294117645,9,0.1764705882352941,7,0.1372549019607843,5,1,5,1,0.6,6,0.0,0,0.6666666666666666,0.3636363636363636,0.5757575757575758,0.0,33,0.7419354838709677,-5.454545454545455,1,2,13,19,4,0.6666666666666666,14,14,0.2142857142857142,0.7142857142857143,0.6666666666666666,1166.068666150374,10.188673731226002
P24_R34,24,34,0.4705882352941176,0.4901960784313725,0.0833333333333333,51,0.7142857142857143,-7.0588235294117645,9,0.1764705882352941,7,0.1372549019607843,5,1,5,1,0.6,6,0.0,0,0.6666666666666666,0.3666666666666666,0.5666666666666667,0.0909090909090909,30,0.8571428571428571,-5.5,1,2,6,12,4,0.6666666666666666,18,18,0.3888888888888889,0.5555555555555556,0.4666666666666667,1475.44926871024,10.527916070502357
P24_R35,24,35,0.4705882352941176,0.4901960784313725,0.0833333333333333,51,0.7142857142857143,-7.0588235294117645,9,0.1764705882352941,7,0.1372549019607843,5,1,5,1,0.6,6,0.0,0,0.6666666666666666,0.303030303030303,0.6363636363636364,0.0,33,0.8064516129032258,-4.545454545454546,1,2,16,22,4,0.6666666666666666,11,11,0.2727272727272727,0.6363636363636364,0.6,1647.3913307775304,10.686843065988894
P24_R36,24,36,0.4705882352941176,0.4901960784313725,0.0833333333333333,51,0.7142857142857143,-7.0588235294117645,9,0.1764705882352941,7,0.1372549019607843,5,1,5,1,0.6,6,0.0,0,0.6666666666666666,0.3636363636363636,0.5757575757575758,0.0,33,0.9032258064516128,-5.454545454545455,0,999,999,999,0,0.5,999,999,0.0,0.0,0.6,1834.1269754811294,10.841664173648445
P24_R37,24,37,0.4705882352941176,0.4901960784313725,0.0833333333333333,51,0.7142857142857143,-7.0588235294117645,9,0.1764705882352941,7,0.1372549019607843,5,1,5,1,0.6,6,0.0,0,0.6666666666666666,0.3333333333333333,0.6060606060606061,-0.0909090909090909,33,0.8064516129032258,-5.0,0,999,999,999,0,0.5,999,999,0.0,0.0,0.6,2065.909193182254,11.013259291991778
P24_R38,24,38,0.4705882352941176,0.4901960784313725,0.0833333333333333,51,0.7142857142857143,-7.0588235294117645,9,0.1764705882352941,7,0.1372549019607843,5,1,5,1,0.6,6,0.0,0,0.6666666666666666,0.3636363636363636,0.5757575757575758,-0.1666666666666666,33,0.8064516129032258,-5.454545454545455,0,999,999,999,0,0.5,999,999,0.0,0.0,0.6666666666666666,2751.028910842953,11.426279910701615
P24_R39,24,39,0.4705882352941176,0.4901960784313725,0.0833333333333333,51,0.7142857142857143,-7.0588235294117645,9,0.1764705882352941,7,0.1372549019607843,5,1,5,1,0.6,6,0.0,0,0.6666666666666666,0.3939393939393939,0.5454545454545454,-0.0769230769230769,33,0.8709677419354839,-5.909090909090909,1,2,16,22,4,0.6666666666666666,11,11,0.1818181818181818,0.7272727272727273,0.6,2705.951151930134,11.402453138412229
P24_R40,24,40,0.4705882352941176,0.4901960784313725,0.0833333333333333,51,0.7142857142857143,-7.0588235294117645,9,0.1764705882352941,7,0.1372549019607843,5,1,5,1,0.6,6,0.0,0,0.6666666666666666,0.3666666666666666,0.5666666666666667,0.2727272727272727,30,0.8571428571428571,-5.5,1,2,6,12,4,0.8333333333333334,18,18,0.3888888888888889,0.5555555555555556,0.6,2350.5681322924756,11.199407416856502
P24_R41,24,41,0.4705882352941176,0.4901960784313725,0.0833333333333333,51,0.7142857142857143,-7.0588235294117645,9,0.1764705882352941,7,0.1372549019607843,5,1,5,1,0.6,6,0.0,0,0.6666666666666666,0.4,0.5333333333333333,0.1666666666666666,30,0.7857142857142857,-6.0,1,2,6,12,4,0.6666666666666666,18,18,0.4444444444444444,0.5,0.5333333333333333,3094.0834789524893,11.595762606233004
P24_R42,24,42,0.4705882352941176,0.4901960784313725,0.0833333333333333,51,0.7142857142857143,-7.0588235294117645,9,0.1764705882352941,7,0.1372549019607843,5,1,5,1,0.6,6,0.0,0,0.6666666666666666,0.3333333333333333,0.6060606060606061,0.0909090909090909,33,0.8709677419354839,-5.0,0,999,999,999,0,0.5,999,999,0.0,0.0,0.6,4113.401139582193,12.006466743054185
P24_R43,24,43,0.4705882352941176,0.4901960784313725,0.0833333333333333,51,0.7142857142857143,-7.0588235294117645,9,0.1764705882352941,7,0.1372549019607843,5,1,5,1,0.6,6,0.0,0,0.6666666666666666,0.4,0.5333333333333333,0.1666666666666666,30,0.8571428571428571,-6.0,1,2,6,12,4,0.6666666666666666,18,18,0.4444444444444444,0.5,0.5333333333333333,8619.630190342401,13.073577622566896
P24_R44,24,44,0.4705882352941176,0.4901960784313725,0.0833333333333333,51,0.7142857142857143,-7.0588235294117645,9,0.1764705882352941,7,0.1372549019607843,5,1,5,1,0.6,6,0.0,0,0.6666666666666666,0.3333333333333333,0.6,0.2,30,0.8214285714285714,-5.0,1,2,6,12,4,0.6666666666666666,18,18,0.3333333333333333,0.6111111111111112,0.5333333333333333,8580.619578269347,13.067034232741056
P24_R45,24,45,0.4705882352941176,0.4901960784313725,0.0833333333333333,51,0.7142857142857143,-7.0588235294117645,9,0.1764705882352941,7,0.1372549019607843,5,1,5,1,0.6,6,0.0,0,0.6666666666666666,0.3666666666666666,0.5666666666666667,0.0909090909090909,30,0.75,-5.5,1,2,6,12,4,0.6666666666666666,18,18,0.3888888888888889,0.5555555555555556,0.5333333333333333,9254.195086568194,13.176047685072163
P24_R46,24,46,0.4705882352941176,0.4901960784313725,0.0833333333333333,51,0.7142857142857143,-7.0588235294117645,9,0.1764705882352941,7,0.1372549019607843,5,1,5,1,0.6,6,0.0,0,0.6666666666666666,0.3939393939393939,0.5454545454545454,0.0769230769230769,33,0.9032258064516128,-5.909090909090909,0,999,999,999,0,0.5,999,999,0.0,0.0,0.6,15529.94981018116,13.92285844137619
P24_R47,24,47,0.4705882352941176,0.4901960784313725,0.0833333333333333,51,0.7142857142857143,-7.0588235294117645,9,0.1764705882352941,7,0.1372549019607843,5,1,5,1,0.6,6,0.0,0,0.6666666666666666,0.3939393939393939,0.5454545454545454,0.0769230769230769,33,0.935483870967742,-5.909090909090909,1,2,16,22,4,0.6666666666666666,11,11,0.2727272727272727,0.6363636363636364,0.6,14092.76866120272,13.782769818154756
P25_R0,25,0,0.3809523809523809,0.5873015873015873,-0.1666666666666666,63,0.6721311475409836,-5.7142857142857135,10,0.1587301587301587,10,0.1587301587301587,4,2,4,2,0.8,6,0.0,1,0.6666666666666666,0.3333333333333333,0.6,0.2,30,0.8214285714285714,-5.0,1,2,6,12,4,0.6666666666666666,18,18,0.3333333333333333,0.6111111111111112,0.6,40.23210738741552,5.3656962946453906
P25_R1,25,1,0.3809523809523809,0.5873015873015873,-0.1666666666666666,63,0.6721311475409836,-5.7142857142857135,10,0.1587301587301587,10,0.1587301587301587,4,2,4,2,0.8,6,0.0,1,0.6666666666666666,0.3333333333333333,0.6,0.0,30,0.8214285714285714,-5.0,1,2,6,12,4,0.6666666666666666,18,18,0.3333333333333333,0.6111111111111112,0.6,59.484069701750215,5.918483310190403
P25_R2,25,2,0.3809523809523809,0.5873015873015873,-0.1666666666666666,63,0.6721311475409836,-5.7142857142857135,10,0.1587301587301587,10,0.1587301587301587,4,2,4,2,0.8,6,0.0,1,0.6666666666666666,0.3636363636363636,0.5757575757575758,0.0,33,0.8709677419354839,-5.454545454545455,1,2,16,22,4,0.6666666666666666,11,11,0.2727272727272727,0.6363636363636364,0.6,80.12413198071441,6.3420592314035344
P25_R3,25,3,0.3809523809523809,0.5873015873015873,-0.1666666666666666,63,0.6721311475409836,-5.7142857142857135,10,0.1587301587301587,10,0.1587301587301587,4,2,4,2,0.8,6,0.0,1,0.6666666666666666,0.4,0.5333333333333333,0.1666666666666666,30,0.8928571428571429,-6.0,1,2,6,12,4,0.8333333333333334,18,18,0.4444444444444444,0.5,0.5333333333333333,125.45520332197125,6.982482591365505
P25_R4,25,4,0.3809523809523809,0.5873015873015873,-0.1666666666666666,63,0.6721311475409836,-5.7142857142857135,10,0.1587301587301587,10,0.1587301587301587,4,2,4,2,0.8,6,0.0,1,0.6666666666666666,0.4,0.5333333333333333,0.1666666666666666,30,0.8214285714285714,-6.0,1,2,6,12,4,0.6666666666666666,18,18,0.4444444444444444,0.5,0.4666666666666667,150.66009044449896,7.244697678174997
P25_R5,25,5,0.3809523809523809,0.5873015873015873,-0.1666666666666666,63,0.6721311475409836,-5.7142857142857135,10,0.1587301587301587,10,0.1587301587301587,4,2,4,2,0.8,6,0.0,1,0.6666666666666666,0.3636363636363636,0.5757575757575758,0.0,33,0.8709677419354839,-5.454545454545455,1,1,11,17,5,0.8333333333333334,16,16,0.375,0.5625,0.6,203.18971855157298,7.673766414618788
P25_R6,25,6,0.3809523809523809,0.5873015873015873,-0.1666666666666666,63,0.6721311475409836,-5.7142857142857135,10,0.1587301587301587,10,0.1587301587301587,4,2,4,2,0.8,6,0.0,1,0.6666666666666666,0.3,0.6333333333333333,0.1111111111111111,30,0.8214285714285714,-4.5,1,2,6,12,4,0.6666666666666666,18,18,0.2777777777777778,0.6666666666666666,0.6,205.64725370237426,7.691026380507295
P25_R7,25,7,0.3809523809523809,0.5873015873015873,-0.1666666666666666,63,0.6721311475409836,-5.7142857142857135,10,0.1587301587301587,10,0.1587301587301587,4,2,4,2,0.8,6,0.0,1,0.6666666666666666,0.3666666666666666,0.5666666666666667,0.2727272727272727,30,0.9285714285714286,-5.5,1,2,6,12,4,0.6666666666666666,18,18,0.3888888888888889,0.5555555555555556,0.4666666666666667,207.77330237914578,7.7057934237714925
P25_R8,25,8,0.3809523809523809,0.5873015873015873,-0.1666666666666666,63,0.6721311475409836,-5.7142857142857135,10,0.1587301587301587,10,0.1587301587301587,4,2,4,2,0.8,6,0.0,1,0.6666666666666666,0.3333333333333333,0.6060606060606061,-0.0909090909090909,33,0.935483870967742,-5.0,1,1,16,22,5,0.8333333333333334,11,11,0.1818181818181818,0.7272727272727273,0.6666666666666666,351.3287188753711,8.460778265772557
P25_R9,25,9,0.3809523809523809,0.5873015873015873,-0.1666666666666666,63,0.6721311475409836,-5.7142857142857135,10,0.1587301587301587,10,0.1587301587301587,4,2,4,2,0.8,6,0.0,1,0.6666666666666666,0.4333333333333333,0.5,-0.0769230769230769,30,0.8214285714285714,-6.5,1,2,6,12,4,0.6666666666666666,18,18,0.5,0.4444444444444444,0.4,273.39188038859936,8.100093980700837
P25_R10,25,10,0.3809523809523809,0.5873015873015873,-0.1666666666666666,63,0.6721311475409836,-5.7142857142857135,10,0.1587301587301587,10,0.1587301587301587,4,2,4,2,0.8,6,0.0,1,0.6666666666666666,0.3636363636363636,0.5757575757575758,0.0,33,0.8709677419354839,-5.454545454545455,1,2,13,19,4,0.6666666666666666,14,14,0.3571428571428571,0.5714285714285714,0.5333333333333333,304.46136900462136,8.254846127038027
P25_R11,25,11,0.3809523809523809,0.5873015873015873,-0.1666666666666666,63,0.6721311475409836,-5.7142857142857135,10,0.1587301587301587,10,0.1587301587301587,4,2,4,2,0.8,6,0.0,1,0.6666666666666666,0.3333333333333333,0.6060606060606061,-0.0909090909090909,33,0.9032258064516128,-5.0,1,2,11,17,4,0.6666666666666666,16,16,0.375,0.5625,0.6,276.5562433914571,8.116636335436233
P25_R12,25,12,0.3809523809523809,0.5873015873015873,-0.1666666666666666,63,0.6721311475409836,-5.7142857142857135,10,0.1587301587301587,10,0.1587301587301587,4,2,4,2,0.8,6,0.0,1,0.6666666666666666,0.3666666666666666,0.5666666666666667,0.2727272727272727,30,0.8214285714285714,-5.5,1,2,6,12,4,0.8333333333333334,18,18,0.3888888888888889,0.5555555555555556,0.6,298.9510697404938,8.228583366495455
P25_R13,25,13,0.3809523809523809,0.5873015873015873,-0.1666666666666666,63,0.6721311475409836,-5.7142857142857135,10,0.1587301587301587,10,0.1587301587301587,4,2,4,2,0.8,6,0.0,1,0.6666666666666666,0.3333333333333333,0.6,0.0,30,0.7857142857142857,-5.0,1,2,6,12,4,0.6666666666666666,18,18,0.3333333333333333,0.6111111111111112,0.5333333333333333,279.9636334727536,8.134239597075652
P25_R14,25,14,0.3809523809523809,0.5873015873015873,-0.1666666666666666,63,0.6721311475409836,-5.7142857142857135,10,0.1587301587301587,10,0.1587301587301587,4,2,4,2,0.8,6,0.0,1,0.6666666666666666,0.3055555555555556,0.6388888888888888,0.0909090909090909,36,0.7941176470588235,-4.583333333333334,1,2,16,22,4,1.0,14,14,0.4285714285714285,0.5,0.4666666666666667,217.72705371686698,7.772987863975509
P25_R15,25,15,0.3809523809523809,0.5873015873015873,-0.1666666666666666,63,0.6721311475409836,-5.7142857142857135,10,0.1587301587301587,10,0.1587301587301587,4,2,4,2,0.8,6,0.0,1,0.6666666666666666,0.3333333333333333,0.6060606060606061,0.0909090909090909,33,0.8064516129032258,-5.0,1,2,15,21,4,0.6666666666666666,12,12,0.25,0.6666666666666666,0.6,286.6647102007528,8.168244436430209
P25_R16,25,16,0.3809523809523809,0.5873015873015873,-0.1666666666666666,63,0.6721311475409836,-5.7142857142857135,10,0.1587301587301587,10,0.1587301587301587,4,2,4,2,0.8,6,0.0,1,0.6666666666666666,0.4,0.5333333333333333,0.1666666666666666,30,0.8214285714285714,-6.0,1,2,6,12,4,0.6666666666666666,18,18,0.4444444444444444,0.5,0.5333333333333333,295.7976514700254,8.213335865877804
P25_R17,25,17,0.3809523809523809,0.5873015873015873,-0.1666666666666666,63,0.6721311475409836,-5.7142857142857135,10,0.1587301587301587,10,0.1587301587301587,4,2,4,2,0.8,6,0.0,1,0.6666666666666666,0.3939393939393939,0.5454545454545454,-0.0769230769230769,33,0.9032258064516128,-5.909090909090909,1,1,16,22,5,0.8333333333333334,11,11,0.2727272727272727,0.6363636363636364,0.5333333333333333,288.19326705073644,8.175890153870162
P25_R18,25,18,0.3809523809523809,0.5873015873015873,-0.1666666666666666,63,0.6721311475409836,-5.7142857142857135,10,0.1587301587301587,10,0.1587301587301587,4,2,4,2,0.8,6,0.0,1,0.6666666666666666,0.3636363636363636,0.5757575757575758,-0.1666666666666666,33,0.935483870967742,-5.454545454545455,1,2,16,22,4,0.6666666666666666,11,11,0.2727272727272727,0.6363636363636364,0.6,345.4332185397591,8.43643346257851
P25_R19,25,19,0.3809523809523809,0.5873015873015873,-0.1666666666666666,63,0.6721311475409836,-5.7142857142857135,10,0.1587301587301587,10,0.1587301587301587,4,2,4,2,0.8,6,0.0,1,0.6666666666666666,0.4583333333333333,0.4583333333333333,-0.0909090909090909,24,0.8636363636363636,-6.875,1,2,7,13,4,0.6666666666666666,11,11,0.5454545454545454,0.3636363636363636,0.4666666666666667,517.2474346698327,9.0174972597717
P25_R20,25,20,0.3809523809523809,0.5873015873015873,-0.1666666666666666,63,0.6721311475409836,-5.7142857142857135,10,0.1587301587301587,10,0.1587301587301587,4,2,4,2,0.8,6,0.0,1,0.6666666666666666,0.4333333333333333,0.5,0.2307692307692307,30,0.75,-6.5,1,2,6,12,4,0.8333333333333334,18,18,0.5,0.4444444444444444,0.4,481.18562779040695,8.913444839834789
P25_R21,25,21,0.3809523809523809,0.5873015873015873,-0.1666666666666666,63,0.6721311475409836,-5.7142857142857135,10,0.1587301587301587,10,0.1587301587301587,4,2,4,2,0.8,6,0.0,1,0.6666666666666666,0.3666666666666666,0.5666666666666667,0.0909090909090909,30,0.8214285714285714,-5.5,1,2,6,12,4,0.6666666666666666,18,18,0.3888888888888889,0.5555555555555556,0.5333333333333333,621.2873109169393,9.28143701825319
P25_R22,25,22,0.3809523809523809,0.5873015873015873,-0.1666666666666666,63,0.6721311475409836,-5.7142857142857135,10,0.1587301587301587,10,0.1587301587301587,4,2,4,2,0.8,6,0.0,1,0.6666666666666666,0.3529411764705882,0.5294117647058824,-0.6666666666666666,17,0.7333333333333333,-5.294117647058824,0,999,999,999,0,0.3333333333333333,999,999,0.0,0.0,0.6,548.1945578999466,9.101173519320811
P25_R23,25,23,0.3809523809523809,0.5873015873015873,-0.1666666666666666,63,0.6721311475409836,-5.7142857142857135,10,0.1587301587301587,10,0.1587301587301587,4,2,4,2,0.8,6,0.0,1,0.6666666666666666,0.3055555555555556,0.6388888888888888,-0.2727272727272727,36,0.6176470588235294,-4.583333333333334,1,2,21,27,4,0.6666666666666666,9,9,0.2222222222222222,0.6666666666666666,0.4666666666666667,613.5317128300343,9.263343652385828
P25_R24,25,24,0.3809523809523809,0.5873015873015873,-0.1666666666666666,63,0.6721311475409836,-5.7142857142857135,10,0.1587301587301587,10,0.1587301587301587,4,2,4,2,0.8,6,0.0,1,0.6666666666666666,0.2666666666666666,0.6666666666666666,0.25,30,0.7857142857142857,-4.0,1,2,6,12,4,0.6666666666666666,18,18,0.2222222222222222,0.7222222222222222,0.6666666666666666,484.73017379648604,8.924011299843228
P25_R25,25,25,0.3809523809523809,0.5873015873015873,-0.1666666666666666,63,0.6721311475409836,-5.7142857142857135,10,0.1587301587301587,10,0.1587301587301587,4,2,4,2,0.8,6,0.0,1,0.6666666666666666,0.3666666666666666,0.5666666666666667,0.2727272727272727,30,0.8214285714285714,-5.5,1,2,6,12,4,0.6666666666666666,18,18,0.3888888888888889,0.5555555555555556,0.5333333333333333,610.1866398809486,9.255469197172987
P25_R26,25,26,0.3809523809523809,0.5873015873015873,-0.1666666666666666,63,0.6721311475409836,-5.7142857142857135,10,0.1587301587301587,10,0.1587301587301587,4,2,4,2,0.8,6,0.0,1,0.6666666666666666,0.4,0.5333333333333333,0.3333333333333333,30,0.7857142857142857,-6.0,1,2,6,12,4,0.8333333333333334,18,18,0.4444444444444444,0.5,0.4666666666666667,677.2121992817488,9.405592924720482
P25_R27,25,27,0.3809523809523809,0.5873015873015873,-0.1666666666666666,63,0.6721311475409836,-5.7142857142857135,10,0.1587301587301587,10,0.1587301587301587,4,2,4,2,0.8,6,0.0,1,0.6666666666666666,0.3333333333333333,0.6060606060606061,-0.0909090909090909,33,0.8387096774193549,-5.0,0,999,999,999,0,0.5,999,999,0.0,0.0,0.7333333333333333,641.4367840719319,9.327410689539768
P25_R28,25,28,0.3809523809523809,0.5873015873015873,-0.1666666666666666,63,0.6721311475409836,-5.7142857142857135,10,0.1587301587301587,10,0.1587301587301587,4,2,4,2,0.8,6,0.0,1,0.6666666666666666,0.3939393939393939,0.5454545454545454,0.0769230769230769,33,0.8709677419354839,-5.909090909090909,1,2,11,17,4,0.6666666666666666,16,16,0.4375,0.5,0.5333333333333333,813.5019691257008,9.669774376364007
P25_R29,25,29,0.3809523809523809,0.5873015873015873,-0.1666666666666666,63,0.6721311475409836,-5.7142857142857135,10,0.1587301587301587,10,0.1587301587301587,4,2,4,2,0.8,6,0.0,1,0.6666666666666666,0.3666666666666666,0.5666666666666667,0.0909090909090909,30,0.7857142857142857,-5.5,1,2,6,12,4,0.6666666666666666,18,18,0.3888888888888889,0.5555555555555556,0.6,863.3613552842193,9.75549076198821
P25_R30,25,30,0.3809523809523809,0.5873015873015873,-0.1666666666666666,63,0.6721311475409836,-5.7142857142857135,10,0.1587301587301587,10,0.1587301587301587,4,2,4,2,0.8,6,0.0,1,0.6666666666666666,0.4,0.5333333333333333,0.0,30,0.8214285714285714,-6.0,1,2,6,12,4,0.6666666666666666,18,18,0.4444444444444444,0.5,0.5333333333333333,754.9642509716313,9.562174201780072
P25_R31,25,31,0.3809523809523809,0.5873015873015873,-0.1666666666666666,63,0.6721311475409836,-5.7142857142857135,10,0.1587301587301587,10,0.1587301587301587,4,2,4,2,0.8,6,0.0,1,0.6666666666666666,0.4333333333333333,0.5,-0.0769230769230769,30,0.7857142857142857,-6.5,1,2,6,12,4,0.6666666666666666,18,18,0.5,0.4444444444444444,0.4666666666666667,864.3198780543528,9.757089734286634
P25_R32,25,32,0.3809523809523809,0.5873015873015873,-0.1666666666666666,63,0.6721311475409836,-5.7142857142857135,10,0.1587301587301587,10,0.1587301587301587,4,2,4,2,0.8,6,0.0,1,0.6666666666666666,0.4,0.5333333333333333,0.1666666666666666,30,0.8571428571428571,-6.0,1,2,6,12,4,0.8333333333333334,18,18,0.4444444444444444,0.5,0.5333333333333333,996.0280884771786,9.961490338867518
P25_R33,25,33,0.3809523809523809,0.5873015873015873,-0.1666666666666666,63,0.6721311475409836,-5.7142857142857135,10,0.1587301587301587,10,0.1587301587301587,4,2,4,2,0.8,6,0.0,1,0.6666666666666666,0.3636363636363636,0.5757575757575758,0.0,33,0.7419354838709677,-5.454545454545455,1,2,13,19,4,0.6666666666666666,14,14,0.2142857142857142,0.7142857142857143,0.6666666666666666,1507.3959010428052,10.558799419839788
P25_R34,25,34,0.3809523809523809,0.5873015873015873,-0.1666666666666666,63,0.6721311475409836,-5.7142857142857135,10,0.1587301587301587,10,0.1587301587301587,4,2,4,2,0.8,6,0.0,1,0.6666666666666666,0.3666666666666666,0.5666666666666667,0.0909090909090909,30,0.8571428571428571,-5.5,1,2,6,12,4,0.6666666666666666,18,18,0.3888888888888889,0.5555555555555556,0.4666666666666667,1686.6685797667817,10.720815903593643
P25_R35,25,35,0.3809523809523809,0.5873015873015873,-0.1666666666666666,63,0.6721311475409836,-5.7142857142857135,10,0.1587301587301587,10,0.1587301587301587,4,2,4,2,0.8,6,0.0,1,0.6666666666666666,0.303030303030303,0.6363636363636364,0.0,33,0.8064516129032258,-4.545454545454546,1,2,16,22,4,0.6666666666666666,11,11,0.2727272727272727,0.6363636363636364,0.6,1437.3789044675104,10.490228051948494
P25_R36,25,36,0.3809523809523809,0.5873015873015873,-0.1666666666666666,63,0.6721311475409836,-5.7142857142857135,10,0.1587301587301587,10,0.1587301587301587,4,2,4,2,0.8,6,0.0,1,0.6666666666666666,0.3636363636363636,0.5757575757575758,0.0,33,0.9032258064516128,-5.454545454545455,0,999,999,999,0,0.5,999,999,0.0,0.0,0.6,1743.5499922895433,10.768639225040348
P25_R37,25,37,0.3809523809523809,0.5873015873015873,-0.1666666666666666,63,0.6721311475409836,-5.7142857142857135,10,0.1587301587301587,10,0.1587301587301587,4,2,4,2,0.8,6,0.0,1,0.6666666666666666,0.3333333333333333,0.6060606060606061,-0.0909090909090909,33,0.8064516129032258,-5.0,0,999,999,999,0,0.5,999,999,0.0,0.0,0.6,2385.9820898829316,11.220972026224628
P25_R38,25,38,0.3809523809523809,0.5873015873015873,-0.1666666666666666,63,0.6721311475409836,-5.7142857142857135,10,0.1587301587301587,10,0.1587301587301587,4,2,4,2,0.8,6,0.0,1,0.6666666666666666,0.3636363636363636,0.5757575757575758,-0.1666666666666666,33,0.8064516129032258,-5.454545454545455,0,999,999,999,0,0.5,999,999,0.0,0.0,0.6666666666666666,2489.9146311574727,11.282459862918383
P25_R39,25,39,0.3809523809523809,0.5873015873015873,-0.1666666666666666,63,0.6721311475409836,-5.7142857142857135,10,0.1587301587301587,10,0.1587301587301587,4,2,4,2,0.8,6,0.0,1,0.6666666666666666,0.3939393939393939,0.5454545454545454,-0.0769230769230769,33,0.8709677419354839,-5.909090909090909,1,2,16,22,4,0.6666666666666666,11,11,0.1818181818181818,0.7272727272727273,0.6,3047.801590414914,11.57402655051045
P25_R40,25,40,0.3809523809523809,0.5873015873015873,-0.1666666666666666,63,0.6721311475409836,-5.7142857142857135,10,0.1587301587301587,10,0.1587301587301587,4,2,4,2,0.8,6,0.0,1,0.6666666666666666,0.3666666666666666,0.5666666666666667,0.2727272727272727,30,0.8571428571428571,-5.5,1,2,6,12,4,0.8333333333333334,18,18,0.3888888888888889,0.5555555555555556,0.6,3071.0329172874403,11.584977959494893
P25_R41,25,41,0.3809523809523809,0.5873015873015873,-0.1666666666666666,63,0.6721311475409836,-5.7142857142857135,10,0.1587301587301587,10,0.1587301587301587,4,2,4,2,0.8,6,0.0,1,0.6666666666666666,0.4,0.5333333333333333,0.1666666666666666,30,0.7857142857142857,-6.0,1,2,6,12,4,0.6666666666666666,18,18,0.4444444444444444,0.5,0.5333333333333333,2469.68696174461,11.270696516151245
P25_R42,25,42,0.3809523809523809,0.5873015873015873,-0.1666666666666666,63,0.6721311475409836,-5.7142857142857135,10,0.1587301587301587,10,0.1587301587301587,4,2,4,2,0.8,6,0.0,1,0.6666666666666666,0.3333333333333333,0.6060606060606061,0.0909090909090909,33,0.8709677419354839,-5.0,0,999,999,999,0,0.5,999,999,0.0,0.0,0.6,4112.498631523245,12.006150248215295
P25_R43,25,43,0.3809523809523809,0.5873015873015873,-0.1666666666666666,63,0.6721311475409836,-5.7142857142857135,10,0.1587301587301587,10,0.1587301587301587,4,2,4,2,0.8,6,0.0,1,0.6666666666666666,0.4,0.5333333333333333,0.1666666666666666,30,0.8571428571428571,-6.0,1,2,6,12,4,0.6666666666666666,18,18,0.4444444444444444,0.5,0.5333333333333333,6157.277263200011,12.588311107751025
P25_R44,25,44,0.3809523809523809,0.5873015873015873,-0.1666666666666666,63,0.6721311475409836,-5.7142857142857135,10,0.1587301587301587,10,0.1587301587301587,4,2,4,2,0.8,6,0.0,1,0.6666666666666666,0.3333333333333333,0.6,0.2,30,0.8214285714285714,-5.0,1,2,6,12,4,0.6666666666666666,18,18,0.3333333333333333,0.6111111111111112,0.5333333333333333,12525.276058261581,13.612669958550992
P25_R45,25,45,0.3809523809523809,0.5873015873015873,-0.1666666666666666,63,0.6721311475409836,-5.7142857142857135,10,0.1587301587301587,10,0.1587301587301587,4,2,4,2,0.8,6,0.0,1,0.6666666666666666,0.3666666666666666,0.5666666666666667,0.0909090909090909,30,0.75,-5.5,1,2,6,12,4,0.6666666666666666,18,18,0.3888888888888889,0.5555555555555556,0.5333333333333333,11151.417196690456,13.44506881612832
P25_R46,25,46,0.3809523809523809,0.5873015873015873,-0.1666666666666666,63,0.6721311475409836,-5.7142857142857135,10,0.1587301587301587,10,0.1587301587301587,4,2,4,2,0.8,6,0.0,1,0.6666666666666666,0.3939393939393939,0.5454545454545454,0.0769230769230769,33,0.9032258064516128,-5.909090909090909,0,999,999,999,0,0.5,999,999,0.0,0.0,0.6,12128.060787908316,13.566180219448297
P25_R47,25,47,0.3809523809523809,0.5873015873015873,-0.1666666666666666,63,0.6721311475409836,-5.7142857142857135,10,0.1587301587301587,10,0.1587301587301587,4,2,4,2,0.8,6,0.0,1,0.6666666666666666,0.3939393939393939,0.5454545454545454,0.0769230769230769,33,0.935483870967742,-5.909090909090909,1,2,16,22,4,0.6666666666666666,11,11,0.2727272727272727,0.6363636363636364,0.6,13073.157654821644,13.674430378690207
P26_R0,26,0,0.4901960784313725,0.4705882352941176,0.04,51,0.7959183673469388,-7.352941176470588,9,0.1764705882352941,10,0.196078431372549,5,1,5,1,0.65,6,0.0,0,0.6666666666666666,0.3333333333333333,0.6,0.2,30,0.8214285714285714,-5.0,1,2,6,12,4,0.6666666666666666,18,18,0.3333333333333333,0.6111111111111112,0.6,49.6431295532895,5.662294655488992
P26_R1,26,1,0.4901960784313725,0.4705882352941176,0.04,51,0.7959183673469388,-7.352941176470588,9,0.1764705882352941,10,0.196078431372549,5,1,5,1,0.65,6,0.0,0,0.6666666666666666,0.3333333333333333,0.6,0.0,30,0.8214285714285714,-5.0,1,2,6,12,4,0.6666666666666666,18,18,0.3333333333333333,0.6111111111111112,0.6,52.57697660093356,5.743541265729675
P26_R2,26,2,0.4901960784313725,0.4705882352941176,0.04,51,0.7959183673469388,-7.352941176470588,9,0.1764705882352941,10,0.196078431372549,5,1,5,1,0.65,6,0.0,0,0.6666666666666666,0.3636363636363636,0.5757575757575758,0.0,33,0.8709677419354839,-5.454545454545455,1,2,16,22,4,0.6666666666666666,11,11,0.2727272727272727,0.6363636363636364,0.6,90.30439249820198,6.512612362357962
P26_R3,26,3,0.4901960784313725,0.4705882352941176,0.04,51,0.7959183673469388,-7.352941176470588,9,0.1764705882352941,10,0.196078431372549,5,1,5,1,0.65,6,0.0,0,0.6666666666666666,0.4,0.5333333333333333,0.1666666666666666,30,0.8928571428571429,-6.0,1,2,6,12,4,0.8333333333333334,18,18,0.4444444444444444,0.5,0.5333333333333333,166.0643386641261,7.384260000234964
P26_R4,26,4,0.4901960784313725,0.4705882352941176,0.04,51,0.7959183673469388,-7.352941176470588,9,0.1764705882352941,10,0.196078431372549,5,1,5,1,0.65,6,0.0,0,0.6666666666666666,0.4,0.5333333333333333,0.1666666666666666,30,0.8214285714285714,-6.0,1,2,6,12,4,0.6666666666666666,18,18,0.4444444444444444,0.5,0.4666666666666667,153.02820934372477,7.267050785846337
P26_R5,26,5,0.4901960784313725,0.4705882352941176,0.04,51,0.7959183673469388,-7.352941176470588,9,0.1764705882352941,10,0.196078431372549,5,1,5,1,0.65,6,0.0,0,0.6666666666666666,0.3636363636363636,0.5757575757575758,0.0,33,0.8709677419354839,-5.454545454545455,1,1,11,17,5,0.8333333333333334,16,16,0.375,0.5625,0.6,244.23130295464816,7.937999335748821
P26_R6,26,6,0.4901960784313725,0.4705882352941176,0.04,51,0.7959183673469388,-7.352941176470588,9,0.1764705882352941,10,0.196078431372549,5,1,5,1,0.65,6,0.0,0,0.6666666666666666,0.3,0.6333333333333333,0.1111111111111111,30,0.8214285714285714,-4.5,1,2,6,12,4,0.6666666666666666,18,18,0.2777777777777778,0.6666666666666666,0.6,213.09803403792105,7.742127737965387
P26_R7,26,7,0.4901960784313725,0.4705882352941176,0.04,51,0.7959183673469388,-7.352941176470588,9,0.1764705882352941,10,0.196078431372549,5,1,5,1,0.65,6,0.0,0,0.6666666666666666,0.3666666666666666,0.5666666666666667,0.2727272727272727,30,0.9285714285714286,-5.5,1,2,6,12,4,0.6666666666666666,18,18,0.3888888888888889,0.5555555555555556,0.4666666666666667,224.00076555703188,7.813786099943501
P26_R8,26,8,0.4901960784313725,0.4705882352941176,0.04,51,0.7959183673469388,-7.352941176470588,9,0.1764705882352941,10,0.196078431372549,5,1,5,1,0.65,6,0.0,0,0.6666666666666666,0.3333333333333333,0.6060606060606061,-0.0909090909090909,33,0.935483870967742,-5.0,1,1,16,22,5,0.8333333333333334,11,11,0.1818181818181818,0.7272727272727273,0.6666666666666666,290.964050579317,8.189646931332717
P26_R9,26,9,0.4901960784313725,0.4705882352941176,0.04,51,0.7959183673469388,-7.352941176470588,9,0.1764705882352941,10,0.196078431372549,5,1,5,1,0.65,6,0.0,0,0.6666666666666666,0.4333333333333333,0.5,-0.0769230769230769,30,0.8214285714285714,-6.5,1,2,6,12,4,0.6666666666666666,18,18,0.5,0.4444444444444444,0.4,269.89877115516924,8.081610039009137
P26_R10,26,10,0.4901960784313725,0.4705882352941176,0.04,51,0.7959183673469388,-7.352941176470588,9,0.1764705882352941,10,0.196078431372549,5,1,5,1,0.65,6,0.0,0,0.6666666666666666,0.3636363636363636,0.5757575757575758,0.0,33,0.8709677419354839,-5.454545454545455,1,2,13,19,4,0.6666666666666666,14,14,0.3571428571428571,0.5714285714285714,0.5333333333333333,359.25257838207915,8.492864945797864
P26_R11,26,11,0.4901960784313725,0.4705882352941176,0.04,51,0.7959183673469388,-7.352941176470588,9,0.1764705882352941,10,0.196078431372549,5,1,5,1,0.65,6,0.0,0,0.6666666666666666,0.3333333333333333,0.6060606060606061,-0.0909090909090909,33,0.9032258064516128,-5.0,1,2,11,17,4,0.6666666666666666,16,16,0.375,0.5625,0.6,287.43280247627376,8.172091436457311
P26_R12,26,12,0.4901960784313725,0.4705882352941176,0.04,51,0.7959183673469388,-7.352941176470588,9,0.1764705882352941,10,0.196078431372549,5,1,5,1,0.65,6,0.0,0,0.6666666666666666,0.3666666666666666,0.5666666666666667,0.2727272727272727,30,0.8214285714285714,-5.5,1,2,6,12,4,0.8333333333333334,18,18,0.3888888888888889,0.5555555555555556,0.6,370.7848617357172,8.53832421784966
P26_R13,26,13,0.4901960784313725,0.4705882352941176,0.04,51,0.7959183673469388,-7.352941176470588,9,0.1764705882352941,10,0.196078431372549,5,1,5,1,0.65,6,0.0,0,0.6666666666666666,0.3333333333333333,0.6,0.0,30,0.7857142857142857,-5.0,1,2,6,12,4,0.6666666666666666,18,18,0.3333333333333333,0.6111111111111112,0.5333333333333333,328.2754246211042,8.363151030586495
P26_R14,26,14,0.4901960784313725,0.4705882352941176,0.04,51,0.7959183673469388,-7.352941176470588,9,0.1764705882352941,10,0.196078431372549,5,1,5,1,0.65,6,0.0,0,0.6666666666666666,0.3055555555555556,0.6388888888888888,0.0909090909090909,36,0.7941176470588235,-4.583333333333334,1,2,16,22,4,1.0,14,14,0.4285714285714285,0.5,0.4666666666666667,379.1429552737523,8.57039824538497
P26_R15,26,15,0.4901960784313725,0.4705882352941176,0.04,51,0.7959183673469388,-7.352941176470588,9,0.1764705882352941,10,0.196078431372549,5,1,5,1,0.65,6,0.0,0,0.6666666666666666,0.3333333333333333,0.6060606060606061,0.0909090909090909,33,0.8064516129032258,-5.0,1,2,15,21,4,0.6666666666666666,12,12,0.25,0.6666666666666666,0.6,342.2320995068415,8.423040671615073
P26_R16,26,16,0.4901960784313725,0.4705882352941176,0.04,51,0.7959183673469388,-7.352941176470588,9,0.1764705882352941,10,0.196078431372549,5,1,5,1,0.65,6,0.0,0,0.6666666666666666,0.4,0.5333333333333333,0.1666666666666666,30,0.8214285714285714,-6.0,1,2,6,12,4,0.6666666666666666,18,18,0.4444444444444444,0.5,0.5333333333333333,399.9672740274145,8.647340682003463
P26_R17,26,17,0.4901960784313725,0.4705882352941176,0.04,51,0.7959183673469388,-7.352941176470588,9,0.1764705882352941,10,0.196078431372549,5,1,5,1,0.65,6,0.0,0,0.6666666666666666,0.3939393939393939,0.5454545454545454,-0.0769230769230769,33,0.9032258064516128,-5.909090909090909,1,1,16,22,5,0.8333333333333334,11,11,0.2727272727272727,0.6363636363636364,0.5333333333333333,412.12314397187754,8.690428074849317
P26_R18,26,18,0.4901960784313725,0.4705882352941176,0.04,51,0.7959183673469388,-7.352941176470588,9,0.1764705882352941,10,0.196078431372549,5,1,5,1,0.65,6,0.0,0,0.6666666666666666,0.3636363636363636,0.5757575757575758,-0.1666666666666666,33,0.935483870967742,-5.454545454545455,1,2,16,22,4,0.6666666666666666,11,11,0.2727272727272727,0.6363636363636364,0.6,378.5100996700101,8.567994469486495
P26_R19,26,19,0.4901960784313725,0.4705882352941176,0.04,51,0.7959183673469388,-7.352941176470588,9,0.1764705882352941,10,0.196078431372549,5,1,5,1,0.65,6,0.0,0,0.6666666666666666,0.4583333333333333,0.4583333333333333,-0.0909090909090909,24,0.8636363636363636,-6.875,1,2,7,13,4,0.6666666666666666,11,11,0.5454545454545454,0.3636363636363636,0.4666666666666667,486.2089049624915,8.928396692123687
P26_R20,26,20,0.4901960784313725,0.4705882352941176,0.04,51,0.7959183673469388,-7.352941176470588,9,0.1764705882352941,10,0.196078431372549,5,1,5,1,0.65,6,0.0,0,0.6666666666666666,0.4333333333333333,0.5,0.2307692307692307,30,0.75,-6.5,1,2,6,12,4,0.8333333333333334,18,18,0.5,0.4444444444444444,0.4,554.4651935910513,9.117552702456907
P26_R21,26,21,0.4901960784313725,0.4705882352941176,0.04,51,0.7959183673469388,-7.352941176470588,9,0.1764705882352941,10,0.196078431372549,5,1,5,1,0.65,6,0.0,0,0.6666666666666666,0.3666666666666666,0.5666666666666667,0.0909090909090909,30,0.8214285714285714,-5.5,1,2,6,12,4,0.6666666666666666,18,18,0.3888888888888889,0.5555555555555556,0.5333333333333333,581.0230419086536,9.18493245938477
P26_R22,26,22,0.4901960784313725,0.4705882352941176,0.04,51,0.7959183673469388,-7.352941176470588,9,0.1764705882352941,10,0.196078431372549,5,1,5,1,0.65,6,0.0,0,0.6666666666666666,0.3529411764705882,0.5294117647058824,-0.6666666666666666,17,0.7333333333333333,-5.294117647058824,0,999,999,999,0,0.3333333333333333,999,999,0.0,0.0,0.6,673.8960428780808,9.398521484568455
P26_R23,26,23,0.4901960784313725,0.4705882352941176,0.04,51,0.7959183673469388,-7.352941176470588,9,0.1764705882352941,10,0.196078431372549,5,1,5,1,0.65,6,0.0,0,0.6666666666666666,0.3055555555555556,0.6388888888888888,-0.2727272727272727,36,0.6176470588235294,-4.583333333333334,1,2,21,27,4,0.6666666666666666,9,9,0.2222222222222222,0.6666666666666666,0.4666666666666667,704.0138241944801,9.461507736507835
P26_R24,26,24,0.4901960784313725,0.4705882352941176,0.04,51,0.7959183673469388,-7.352941176470588,9,0.1764705882352941,10,0.196078431372549,5,1,5,1,0.65,6,0.0,0,0.6666666666666666,0.2666666666666666,0.6666666666666666,0.25,30,0.7857142857142857,-4.0,1,2,6,12,4,0.6666666666666666,18,18,0.2222222222222222,0.7222222222222222,0.6666666666666666,544.5900888167223,9.091673626393336
P26_R25,26,25,0.4901960784313725,0.4705882352941176,0.04,51,0.7959183673469388,-7.352941176470588,9,0.1764705882352941,10,0.196078431372549,5,1,5,1,0.65,6,0.0,0,0.6666666666666666,0.3666666666666666,0.5666666666666667,0.2727272727272727,30,0.8214285714285714,-5.5,1,2,6,12,4,0.6666666666666666,18,18,0.3888888888888889,0.5555555555555556,0.5333333333333333,619.3547583793027,9.276949666216774
P26_R26,26,26,0.4901960784313725,0.4705882352941176,0.04,51,0.7959183673469388,-7.352941176470588,9,0.1764705882352941,10,0.196078431372549,5,1,5,1,0.65,6,0.0,0,0.6666666666666666,0.4,0.5333333333333333,0.3333333333333333,30,0.7857142857142857,-6.0,1,2,6,12,4,0.8333333333333334,18,18,0.4444444444444444,0.5,0.4666666666666667,574.0322432785324,9.167499043073228
P26_R27,26,27,0.4901960784313725,0.4705882352941176,0.04,51,0.7959183673469388,-7.352941176470588,9,0.1764705882352941,10,0.196078431372549,5,1,5,1,0.65,6,0.0,0,0.6666666666666666,0.3333333333333333,0.6060606060606061,-0.0909090909090909,33,0.8387096774193549,-5.0,0,999,999,999,0,0.5,999,999,0.0,0.0,0.7333333333333333,728.6978457168443,9.511155384279865
P26_R28,26,28,0.4901960784313725,0.4705882352941176,0.04,51,0.7959183673469388,-7.352941176470588,9,0.1764705882352941,10,0.196078431372549,5,1,5,1,0.65,6,0.0,0,0.6666666666666666,0.3939393939393939,0.5454545454545454,0.0769230769230769,33,0.8709677419354839,-5.909090909090909,1,2,11,17,4,0.6666666666666666,16,16,0.4375,0.5,0.5333333333333333,709.814037037943,9.473328361525487
P26_R29,26,29,0.4901960784313725,0.4705882352941176,0.04,51,0.7959183673469388,-7.352941176470588,9,0.1764705882352941,10,0.196078431372549,5,1,5,1,0.65,6,0.0,0,0.6666666666666666,0.3666666666666666,0.5666666666666667,0.0909090909090909,30,0.7857142857142857,-5.5,1,2,6,12,4,0.6666666666666666,18,18,0.3888888888888889,0.5555555555555556,0.6,1049.91432832208,10.03742934868847
P26_R30,26,30,0.4901960784313725,0.4705882352941176,0.04,51,0.7959183673469388,-7.352941176470588,9,0.1764705882352941,10,0.196078431372549,5,1,5,1,0.65,6,0.0,0,0.6666666666666666,0.4,0.5333333333333333,0.0,30,0.8214285714285714,-6.0,1,2,6,12,4,0.6666666666666666,18,18,0.4444444444444444,0.5,0.5333333333333333,898.9308888656466,9.813670402195672
P26_R31,26,31,0.4901960784313725,0.4705882352941176,0.04,51,0.7959183673469388,-7.352941176470588,9,0.1764705882352941,10,0.196078431372549,5,1,5,1,0.65,6,0.0,0,0.6666666666666666,0.4333333333333333,0.5,-0.0769230769230769,30,0.7857142857142857,-6.5,1,2,6,12,4,0.6666666666666666,18,18,0.5,0.4444444444444444,0.4666666666666667,1027.826818108337,10.006784439213169
P26_R32,26,32,0.4901960784313725,0.4705882352941176,0.04,51,0.7959183673469388,-7.352941176470588,9,0.1764705882352941,10,0.196078431372549,5,1,5,1,0.65,6,0.0,0,0.6666666666666666,0.4,0.5333333333333333,0.1666666666666666,30,0.8571428571428571,-6.0,1,2,6,12,4,0.8333333333333334,18,18,0.4444444444444444,0.5,0.5333333333333333,1477.3210657277978,10.529743916548147
P26_R33,26,33,0.4901960784313725,0.4705882352941176,0.04,51,0.7959183673469388,-7.352941176470588,9,0.1764705882352941,10,0.196078431372549,5,1,5,1,0.65,6,0.0,0,0.6666666666666666,0.3636363636363636,0.5757575757575758,0.0,33,0.7419354838709677,-5.454545454545455,1,2,13,19,4,0.6666666666666666,14,14,0.2142857142857142,0.7142857142857143,0.6666666666666666,1115.567888450507,10.12485525579858
P26_R34,26,34,0.4901960784313725,0.4705882352941176,0.04,51,0.7959183673469388,-7.352941176470588,9,0.1764705882352941,10,0.196078431372549,5,1,5,1,0.65,6,0.0,0,0.6666666666666666,0.3666666666666666,0.5666666666666667,0.0909090909090909,30,0.8571428571428571,-5.5,1,2,6,12,4,0.6666666666666666,18,18,0.3888888888888889,0.5555555555555556,0.4666666666666667,1232.6133634199346,10.268674583460912
P26_R35,26,35,0.4901960784313725,0.4705882352941176,0.04,51,0.7959183673469388,-7.352941176470588,9,0.1764705882352941,10,0.196078431372549,5,1,5,1,0.65,6,0.0,0,0.6666666666666666,0.303030303030303,0.6363636363636364,0.0,33,0.8064516129032258,-4.545454545454546,1,2,16,22,4,0.6666666666666666,11,11,0.2727272727272727,0.6363636363636364,0.6,1893.8732381890889,10.887885623954032
P26_R36,26,36,0.4901960784313725,0.4705882352941176,0.04,51,0.7959183673469388,-7.352941176470588,9,0.1764705882352941,10,0.196078431372549,5,1,5,1,0.65,6,0.0,0,0.6666666666666666,0.3636363636363636,0.5757575757575758,0.0,33,0.9032258064516128,-5.454545454545455,0,999,999,999,0,0.5,999,999,0.0,0.0,0.6,1819.4856805964898,10.830107677675397
P26_R37,26,37,0.4901960784313725,0.4705882352941176,0.04,51,0.7959183673469388,-7.352941176470588,9,0.1764705882352941,10,0.196078431372549,5,1,5,1,0.65,6,0.0,0,0.6666666666666666,0.3333333333333333,0.6060606060606061,-0.0909090909090909,33,0.8064516129032258,-5.0,0,999,999,999,0,0.5,999,999,0.0,0.0,0.6,2361.1418782501864,11.2058799051553
P26_R38,26,38,0.4901960784313725,0.4705882352941176,0.04,51,0.7959183673469388,-7.352941176470588,9,0.1764705882352941,10,0.196078431372549,5,1,5,1,0.65,6,0.0,0,0.6666666666666666,0.3636363636363636,0.5757575757575758,-0.1666666666666666,33,0.8064516129032258,-5.454545454545455,0,999,999,999,0,0.5,999,999,0.0,0.0,0.6666666666666666,1931.1362192373233,10.915981095135143
P26_R39,26,39,0.4901960784313725,0.4705882352941176,0.04,51,0.7959183673469388,-7.352941176470588,9,0.1764705882352941,10,0.196078431372549,5,1,5,1,0.65,6,0.0,0,0.6666666666666666,0.3939393939393939,0.5454545454545454,-0.0769230769230769,33,0.8709677419354839,-5.909090909090909,1,2,16,22,4,0.6666666666666666,11,11,0.1818181818181818,0.7272727272727273,0.6,2498.5276237106477,11.287439755820408
P26_R40,26,40,0.4901960784313725,0.4705882352941176,0.04,51,0.7959183673469388,-7.352941176470588,9,0.1764705882352941,10,0.196078431372549,5,1,5,1,0.65,6,0.0,0,0.6666666666666666,0.3666666666666666,0.5666666666666667,0.2727272727272727,30,0.8571428571428571,-5.5,1,2,6,12,4,0.8333333333333334,18,18,0.3888888888888889,0.5555555555555556,0.6,3555.662448638618,11.796308344025752
P26_R41,26,41,0.4901960784313725,0.4705882352941176,0.04,51,0.7959183673469388,-7.352941176470588,9,0.1764705882352941,10,0.196078431372549,5,1,5,1,0.65,6,0.0,0,0.6666666666666666,0.4,0.5333333333333333,0.1666666666666666,30,0.7857142857142857,-6.0,1,2,6,12,4,0.6666666666666666,18,18,0.4444444444444444,0.5,0.5333333333333333,3371.855566923285,11.719754824973375
P26_R42,26,42,0.4901960784313725,0.4705882352941176,0.04,51,0.7959183673469388,-7.352941176470588,9,0.1764705882352941,10,0.196078431372549,5,1,5,1,0.65,6,0.0,0,0.6666666666666666,0.3333333333333333,0.6060606060606061,0.0909090909090909,33,0.8709677419354839,-5.0,0,999,999,999,0,0.5,999,999,0.0,0.0,0.6,3402.4541343907936,11.732783952485809
P26_R43,26,43,0.4901960784313725,0.4705882352941176,0.04,51,0.7959183673469388,-7.352941176470588,9,0.1764705882352941,10,0.196078431372549,5,1,5,1,0.65,6,0.0,0,0.6666666666666666,0.4,0.5333333333333333,0.1666666666666666,30,0.8571428571428571,-6.0,1,2,6,12,4,0.6666666666666666,18,18,0.4444444444444444,0.5,0.5333333333333333,6481.624724855421,12.662362343272376
P26_R44,26,44,0.4901960784313725,0.4705882352941176,0.04,51,0.7959183673469388,-7.352941176470588,9,0.1764705882352941,10,0.196078431372549,5,1,5,1,0.65,6,0.0,0,0.6666666666666666,0.3333333333333333,0.6,0.2,30,0.8214285714285714,-5.0,1,2,6,12,4,0.6666666666666666,18,18,0.3333333333333333,0.6111111111111112,0.5333333333333333,10479.070471238378,13.35536079758553
P26_R45,26,45,0.4901960784313725,0.4705882352941176,0.04,51,0.7959183673469388,-7.352941176470588,9,0.1764705882352941,10,0.196078431372549,5,1,5,1,0.65,6,0.0,0,0.6666666666666666,0.3666666666666666,0.5666666666666667,0.0909090909090909,30,0.75,-5.5,1,2,6,12,4,0.6666666666666666,18,18,0.3888888888888889,0.5555555555555556,0.5333333333333333,8327.281540109427,13.023803124871721
P26_R46,26,46,0.4901960784313725,0.4705882352941176,0.04,51,0.7959183673469388,-7.352941176470588,9,0.1764705882352941,10,0.196078431372549,5,1,5,1,0.65,6,0.0,0,0.6666666666666666,0.3939393939393939,0.5454545454545454,0.0769230769230769,33,0.9032258064516128,-5.909090909090909,0,999,999,999,0,0.5,999,999,0.0,0.0,0.6,13922.948538878465,13.765280766718366
P26_R47,26,47,0.4901960784313725,0.4705882352941176,0.04,51,0.7959183673469388,-7.352941176470588,9,0.1764705882352941,10,0.196078431372549,5,1,5,1,0.65,6,0.0,0,0.6666666666666666,0.3939393939393939,0.5454545454545454,0.0769230769230769,33,0.935483870967742,-5.909090909090909,1,2,16,22,4,0.6666666666666666,11,11,0.2727272727272727,0.6363636363636364,0.6,20208.154905415326,14.30272137275358
P27_R0,27,0,0.6,0.36,0.0666666666666666,50,0.7083333333333334,-9.0,12,0.24,5,0.1,5,1,4,2,0.4,6,0.6666666666666666,0,0.6666666666666666,0.3333333333333333,0.6,0.2,30,0.8214285714285714,-5.0,1,2,6,12,4,0.6666666666666666,18,18,0.3333333333333333,0.6111111111111112,0.6,43.12161323179977,5.463413636473232
P27_R1,27,1,0.6,0.36,0.0666666666666666,50,0.7083333333333334,-9.0,12,0.24,5,0.1,5,1,4,2,0.4,6,0.6666666666666666,0,0.6666666666666666,0.3333333333333333,0.6,0.0,30,0.8214285714285714,-5.0,1,2,6,12,4,0.6666666666666666,18,18,0.3333333333333333,0.6111111111111112,0.6,64.50519904367744,6.03353751049724
P27_R2,27,2,0.6,0.36,0.0666666666666666,50,0.7083333333333334,-9.0,12,0.24,5,0.1,5,1,4,2,0.4,6,0.6666666666666666,0,0.6666666666666666,0.3636363636363636,0.5757575757575758,0.0,33,0.8709677419354839,-5.454545454545455,1,2,16,22,4,0.6666666666666666,11,11,0.2727272727272727,0.6363636363636364,0.6,70.403577605722,6.157924455762577
P27_R3,27,3,0.6,0.36,0.0666666666666666,50,0.7083333333333334,-9.0,12,0.24,5,0.1,5,1,4,2,0.4,6,0.6666666666666666,0,0.6666666666666666,0.4,0.5333333333333333,0.1666666666666666,30,0.8928571428571429,-6.0,1,2,6,12,4,0.8333333333333334,18,18,0.4444444444444444,0.5,0.5333333333333333,122.71029788082087,6.950821787770694
P27_R4,27,4,0.6,0.36,0.0666666666666666,50,0.7083333333333334,-9.0,12,0.24,5,0.1,5,1,4,2,0.4,6,0.6666666666666666,0,0.6666666666666666,0.4,0.5333333333333333,0.1666666666666666,30,0.8214285714285714,-6.0,1,2,6,12,4,0.6666666666666666,18,18,0.4444444444444444,0.5,0.4666666666666667,186.41096568947785,7.550061559436663
P27_R5,27,5,0.6,0.36,0.0666666666666666,50,0.7083333333333334,-9.0,12,0.24,5,0.1,5,1,4,2,0.4,6,0.6666666666666666,0,0.6666666666666666,0.3636363636363636,0.5757575757575758,0.0,33,0.8709677419354839,-5.454545454545455,1,1,11,17,5,0.8333333333333334,16,16,0.375,0.5625,0.6,183.08167454775614,7.5242022023669834
P27_R6,27,6,0.6,0.36,0.0666666666666666,50,0.7083333333333334,-9.0,12,0.24,5,0.1,5,1,4,2,0.4,6,0.6666666666666666,0,0.6666666666666666,0.3,0.6333333333333333,0.1111111111111111,30,0.8214285714285714,-4.5,1,2,6,12,4,0.6666666666666666,18,18,0.2777777777777778,0.6666666666666666,0.6,279.3524273917618,8.131097751003587
P27_R7,27,7,0.6,0.36,0.0666666666666666,50,0.7083333333333334,-9.0,12,0.24,5,0.1,5,1,4,2,0.4,6,0.6666666666666666,0,0.6666666666666666,0.3666666666666666,0.5666666666666667,0.2727272727272727,30,0.9285714285714286,-5.5,1,2,6,12,4,0.6666666666666666,18,18,0.3888888888888889,0.5555555555555556,0.4666666666666667,295.53078099990154,8.212038059439747
P27_R8,27,8,0.6,0.36,0.0666666666666666,50,0.7083333333333334,-9.0,12,0.24,5,0.1,5,1,4,2,0.4,6,0.6666666666666666,0,0.6666666666666666,0.3333333333333333,0.6060606060606061,-0.0909090909090909,33,0.935483870967742,-5.0,1,1,16,22,5,0.8333333333333334,11,11,0.1818181818181818,0.7272727272727273,0.6666666666666666,267.50350951791256,8.068797135084104
P27_R9,27,9,0.6,0.36,0.0666666666666666,50,0.7083333333333334,-9.0,12,0.24,5,0.1,5,1,4,2,0.4,6,0.6666666666666666,0,0.6666666666666666,0.4333333333333333,0.5,-0.0769230769230769,30,0.8214285714285714,-6.5,1,2,6,12,4,0.6666666666666666,18,18,0.5,0.4444444444444444,0.4,200.636334360935,7.655611822060614
P27_R10,27,10,0.6,0.36,0.0666666666666666,50,0.7083333333333334,-9.0,12,0.24,5,0.1,5,1,4,2,0.4,6,0.6666666666666666,0,0.6666666666666666,0.3636363636363636,0.5757575757575758,0.0,33,0.8709677419354839,-5.454545454545455,1,2,13,19,4,0.6666666666666666,14,14,0.3571428571428571,0.5714285714285714,0.5333333333333333,255.54237817400755,8.003053353741379
P27_R11,27,11,0.6,0.36,0.0666666666666666,50,0.7083333333333334,-9.0,12,0.24,5,0.1,5,1,4,2,0.4,6,0.6666666666666666,0,0.6666666666666666,0.3333333333333333,0.6060606060606061,-0.0909090909090909,33,0.9032258064516128,-5.0,1,2,11,17,4,0.6666666666666666,16,16,0.375,0.5625,0.6,398.6292639980207,8.64251842225185
P27_R12,27,12,0.6,0.36,0.0666666666666666,50,0.7083333333333334,-9.0,12,0.24,5,0.1,5,1,4,2,0.4,6,0.6666666666666666,0,0.6666666666666666,0.3666666666666666,0.5666666666666667,0.2727272727272727,30,0.8214285714285714,-5.5,1,2,6,12,4,0.8333333333333334,18,18,0.3888888888888889,0.5555555555555556,0.6,225.60709591177027,7.8240492277929805
P27_R13,27,13,0.6,0.36,0.0666666666666666,50,0.7083333333333334,-9.0,12,0.24,5,0.1,5,1,4,2,0.4,6,0.6666666666666666,0,0.6666666666666666,0.3333333333333333,0.6,0.0,30,0.7857142857142857,-5.0,1,2,6,12,4,0.6666666666666666,18,18,0.3333333333333333,0.6111111111111112,0.5333333333333333,329.2722773334078,8.367512066355028
P27_R14,27,14,0.6,0.36,0.0666666666666666,50,0.7083333333333334,-9.0,12,0.24,5,0.1,5,1,4,2,0.4,6,0.6666666666666666,0,0.6666666666666666,0.3055555555555556,0.6388888888888888,0.0909090909090909,36,0.7941176470588235,-4.583333333333334,1,2,16,22,4,1.0,14,14,0.4285714285714285,0.5,0.4666666666666667,302.26951831805275,8.244456689446944
P27_R15,27,15,0.6,0.36,0.0666666666666666,50,0.7083333333333334,-9.0,12,0.24,5,0.1,5,1,4,2,0.4,6,0.6666666666666666,0,0.6666666666666666,0.3333333333333333,0.6060606060606061,0.0909090909090909,33,0.8064516129032258,-5.0,1,2,15,21,4,0.6666666666666666,12,12,0.25,0.6666666666666666,0.6,442.756922583625,8.793625815418372
P27_R16,27,16,0.6,0.36,0.0666666666666666,50,0.7083333333333334,-9.0,12,0.24,5,0.1,5,1,4,2,0.4,6,0.6666666666666666,0,0.6666666666666666,0.4,0.5333333333333333,0.1666666666666666,30,0.8214285714285714,-6.0,1,2,6,12,4,0.6666666666666666,18,18,0.4444444444444444,0.5,0.5333333333333333,390.45862874692756,8.612716034314053
P27_R17,27,17,0.6,0.36,0.0666666666666666,50,0.7083333333333334,-9.0,12,0.24,5,0.1,5,1,4,2,0.4,6,0.6666666666666666,0,0.6666666666666666,0.3939393939393939,0.5454545454545454,-0.0769230769230769,33,0.9032258064516128,-5.909090909090909,1,1,16,22,5,0.8333333333333334,11,11,0.2727272727272727,0.6363636363636364,0.5333333333333333,477.7142214129387,8.903020855362717
P27_R18,27,18,0.6,0.36,0.0666666666666666,50,0.7083333333333334,-9.0,12,0.24,5,0.1,5,1,4,2,0.4,6,0.6666666666666666,0,0.6666666666666666,0.3636363636363636,0.5757575757575758,-0.1666666666666666,33,0.935483870967742,-5.454545454545455,1,2,16,22,4,0.6666666666666666,11,11,0.2727272727272727,0.6363636363636364,0.6,500.8180912072096,8.971020672527485
P27_R19,27,19,0.6,0.36,0.0666666666666666,50,0.7083333333333334,-9.0,12,0.24,5,0.1,5,1,4,2,0.4,6,0.6666666666666666,0,0.6666666666666666,0.4583333333333333,0.4583333333333333,-0.0909090909090909,24,0.8636363636363636,-6.875,1,2,7,13,4,0.6666666666666666,11,11,0.5454545454545454,0.3636363636363636,0.4666666666666667,621.7465791100645,9.282501381207515
P27_R20,27,20,0.6,0.36,0.0666666666666666,50,0.7083333333333334,-9.0,12,0.24,5,0.1,5,1,4,2,0.4,6,0.6666666666666666,0,0.6666666666666666,0.4333333333333333,0.5,0.2307692307692307,30,0.75,-6.5,1,2,6,12,4,0.8333333333333334,18,18,0.5,0.4444444444444444,0.4,523.1132340593883,9.033734727811417
P27_R21,27,21,0.6,0.36,0.0666666666666666,50,0.7083333333333334,-9.0,12,0.24,5,0.1,5,1,4,2,0.4,6,0.6666666666666666,0,0.6666666666666666,0.3666666666666666,0.5666666666666667,0.0909090909090909,30,0.8214285714285714,-5.5,1,2,6,12,4,0.6666666666666666,18,18,0.3888888888888889,0.5555555555555556,0.5333333333333333,603.0115941814489,9.238432432549482
P27_R22,27,22,0.6,0.36,0.0666666666666666,50,0.7083333333333334,-9.0,12,0.24,5,0.1,5,1,4,2,0.4,6,0.6666666666666666,0,0.6666666666666666,0.3529411764705882,0.5294117647058824,-0.6666666666666666,17,0.7333333333333333,-5.294117647058824,0,999,999,999,0,0.3333333333333333,999,999,0.0,0.0,0.6,459.2272785379944,8.846202687124544
P27_R23,27,23,0.6,0.36,0.0666666666666666,50,0.7083333333333334,-9.0,12,0.24,5,0.1,5,1,4,2,0.4,6,0.6666666666666666,0,0.6666666666666666,0.3055555555555556,0.6388888888888888,-0.2727272727272727,36,0.6176470588235294,-4.583333333333334,1,2,21,27,4,0.6666666666666666,9,9,0.2222222222222222,0.6666666666666666,0.4666666666666667,726.1313088319811,9.506072106182087
P27_R24,27,24,0.6,0.36,0.0666666666666666,50,0.7083333333333334,-9.0,12,0.24,5,0.1,5,1,4,2,0.4,6,0.6666666666666666,0,0.6666666666666666,0.2666666666666666,0.6666666666666666,0.25,30,0.7857142857142857,-4.0,1,2,6,12,4,0.6666666666666666,18,18,0.2222222222222222,0.7222222222222222,0.6666666666666666,551.1303301566136,9.108865044598941
P27_R25,27,25,0.6,0.36,0.0666666666666666,50,0.7083333333333334,-9.0,12,0.24,5,0.1,5,1,4,2,0.4,6,0.6666666666666666,0,0.6666666666666666,0.3666666666666666,0.5666666666666667,0.2727272727272727,30,0.8214285714285714,-5.5,1,2,6,12,4,0.6666666666666666,18,18,0.3888888888888889,0.5555555555555556,0.5333333333333333,577.3102454928674,9.175699851278484
P27_R26,27,26,0.6,0.36,0.0666666666666666,50,0.7083333333333334,-9.0,12,0.24,5,0.1,5,1,4,2,0.4,6,0.6666666666666666,0,0.6666666666666666,0.4,0.5333333333333333,0.3333333333333333,30,0.7857142857142857,-6.0,1,2,6,12,4,0.8333333333333334,18,18,0.4444444444444444,0.5,0.4666666666666667,673.616568507718,9.397923940995256
P27_R27,27,27,0.6,0.36,0.0666666666666666,50,0.7083333333333334,-9.0,12,0.24,5,0.1,5,1,4,2,0.4,6,0.6666666666666666,0,0.6666666666666666,0.3333333333333333,0.6060606060606061,-0.0909090909090909,33,0.8387096774193549,-5.0,0,999,999,999,0,0.5,999,999,0.0,0.0,0.7333333333333333,615.9068760320056,9.268908916383559
P27_R28,27,28,0.6,0.36,0.0666666666666666,50,0.7083333333333334,-9.0,12,0.24,5,0.1,5,1,4,2,0.4,6,0.6666666666666666,0,0.6666666666666666,0.3939393939393939,0.5454545454545454,0.0769230769230769,33,0.8709677419354839,-5.909090909090909,1,2,11,17,4,0.6666666666666666,16,16,0.4375,0.5,0.5333333333333333,861.8260873440861,9.752925986478212
P27_R29,27,29,0.6,0.36,0.0666666666666666,50,0.7083333333333334,-9.0,12,0.24,5,0.1,5,1,4,2,0.4,6,0.6666666666666666,0,0.6666666666666666,0.3666666666666666,0.5666666666666667,0.0909090909090909,30,0.7857142857142857,-5.5,1,2,6,12,4,0.6666666666666666,18,18,0.3888888888888889,0.5555555555555556,0.6,1020.8039683093773,9.996902728418132
P27_R30,27,30,0.6,0.36,0.0666666666666666,50,0.7083333333333334,-9.0,12,0.24,5,0.1,5,1,4,2,0.4,6,0.6666666666666666,0,0.6666666666666666,0.4,0.5333333333333333,0.0,30,0.8214285714285714,-6.0,1,2,6,12,4,0.6666666666666666,18,18,0.4444444444444444,0.5,0.5333333333333333,953.7142179177827,9.898925134342392
P27_R31,27,31,0.6,0.36,0.0666666666666666,50,0.7083333333333334,-9.0,12,0.24,5,0.1,5,1,4,2,0.4,6,0.6666666666666666,0,0.6666666666666666,0.4333333333333333,0.5,-0.0769230769230769,30,0.7857142857142857,-6.5,1,2,6,12,4,0.6666666666666666,18,18,0.5,0.4444444444444444,0.4666666666666667,897.2587295902952,9.810987240681742
P27_R32,27,32,0.6,0.36,0.0666666666666666,50,0.7083333333333334,-9.0,12,0.24,5,0.1,5,1,4,2,0.4,6,0.6666666666666666,0,0.6666666666666666,0.4,0.5333333333333333,0.1666666666666666,30,0.8571428571428571,-6.0,1,2,6,12,4,0.8333333333333334,18,18,0.4444444444444444,0.5,0.5333333333333333,1300.0318116217536,10.345440522588554
P27_R33,27,33,0.6,0.36,0.0666666666666666,50,0.7083333333333334,-9.0,12,0.24,5,0.1,5,1,4,2,0.4,6,0.6666666666666666,0,0.6666666666666666,0.3636363636363636,0.5757575757575758,0.0,33,0.7419354838709677,-5.454545454545455,1,2,13,19,4,0.6666666666666666,14,14,0.2142857142857142,0.7142857142857143,0.6666666666666666,1851.567905954533,10.855310710209837
P27_R34,27,34,0.6,0.36,0.0666666666666666,50,0.7083333333333334,-9.0,12,0.24,5,0.1,5,1,4,2,0.4,6,0.6666666666666666,0,0.6666666666666666,0.3666666666666666,0.5666666666666667,0.0909090909090909,30,0.8571428571428571,-5.5,1,2,6,12,4,0.6666666666666666,18,18,0.3888888888888889,0.5555555555555556,0.4666666666666667,1348.949623837082,10.398689855792668
P27_R35,27,35,0.6,0.36,0.0666666666666666,50,0.7083333333333334,-9.0,12,0.24,5,0.1,5,1,4,2,0.4,6,0.6666666666666666,0,0.6666666666666666,0.303030303030303,0.6363636363636364,0.0,33,0.8064516129032258,-4.545454545454546,1,2,16,22,4,0.6666666666666666,11,11,0.2727272727272727,0.6363636363636364,0.6,1533.8883577716808,10.583918007653844
P27_R36,27,36,0.6,0.36,0.0666666666666666,50,0.7083333333333334,-9.0,12,0.24,5,0.1,5,1,4,2,0.4,6,0.6666666666666666,0,0.6666666666666666,0.3636363636363636,0.5757575757575758,0.0,33,0.9032258064516128,-5.454545454545455,0,999,999,999,0,0.5,999,999,0.0,0.0,0.6,2205.022469693366,11.107231770401036
P27_R37,27,37,0.6,0.36,0.0666666666666666,50,0.7083333333333334,-9.0,12,0.24,5,0.1,5,1,4,2,0.4,6,0.6666666666666666,0,0.6666666666666666,0.3333333333333333,0.6060606060606061,-0.0909090909090909,33,0.8064516129032258,-5.0,0,999,999,999,0,0.5,999,999,0.0,0.0,0.6,2539.2411499854643,11.310749745979972
P27_R38,27,38,0.6,0.36,0.0666666666666666,50,0.7083333333333334,-9.0,12,0.24,5,0.1,5,1,4,2,0.4,6,0.6666666666666666,0,0.6666666666666666,0.3636363636363636,0.5757575757575758,-0.1666666666666666,33,0.8064516129032258,-5.454545454545455,0,999,999,999,0,0.5,999,999,0.0,0.0,0.6666666666666666,2687.566815849944,11.392621610356763
P27_R39,27,39,0.6,0.36,0.0666666666666666,50,0.7083333333333334,-9.0,12,0.24,5,0.1,5,1,4,2,0.4,6,0.6666666666666666,0,0.6666666666666666,0.3939393939393939,0.5454545454545454,-0.0769230769230769,33,0.8709677419354839,-5.909090909090909,1,2,16,22,4,0.6666666666666666,11,11,0.1818181818181818,0.7272727272727273,0.6,3553.323786523359,11.795359396511
P27_R40,27,40,0.6,0.36,0.0666666666666666,50,0.7083333333333334,-9.0,12,0.24,5,0.1,5,1,4,2,0.4,6,0.6666666666666666,0,0.6666666666666666,0.3666666666666666,0.5666666666666667,0.2727272727272727,30,0.8571428571428571,-5.5,1,2,6,12,4,0.8333333333333334,18,18,0.3888888888888889,0.5555555555555556,0.6,3028.5090981866315,11.564868322918484
P27_R41,27,41,0.6,0.36,0.0666666666666666,50,0.7083333333333334,-9.0,12,0.24,5,0.1,5,1,4,2,0.4,6,0.6666666666666666,0,0.6666666666666666,0.4,0.5333333333333333,0.1666666666666666,30,0.7857142857142857,-6.0,1,2,6,12,4,0.6666666666666666,18,18,0.4444444444444444,0.5,0.5333333333333333,3526.440560668859,11.784406057477325
P27_R42,27,42,0.6,0.36,0.0666666666666666,50,0.7083333333333334,-9.0,12,0.24,5,0.1,5,1,4,2,0.4,6,0.6666666666666666,0,0.6666666666666666,0.3333333333333333,0.6060606060606061,0.0909090909090909,33,0.8709677419354839,-5.0,0,999,999,999,0,0.5,999,999,0.0,0.0,0.6,5341.066651553332,12.383182260872022
P27_R43,27,43,0.6,0.36,0.0666666666666666,50,0.7083333333333334,-9.0,12,0.24,5,0.1,5,1,4,2,0.4,6,0.6666666666666666,0,0.6666666666666666,0.4,0.5333333333333333,0.1666666666666666,30,0.8571428571428571,-6.0,1,2,6,12,4,0.6666666666666666,18,18,0.4444444444444444,0.5,0.5333333333333333,7188.849669503995,12.811745890746908
P27_R44,27,44,0.6,0.36,0.0666666666666666,50,0.7083333333333334,-9.0,12,0.24,5,0.1,5,1,4,2,0.4,6,0.6666666666666666,0,0.6666666666666666,0.3333333333333333,0.6,0.2,30,0.8214285714285714,-5.0,1,2,6,12,4,0.6666666666666666,18,18,0.3333333333333333,0.6111111111111112,0.5333333333333333,10576.727308093548,13.368742068102208
P27_R45,27,45,0.6,0.36,0.0666666666666666,50,0.7083333333333334,-9.0,12,0.24,5,0.1,5,1,4,2,0.4,6,0.6666666666666666,0,0.6666666666666666,0.3666666666666666,0.5666666666666667,0.0909090909090909,30,0.75,-5.5,1,2,6,12,4,0.6666666666666666,18,18,0.3888888888888889,0.5555555555555556,0.5333333333333333,13103.229912527073,13.677744953816898
P27_R46,27,46,0.6,0.36,0.0666666666666666,50,0.7083333333333334,-9.0,12,0.24,5,0.1,5,1,4,2,0.4,6,0.6666666666666666,0,0.6666666666666666,0.3939393939393939,0.5454545454545454,0.0769230769230769,33,0.9032258064516128,-5.909090909090909,0,999,999,999,0,0.5,999,999,0.0,0.0,0.6,15340.76404068568,13.905176757203161
P27_R47,27,47,0.6,0.36,0.0666666666666666,50,0.7083333333333334,-9.0,12,0.24,5,0.1,5,1,4,2,0.4,6,0.6666666666666666,0,0.6666666666666666,0.3939393939393939,0.5454545454545454,0.0769230769230769,33,0.935483870967742,-5.909090909090909,1,2,16,22,4,0.6666666666666666,11,11,0.2727272727272727,0.6363636363636364,0.6,17637.529923828315,14.106442704618253
P28_R0,28,0,0.54,0.42,0.1111111111111111,50,0.6666666666666666,-8.100000000000001,11,0.22,9,0.18,5,1,4,2,0.45,6,0.6666666666666666,0,0.3333333333333333,0.3333333333333333,0.6,0.2,30,0.8214285714285714,-5.0,1,2,6,12,4,0.6666666666666666,18,18,0.3333333333333333,0.6111111111111112,0.6,47.019401559194996,5.58554551901043
P28_R1,28,1,0.54,0.42,0.1111111111111111,50,0.6666666666666666,-8.100000000000001,11,0.22,9,0.18,5,1,4,2,0.45,6,0.6666666666666666,0,0.3333333333333333,0.3333333333333333,0.6,0.0,30,0.8214285714285714,-5.0,1,2,6,12,4,0.6666666666666666,18,18,0.3333333333333333,0.6111111111111112,0.6,101.23936405012002,6.675806957340193
P28_R2,28,2,0.54,0.42,0.1111111111111111,50,0.6666666666666666,-8.100000000000001,11,0.22,9,0.18,5,1,4,2,0.45,6,0.6666666666666666,0,0.3333333333333333,0.3636363636363636,0.5757575757575758,0.0,33,0.8709677419354839,-5.454545454545455,1,2,16,22,4,0.6666666666666666,11,11,0.2727272727272727,0.6363636363636364,0.6,88.40627281203575,6.482304150427277
P28_R3,28,3,0.54,0.42,0.1111111111111111,50,0.6666666666666666,-8.100000000000001,11,0.22,9,0.18,5,1,4,2,0.45,6,0.6666666666666666,0,0.3333333333333333,0.4,0.5333333333333333,0.1666666666666666,30,0.8928571428571429,-6.0,1,2,6,12,4,0.8333333333333334,18,18,0.4444444444444444,0.5,0.5333333333333333,127.71979701193028,7.008090145854622
P28_R4,28,4,0.54,0.42,0.1111111111111111,50,0.6666666666666666,-8.100000000000001,11,0.22,9,0.18,5,1,4,2,0.45,6,0.6666666666666666,0,0.3333333333333333,0.4,0.5333333333333333,0.1666666666666666,30,0.8214285714285714,-6.0,1,2,6,12,4,0.6666666666666666,18,18,0.4444444444444444,0.5,0.4666666666666667,213.23048324732778,7.743019968185696
P28_R5,28,5,0.54,0.42,0.1111111111111111,50,0.6666666666666666,-8.100000000000001,11,0.22,9,0.18,5,1,4,2,0.45,6,0.6666666666666666,0,0.3333333333333333,0.3636363636363636,0.5757575757575758,0.0,33,0.8709677419354839,-5.454545454545455,1,1,11,17,5,0.8333333333333334,16,16,0.375,0.5625,0.6,247.46608536781883,7.956905132866993
P28_R6,28,6,0.54,0.42,0.1111111111111111,50,0.6666666666666666,-8.100000000000001,11,0.22,9,0.18,5,1,4,2,0.45,6,0.6666666666666666,0,0.3333333333333333,0.3,0.6333333333333333,0.1111111111111111,30,0.8214285714285714,-4.5,1,2,6,12,4,0.6666666666666666,18,18,0.2777777777777778,0.6666666666666666,0.6,246.5226840034452,7.951416935571636
P28_R7,28,7,0.54,0.42,0.1111111111111111,50,0.6666666666666666,-8.100000000000001,11,0.22,9,0.18,5,1,4,2,0.45,6,0.6666666666666666,0,0.3333333333333333,0.3666666666666666,0.5666666666666667,0.2727272727272727,30,0.9285714285714286,-5.5,1,2,6,12,4,0.6666666666666666,18,18,0.3888888888888889,0.5555555555555556,0.4666666666666667,288.613464141319,8.177984864704053
P28_R8,28,8,0.54,0.42,0.1111111111111111,50,0.6666666666666666,-8.100000000000001,11,0.22,9,0.18,5,1,4,2,0.45,6,0.6666666666666666,0,0.3333333333333333,0.3333333333333333,0.6060606060606061,-0.0909090909090909,33,0.935483870967742,-5.0,1,1,16,22,5,0.8333333333333334,11,11,0.1818181818181818,0.7272727272727273,0.6666666666666666,229.99748289374585,7.851733320911748
P28_R9,28,9,0.54,0.42,0.1111111111111111,50,0.6666666666666666,-8.100000000000001,11,0.22,9,0.18,5,1,4,2,0.45,6,0.6666666666666666,0,0.3333333333333333,0.4333333333333333,0.5,-0.0769230769230769,30,0.8214285714285714,-6.5,1,2,6,12,4,0.6666666666666666,18,18,0.5,0.4444444444444444,0.4,308.4460580293314,8.273544133637364
P28_R10,28,10,0.54,0.42,0.1111111111111111,50,0.6666666666666666,-8.100000000000001,11,0.22,9,0.18,5,1,4,2,0.45,6,0.6666666666666666,0,0.3333333333333333,0.3636363636363636,0.5757575757575758,0.0,33,0.8709677419354839,-5.454545454545455,1,2,13,19,4,0.6666666666666666,14,14,0.3571428571428571,0.5714285714285714,0.5333333333333333,397.3616827654786,8.637935075276216
P28_R11,28,11,0.54,0.42,0.1111111111111111,50,0.6666666666666666,-8.100000000000001,11,0.22,9,0.18,5,1,4,2,0.45,6,0.6666666666666666,0,0.3333333333333333,0.3333333333333333,0.6060606060606061,-0.0909090909090909,33,0.9032258064516128,-5.0,1,2,11,17,4,0.6666666666666666,16,16,0.375,0.5625,0.6,357.12141152268066,8.484304967506409
P28_R12,28,12,0.54,0.42,0.1111111111111111,50,0.6666666666666666,-8.100000000000001,11,0.22,9,0.18,5,1,4,2,0.45,6,0.6666666666666666,0,0.3333333333333333,0.3666666666666666,0.5666666666666667,0.2727272727272727,30,0.8214285714285714,-5.5,1,2,6,12,4,0.8333333333333334,18,18,0.3888888888888889,0.5555555555555556,0.6,325.0941816983341,8.349144889953884
P28_R13,28,13,0.54,0.42,0.1111111111111111,50,0.6666666666666666,-8.100000000000001,11,0.22,9,0.18,5,1,4,2,0.45,6,0.6666666666666666,0,0.3333333333333333,0.3333333333333333,0.6,0.0,30,0.7857142857142857,-5.0,1,2,6,12,4,0.6666666666666666,18,18,0.3333333333333333,0.6111111111111112,0.5333333333333333,323.112432197805,8.340350549912511
P28_R14,28,14,0.54,0.42,0.1111111111111111,50,0.6666666666666666,-8.100000000000001,11,0.22,9,0.18,5,1,4,2,0.45,6,0.6666666666666666,0,0.3333333333333333,0.3055555555555556,0.6388888888888888,0.0909090909090909,36,0.7941176470588235,-4.583333333333334,1,2,16,22,4,1.0,14,14,0.4285714285714285,0.5,0.4666666666666667,340.9789741239933,8.417763816466202
P28_R15,28,15,0.54,0.42,0.1111111111111111,50,0.6666666666666666,-8.100000000000001,11,0.22,9,0.18,5,1,4,2,0.45,6,0.6666666666666666,0,0.3333333333333333,0.3333333333333333,0.6060606060606061,0.0909090909090909,33,0.8064516129032258,-5.0,1,2,15,21,4,0.6666666666666666,12,12,0.25,0.6666666666666666,0.6,379.6666367675815,8.572384321326634
P28_R16,28,16,0.54,0.42,0.1111111111111111,50,0.6666666666666666,-8.100000000000001,11,0.22,9,0.18,5,1,4,2,0.45,6,0.6666666666666666,0,0.3333333333333333,0.4,0.5333333333333333,0.1666666666666666,30,0.8214285714285714,-6.0,1,2,6,12,4,0.6666666666666666,18,18,0.4444444444444444,0.5,0.5333333333333333,410.3337132027919,8.684165510767478
P28_R17,28,17,0.54,0.42,0.1111111111111111,50,0.6666666666666666,-8.100000000000001,11,0.22,9,0.18,5,1,4,2,0.45,6,0.6666666666666666,0,0.3333333333333333,0.3939393939393939,0.5454545454545454,-0.0769230769230769,33,0.9032258064516128,-5.909090909090909,1,1,16,22,5,0.8333333333333334,11,11,0.2727272727272727,0.6363636363636364,0.5333333333333333,518.4890633624846,9.020949566625495
P28_R18,28,18,0.54,0.42,0.1111111111111111,50,0.6666666666666666,-8.100000000000001,11,0.22,9,0.18,5,1,4,2,0.45,6,0.6666666666666666,0,0.3333333333333333,0.3636363636363636,0.5757575757575758,-0.1666666666666666,33,0.935483870967742,-5.454545454545455,1,2,16,22,4,0.6666666666666666,11,11,0.2727272727272727,0.6363636363636364,0.6,356.5573677991467,8.482030921454516
P28_R19,28,19,0.54,0.42,0.1111111111111111,50,0.6666666666666666,-8.100000000000001,11,0.22,9,0.18,5,1,4,2,0.45,6,0.6666666666666666,0,0.3333333333333333,0.4583333333333333,0.4583333333333333,-0.0909090909090909,24,0.8636363636363636,-6.875,1,2,7,13,4,0.6666666666666666,11,11,0.5454545454545454,0.3636363636363636,0.4666666666666667,539.9363937373776,9.079315153818449
P28_R20,28,20,0.54,0.42,0.1111111111111111,50,0.6666666666666666,-8.100000000000001,11,0.22,9,0.18,5,1,4,2,0.45,6,0.6666666666666666,0,0.3333333333333333,0.4333333333333333,0.5,0.2307692307692307,30,0.75,-6.5,1,2,6,12,4,0.8333333333333334,18,18,0.5,0.4444444444444444,0.4,512.0073053181014,9.00283555999527
P28_R21,28,21,0.54,0.42,0.1111111111111111,50,0.6666666666666666,-8.100000000000001,11,0.22,9,0.18,5,1,4,2,0.45,6,0.6666666666666666,0,0.3333333333333333,0.3666666666666666,0.5666666666666667,0.0909090909090909,30,0.8214285714285714,-5.5,1,2,6,12,4,0.6666666666666666,18,18,0.3888888888888889,0.5555555555555556,0.5333333333333333,606.1482344501175,9.24590498137509
P28_R22,28,22,0.54,0.42,0.1111111111111111,50,0.6666666666666666,-8.100000000000001,11,0.22,9,0.18,5,1,4,2,0.45,6,0.6666666666666666,0,0.3333333333333333,0.3529411764705882,0.5294117647058824,-0.6666666666666666,17,0.7333333333333333,-5.294117647058824,0,999,999,999,0,0.3333333333333333,999,999,0.0,0.0,0.6,487.0213753803591,8.930800529120006
P28_R23,28,23,0.54,0.42,0.1111111111111111,50,0.6666666666666666,-8.100000000000001,11,0.22,9,0.18,5,1,4,2,0.45,6,0.6666666666666666,0,0.3333333333333333,0.3055555555555556,0.6388888888888888,-0.2727272727272727,36,0.6176470588235294,-4.583333333333334,1,2,21,27,4,0.6666666666666666,9,9,0.2222222222222222,0.6666666666666666,0.4666666666666667,745.098274062098,9.543221860689847
P28_R24,28,24,0.54,0.42,0.1111111111111111,50,0.6666666666666666,-8.100000000000001,11,0.22,9,0.18,5,1,4,2,0.45,6,0.6666666666666666,0,0.3333333333333333,0.2666666666666666,0.6666666666666666,0.25,30,0.7857142857142857,-4.0,1,2,6,12,4,0.6666666666666666,18,18,0.2222222222222222,0.7222222222222222,0.6666666666666666,748.4059295132105,9.54960358250108
P28_R25,28,25,0.54,0.42,0.1111111111111111,50,0.6666666666666666,-8.100000000000001,11,0.22,9,0.18,5,1,4,2,0.45,6,0.6666666666666666,0,0.3333333333333333,0.3666666666666666,0.5666666666666667,0.2727272727272727,30,0.8214285714285714,-5.5,1,2,6,12,4,0.6666666666666666,18,18,0.3888888888888889,0.5555555555555556,0.5333333333333333,728.8618031898795,9.511479510305735
P28_R26,28,26,0.54,0.42,0.1111111111111111,50,0.6666666666666666,-8.100000000000001,11,0.22,9,0.18,5,1,4,2,0.45,6,0.6666666666666666,0,0.3333333333333333,0.4,0.5333333333333333,0.3333333333333333,30,0.7857142857142857,-6.0,1,2,6,12,4,0.8333333333333334,18,18,0.4444444444444444,0.5,0.4666666666666667,541.2263826004823,9.08275150051747
P28_R27,28,27,0.54,0.42,0.1111111111111111,50,0.6666666666666666,-8.100000000000001,11,0.22,9,0.18,5,1,4,2,0.45,6,0.6666666666666666,0,0.3333333333333333,0.3333333333333333,0.6060606060606061,-0.0909090909090909,33,0.8387096774193549,-5.0,0,999,999,999,0,0.5,999,999,0.0,0.0,0.7333333333333333,886.2058148534551,9.793125010901885
P28_R28,28,28,0.54,0.42,0.1111111111111111,50,0.6666666666666666,-8.100000000000001,11,0.22,9,0.18,5,1,4,2,0.45,6,0.6666666666666666,0,0.3333333333333333,0.3939393939393939,0.5454545454545454,0.0769230769230769,33,0.8709677419354839,-5.909090909090909,1,2,11,17,4,0.6666666666666666,16,16,0.4375,0.5,0.5333333333333333,889.3749257000729,9.79826915455981
P28_R29,28,29,0.54,0.42,0.1111111111111111,50,0.6666666666666666,-8.100000000000001,11,0.22,9,0.18,5,1,4,2,0.45,6,0.6666666666666666,0,0.3333333333333333,0.3666666666666666,0.5666666666666667,0.0909090909090909,30,0.7857142857142857,-5.5,1,2,6,12,4,0.6666666666666666,18,18,0.3888888888888889,0.5555555555555556,0.6,697.4897393889918,9.4480951127948
P28_R30,28,30,0.54,0.42,0.1111111111111111,50,0.6666666666666666,-8.100000000000001,11,0.22,9,0.18,5,1,4,2,0.45,6,0.6666666666666666,0,0.3333333333333333,0.4,0.5333333333333333,0.0,30,0.8214285714285714,-6.0,1,2,6,12,4,0.6666666666666666,18,18,0.4444444444444444,0.5,0.5333333333333333,914.0013189983716,9.8376300128556
P28_R31,28,31,0.54,0.42,0.1111111111111111,50,0.6666666666666666,-8.100000000000001,11,0.22,9,0.18,5,1,4,2,0.45,6,0.6666666666666666,0,0.3333333333333333,0.4333333333333333,0.5,-0.0769230769230769,30,0.7857142857142857,-6.5,1,2,6,12,4,0.6666666666666666,18,18,0.5,0.4444444444444444,0.4666666666666667,1208.8341941548526,10.240593626656764
P28_R32,28,32,0.54,0.42,0.1111111111111111,50,0.6666666666666666,-8.100000000000001,11,0.22,9,0.18,5,1,4,2,0.45,6,0.6666666666666666,0,0.3333333333333333,0.4,0.5333333333333333,0.1666666666666666,30,0.8571428571428571,-6.0,1,2,6,12,4,0.8333333333333334,18,18,0.4444444444444444,0.5,0.5333333333333333,1446.9010332570513,10.499747279549535
P28_R33,28,33,0.54,0.42,0.1111111111111111,50,0.6666666666666666,-8.100000000000001,11,0.22,9,0.18,5,1,4,2,0.45,6,0.6666666666666666,0,0.3333333333333333,0.3636363636363636,0.5757575757575758,0.0,33,0.7419354838709677,-5.454545454545455,1,2,13,19,4,0.6666666666666666,14,14,0.2142857142857142,0.7142857142857143,0.6666666666666666,1709.7895580737802,10.740446591423652
P28_R34,28,34,0.54,0.42,0.1111111111111111,50,0.6666666666666666,-8.100000000000001,11,0.22,9,0.18,5,1,4,2,0.45,6,0.6666666666666666,0,0.3333333333333333,0.3666666666666666,0.5666666666666667,0.0909090909090909,30,0.8571428571428571,-5.5,1,2,6,12,4,0.6666666666666666,18,18,0.3888888888888889,0.5555555555555556,0.4666666666666667,1877.163557675813,10.87510698853406
P28_R35,28,35,0.54,0.42,0.1111111111111111,50,0.6666666666666666,-8.100000000000001,11,0.22,9,0.18,5,1,4,2,0.45,6,0.6666666666666666,0,0.3333333333333333,0.303030303030303,0.6363636363636364,0.0,33,0.8064516129032258,-4.545454545454546,1,2,16,22,4,0.6666666666666666,11,11,0.2727272727272727,0.6363636363636364,0.6,2259.435862384259,11.142385267865148
P28_R36,28,36,0.54,0.42,0.1111111111111111,50,0.6666666666666666,-8.100000000000001,11,0.22,9,0.18,5,1,4,2,0.45,6,0.6666666666666666,0,0.3333333333333333,0.3636363636363636,0.5757575757575758,0.0,33,0.9032258064516128,-5.454545454545455,0,999,999,999,0,0.5,999,999,0.0,0.0,0.6,2335.4716824852985,11.190115836829236
P28_R37,28,37,0.54,0.42,0.1111111111111111,50,0.6666666666666666,-8.100000000000001,11,0.22,9,0.18,5,1,4,2,0.45,6,0.6666666666666666,0,0.3333333333333333,0.3333333333333333,0.6060606060606061,-0.0909090909090909,33,0.8064516129032258,-5.0,0,999,999,999,0,0.5,999,999,0.0,0.0,0.6,1594.1574455432633,10.639483112849227
P28_R38,28,38,0.54,0.42,0.1111111111111111,50,0.6666666666666666,-8.100000000000001,11,0.22,9,0.18,5,1,4,2,0.45,6,0.6666666666666666,0,0.3333333333333333,0.3636363636363636,0.5757575757575758,-0.1666666666666666,33,0.8064516129032258,-5.454545454545455,0,999,999,999,0,0.5,999,999,0.0,0.0,0.6666666666666666,2421.2340914271194,11.242122582485935
P28_R39,28,39,0.54,0.42,0.1111111111111111,50,0.6666666666666666,-8.100000000000001,11,0.22,9,0.18,5,1,4,2,0.45,6,0.6666666666666666,0,0.3333333333333333,0.3939393939393939,0.5454545454545454,-0.0769230769230769,33,0.8709677419354839,-5.909090909090909,1,2,16,22,4,0.6666666666666666,11,11,0.1818181818181818,0.7272727272727273,0.6,2636.135974819519,11.364756245375482
P28_R40,28,40,0.54,0.42,0.1111111111111111,50,0.6666666666666666,-8.100000000000001,11,0.22,9,0.18,5,1,4,2,0.45,6,0.6666666666666666,0,0.3333333333333333,0.3666666666666666,0.5666666666666667,0.2727272727272727,30,0.8571428571428571,-5.5,1,2,6,12,4,0.8333333333333334,18,18,0.3888888888888889,0.5555555555555556,0.6,2181.5276318526253,11.09178420384757
P28_R41,28,41,0.54,0.42,0.1111111111111111,50,0.6666666666666666,-8.100000000000001,11,0.22,9,0.18,5,1,4,2,0.45,6,0.6666666666666666,0,0.3333333333333333,0.4,0.5333333333333333,0.1666666666666666,30,0.7857142857142857,-6.0,1,2,6,12,4,0.6666666666666666,18,18,0.4444444444444444,0.5,0.5333333333333333,3256.932855551803,11.66974115557259
P28_R42,28,42,0.54,0.42,0.1111111111111111,50,0.6666666666666666,-8.100000000000001,11,0.22,9,0.18,5,1,4,2,0.45,6,0.6666666666666666,0,0.3333333333333333,0.3333333333333333,0.6060606060606061,0.0909090909090909,33,0.8709677419354839,-5.0,0,999,999,999,0,0.5,999,999,0.0,0.0,0.6,4311.042905570855,12.074155817888485
P28_R43,28,43,0.54,0.42,0.1111111111111111,50,0.6666666666666666,-8.100000000000001,11,0.22,9,0.18,5,1,4,2,0.45,6,0.6666666666666666,0,0.3333333333333333,0.4,0.5333333333333333,0.1666666666666666,30,0.8571428571428571,-6.0,1,2,6,12,4,0.6666666666666666,18,18,0.4444444444444444,0.5,0.5333333333333333,6338.672136901968,12.630192516399571
P28_R44,28,44,0.54,0.42,0.1111111111111111,50,0.6666666666666666,-8.100000000000001,11,0.22,9,0.18,5,1,4,2,0.45,6,0.6666666666666666,0,0.3333333333333333,0.3333333333333333,0.6,0.2,30,0.8214285714285714,-5.0,1,2,6,12,4,0.6666666666666666,18,18,0.3333333333333333,0.6111111111111112,0.5333333333333333,12601.945877757038,13.621473375693972
P28_R45,28,45,0.54,0.42,0.1111111111111111,50,0.6666666666666666,-8.100000000000001,11,0.22,9,0.18,5,1,4,2,0.45,6,0.6666666666666666,0,0.3333333333333333,0.3666666666666666,0.5666666666666667,0.0909090909090909,30,0.75,-5.5,1,2,6,12,4,0.6666666666666666,18,18,0.3888888888888889,0.5555555555555556,0.5333333333333333,10765.735025771202,13.394293203595298
P28_R46,28,46,0.54,0.42,0.1111111111111111,50,0.6666666666666666,-8.100000000000001,11,0.22,9,0.18,5,1,4,2,0.45,6,0.6666666666666666,0,0.3333333333333333,0.3939393939393939,0.5454545454545454,0.0769230769230769,33,0.9032258064516128,-5.909090909090909,0,999,999,999,0,0.5,999,999,0.0,0.0,0.6,13051.86159865313,13.6720785052422
P28_R47,28,47,0.54,0.42,0.1111111111111111,50,0.6666666666666666,-8.100000000000001,11,0.22,9,0.18,5,1,4,2,0.45,6,0.6666666666666666,0,0.3333333333333333,0.3939393939393939,0.5454545454545454,0.0769230769230769,33,0.935483870967742,-5.909090909090909,1,2,16,22,4,0.6666666666666666,11,11,0.2727272727272727,0.6363636363636364,0.6,23943.526587654356,14.547408291573767
P29_R0,29,0,0.5490196078431373,0.4117647058823529,0.1428571428571428,51,0.7551020408163265,-8.23529411764706,10,0.196078431372549,5,0.0980392156862745,5,1,5,1,0.6,6,0.0,0,0.6666666666666666,0.3333333333333333,0.6,0.2,30,0.8214285714285714,-5.0,1,2,6,12,4,0.6666666666666666,18,18,0.3333333333333333,0.6111111111111112,0.6,51.468066488487366,5.713367720795895
P29_R1,29,1,0.5490196078431373,0.4117647058823529,0.1428571428571428,51,0.7551020408163265,-8.23529411764706,10,0.196078431372549,5,0.0980392156862745,5,1,5,1,0.6,6,0.0,0,0.6666666666666666,0.3333333333333333,0.6,0.0,30,0.8214285714285714,-5.0,1,2,6,12,4,0.6666666666666666,18,18,0.3333333333333333,0.6111111111111112,0.6,78.04364454658212,6.304577563167002
P29_R2,29,2,0.5490196078431373,0.4117647058823529,0.1428571428571428,51,0.7551020408163265,-8.23529411764706,10,0.196078431372549,5,0.0980392156862745,5,1,5,1,0.6,6,0.0,0,0.6666666666666666,0.3636363636363636,0.5757575757575758,0.0,33,0.8709677419354839,-5.454545454545455,1,2,16,22,4,0.6666666666666666,11,11,0.2727272727272727,0.6363636363636364,0.6,64.6610518881654,6.036965956916504
P29_R3,29,3,0.5490196078431373,0.4117647058823529,0.1428571428571428,51,0.7551020408163265,-8.23529411764706,10,0.196078431372549,5,0.0980392156862745,5,1,5,1,0.6,6,0.0,0,0.6666666666666666,0.4,0.5333333333333333,0.1666666666666666,30,0.8928571428571429,-6.0,1,2,6,12,4,0.8333333333333334,18,18,0.4444444444444444,0.5,0.5333333333333333,191.70439409717943,7.590245658501943
P29_R4,29,4,0.5490196078431373,0.4117647058823529,0.1428571428571428,51,0.7551020408163265,-8.23529411764706,10,0.196078431372549,5,0.0980392156862745,5,1,5,1,0.6,6,0.0,0,0.6666666666666666,0.4,0.5333333333333333,0.1666666666666666,30,0.8214285714285714,-6.0,1,2,6,12,4,0.6666666666666666,18,18,0.4444444444444444,0.5,0.4666666666666667,206.91484562634847,7.699848963588397
P29_R5,29,5,0.5490196078431373,0.4117647058823529,0.1428571428571428,51,0.7551020408163265,-8.23529411764706,10,0.196078431372549,5,0.0980392156862745,5,1,5,1,0.6,6,0.0,0,0.6666666666666666,0.3636363636363636,0.5757575757575758,0.0,33,0.8709677419354839,-5.454545454545455,1,1,11,17,5,0.8333333333333334,16,16,0.375,0.5625,0.6,248.93596425461823,7.965414701117743
P29_R6,29,6,0.5490196078431373,0.4117647058823529,0.1428571428571428,51,0.7551020408163265,-8.23529411764706,10,0.196078431372549,5,0.0980392156862745,5,1,5,1,0.6,6,0.0,0,0.6666666666666666,0.3,0.6333333333333333,0.1111111111111111,30,0.8214285714285714,-4.5,1,2,6,12,4,0.6666666666666666,18,18,0.2777777777777778,0.6666666666666666,0.6,283.9061025401604,8.154342713542968
P29_R7,29,7,0.5490196078431373,0.4117647058823529,0.1428571428571428,51,0.7551020408163265,-8.23529411764706,10,0.196078431372549,5,0.0980392156862745,5,1,5,1,0.6,6,0.0,0,0.6666666666666666,0.3666666666666666,0.5666666666666667,0.2727272727272727,30,0.9285714285714286,-5.5,1,2,6,12,4,0.6666666666666666,18,18,0.3888888888888889,0.5555555555555556,0.4666666666666667,218.37195075230449,7.777235262017667
P29_R8,29,8,0.5490196078431373,0.4117647058823529,0.1428571428571428,51,0.7551020408163265,-8.23529411764706,10,0.196078431372549,5,0.0980392156862745,5,1,5,1,0.6,6,0.0,0,0.6666666666666666,0.3333333333333333,0.6060606060606061,-0.0909090909090909,33,0.935483870967742,-5.0,1,1,16,22,5,0.8333333333333334,11,11,0.1818181818181818,0.7272727272727273,0.6666666666666666,339.05273915325125,8.409614702650586
P29_R9,29,9,0.5490196078431373,0.4117647058823529,0.1428571428571428,51,0.7551020408163265,-8.23529411764706,10,0.196078431372549,5,0.0980392156862745,5,1,5,1,0.6,6,0.0,0,0.6666666666666666,0.4333333333333333,0.5,-0.0769230769230769,30,0.8214285714285714,-6.5,1,2,6,12,4,0.6666666666666666,18,18,0.5,0.4444444444444444,0.4,283.4343510272643,8.151951898979625
P29_R10,29,10,0.5490196078431373,0.4117647058823529,0.1428571428571428,51,0.7551020408163265,-8.23529411764706,10,0.196078431372549,5,0.0980392156862745,5,1,5,1,0.6,6,0.0,0,0.6666666666666666,0.3636363636363636,0.5757575757575758,0.0,33,0.8709677419354839,-5.454545454545455,1,2,13,19,4,0.6666666666666666,14,14,0.3571428571428571,0.5714285714285714,0.5333333333333333,294.1878794016646,8.205489674431483
P29_R11,29,11,0.5490196078431373,0.4117647058823529,0.1428571428571428,51,0.7551020408163265,-8.23529411764706,10,0.196078431372549,5,0.0980392156862745,5,1,5,1,0.6,6,0.0,0,0.6666666666666666,0.3333333333333333,0.6060606060606061,-0.0909090909090909,33,0.9032258064516128,-5.0,1,2,11,17,4,0.6666666666666666,16,16,0.375,0.5625,0.6,314.6076076377974,8.301988171327114
P29_R12,29,12,0.5490196078431373,0.4117647058823529,0.1428571428571428,51,0.7551020408163265,-8.23529411764706,10,0.196078431372549,5,0.0980392156862745,5,1,5,1,0.6,6,0.0,0,0.6666666666666666,0.3666666666666666,0.5666666666666667,0.2727272727272727,30,0.8214285714285714,-5.5,1,2,6,12,4,0.8333333333333334,18,18,0.3888888888888889,0.5555555555555556,0.6,320.6577602515251,8.329382685054451
P29_R13,29,13,0.5490196078431373,0.4117647058823529,0.1428571428571428,51,0.7551020408163265,-8.23529411764706,10,0.196078431372549,5,0.0980392156862745,5,1,5,1,0.6,6,0.0,0,0.6666666666666666,0.3333333333333333,0.6,0.0,30,0.7857142857142857,-5.0,1,2,6,12,4,0.6666666666666666,18,18,0.3333333333333333,0.6111111111111112,0.5333333333333333,393.54368780656614,8.62404124842207
P29_R14,29,14,0.5490196078431373,0.4117647058823529,0.1428571428571428,51,0.7551020408163265,-8.23529411764706,10,0.196078431372549,5,0.0980392156862745,5,1,5,1,0.6,6,0.0,0,0.6666666666666666,0.3055555555555556,0.6388888888888888,0.0909090909090909,36,0.7941176470588235,-4.583333333333334,1,2,16,22,4,1.0,14,14,0.4285714285714285,0.5,0.4666666666666667,383.2483417845209,8.585895223784693
P29_R15,29,15,0.5490196078431373,0.4117647058823529,0.1428571428571428,51,0.7551020408163265,-8.23529411764706,10,0.196078431372549,5,0.0980392156862745,5,1,5,1,0.6,6,0.0,0,0.6666666666666666,0.3333333333333333,0.6060606060606061,0.0909090909090909,33,0.8064516129032258,-5.0,1,2,15,21,4,0.6666666666666666,12,12,0.25,0.6666666666666666,0.6,442.3385638960818,8.79226505086083
P29_R16,29,16,0.5490196078431373,0.4117647058823529,0.1428571428571428,51,0.7551020408163265,-8.23529411764706,10,0.196078431372549,5,0.0980392156862745,5,1,5,1,0.6,6,0.0,0,0.6666666666666666,0.4,0.5333333333333333,0.1666666666666666,30,0.8214285714285714,-6.0,1,2,6,12,4,0.6666666666666666,18,18,0.4444444444444444,0.5,0.5333333333333333,441.08953910105123,8.788194786845283
P29_R17,29,17,0.5490196078431373,0.4117647058823529,0.1428571428571428,51,0.7551020408163265,-8.23529411764706,10,0.196078431372549,5,0.0980392156862745,5,1,5,1,0.6,6,0.0,0,0.6666666666666666,0.3939393939393939,0.5454545454545454,-0.0769230769230769,33,0.9032258064516128,-5.909090909090909,1,1,16,22,5,0.8333333333333334,11,11,0.2727272727272727,0.6363636363636364,0.5333333333333333,496.39776042701055,8.958256201494965
P29_R18,29,18,0.5490196078431373,0.4117647058823529,0.1428571428571428,51,0.7551020408163265,-8.23529411764706,10,0.196078431372549,5,0.0980392156862745,5,1,5,1,0.6,6,0.0,0,0.6666666666666666,0.3636363636363636,0.5757575757575758,-0.1666666666666666,33,0.935483870967742,-5.454545454545455,1,2,16,22,4,0.6666666666666666,11,11,0.2727272727272727,0.6363636363636364,0.6,441.67510351880065,8.790104426910581
P29_R19,29,19,0.5490196078431373,0.4117647058823529,0.1428571428571428,51,0.7551020408163265,-8.23529411764706,10,0.196078431372549,5,0.0980392156862745,5,1,5,1,0.6,6,0.0,0,0.6666666666666666,0.4583333333333333,0.4583333333333333,-0.0909090909090909,24,0.8636363636363636,-6.875,1,2,7,13,4,0.6666666666666666,11,11,0.5454545454545454,0.3636363636363636,0.4666666666666667,674.2065132605886,9.399185010590305
P29_R20,29,20,0.5490196078431373,0.4117647058823529,0.1428571428571428,51,0.7551020408163265,-8.23529411764706,10,0.196078431372549,5,0.0980392156862745,5,1,5,1,0.6,6,0.0,0,0.6666666666666666,0.4333333333333333,0.5,0.2307692307692307,30,0.75,-6.5,1,2,6,12,4,0.8333333333333334,18,18,0.5,0.4444444444444444,0.4,435.7321244317937,8.770604844212988
P29_R21,29,21,0.5490196078431373,0.4117647058823529,0.1428571428571428,51,0.7551020408163265,-8.23529411764706,10,0.196078431372549,5,0.0980392156862745,5,1,5,1,0.6,6,0.0,0,0.6666666666666666,0.3666666666666666,0.5666666666666667,0.0909090909090909,30,0.8214285714285714,-5.5,1,2,6,12,4,0.6666666666666666,18,18,0.3888888888888889,0.5555555555555556,0.5333333333333333,703.9084814194321,9.461292153707516
P29_R22,29,22,0.5490196078431373,0.4117647058823529,0.1428571428571428,51,0.7551020408163265,-8.23529411764706,10,0.196078431372549,5,0.0980392156862745,5,1,5,1,0.6,6,0.0,0,0.6666666666666666,0.3529411764705882,0.5294117647058824,-0.6666666666666666,17,0.7333333333333333,-5.294117647058824,0,999,999,999,0,0.3333333333333333,999,999,0.0,0.0,0.6,720.1558664716824,9.494167298732046
P29_R23,29,23,0.5490196078431373,0.4117647058823529,0.1428571428571428,51,0.7551020408163265,-8.23529411764706,10,0.196078431372549,5,0.0980392156862745,5,1,5,1,0.6,6,0.0,0,0.6666666666666666,0.3055555555555556,0.6388888888888888,-0.2727272727272727,36,0.6176470588235294,-4.583333333333334,1,2,21,27,4,0.6666666666666666,9,9,0.2222222222222222,0.6666666666666666,0.4666666666666667,546.3845281254816,9.096410847144577
P29_R24,29,24,0.5490196078431373,0.4117647058823529,0.1428571428571428,51,0.7551020408163265,-8.23529411764706,10,0.196078431372549,5,0.0980392156862745,5,1,5,1,0.6,6,0.0,0,0.6666666666666666,0.2666666666666666,0.6666666666666666,0.25,30,0.7857142857142857,-4.0,1,2,6,12,4,0.6666666666666666,18,18,0.2222222222222222,0.7222222222222222,0.6666666666666666,882.1981286424376,9.786593305050753
P29_R25,29,25,0.5490196078431373,0.4117647058823529,0.1428571428571428,51,0.7551020408163265,-8.23529411764706,10,0.196078431372549,5,0.0980392156862745,5,1,5,1,0.6,6,0.0,0,0.6666666666666666,0.3666666666666666,0.5666666666666667,0.2727272727272727,30,0.8214285714285714,-5.5,1,2,6,12,4,0.6666666666666666,18,18,0.3888888888888889,0.5555555555555556,0.5333333333333333,745.3056918243993,9.543622878893808
P29_R26,29,26,0.5490196078431373,0.4117647058823529,0.1428571428571428,51,0.7551020408163265,-8.23529411764706,10,0.196078431372549,5,0.0980392156862745,5,1,5,1,0.6,6,0.0,0,0.6666666666666666,0.4,0.5333333333333333,0.3333333333333333,30,0.7857142857142857,-6.0,1,2,6,12,4,0.8333333333333334,18,18,0.4444444444444444,0.5,0.4666666666666667,799.2286399150942,9.644268452954714
P29_R27,29,27,0.5490196078431373,0.4117647058823529,0.1428571428571428,51,0.7551020408163265,-8.23529411764706,10,0.196078431372549,5,0.0980392156862745,5,1,5,1,0.6,6,0.0,0,0.6666666666666666,0.3333333333333333,0.6060606060606061,-0.0909090909090909,33,0.8387096774193549,-5.0,0,999,999,999,0,0.5,999,999,0.0,0.0,0.7333333333333333,799.2787346248043,9.644358763553024
P29_R28,29,28,0.5490196078431373,0.4117647058823529,0.1428571428571428,51,0.7551020408163265,-8.23529411764706,10,0.196078431372549,5,0.0980392156862745,5,1,5,1,0.6,6,0.0,0,0.6666666666666666,0.3939393939393939,0.5454545454545454,0.0769230769230769,33,0.8709677419354839,-5.909090909090909,1,2,11,17,4,0.6666666666666666,16,16,0.4375,0.5,0.5333333333333333,823.9682931705881,9.688194861660945
P29_R29,29,29,0.5490196078431373,0.4117647058823529,0.1428571428571428,51,0.7551020408163265,-8.23529411764706,10,0.196078431372549,5,0.0980392156862745,5,1,5,1,0.6,6,0.0,0,0.6666666666666666,0.3666666666666666,0.5666666666666667,0.0909090909090909,30,0.7857142857142857,-5.5,1,2,6,12,4,0.6666666666666666,18,18,0.3888888888888889,0.5555555555555556,0.6,874.6226337619244,9.774165436657738
P29_R30,29,30,0.5490196078431373,0.4117647058823529,0.1428571428571428,51,0.7551020408163265,-8.23529411764706,10,0.196078431372549,5,0.0980392156862745,5,1,5,1,0.6,6,0.0,0,0.6666666666666666,0.4,0.5333333333333333,0.0,30,0.8214285714285714,-6.0,1,2,6,12,4,0.6666666666666666,18,18,0.4444444444444444,0.5,0.5333333333333333,989.2841127866495,9.951698683961137
P29_R31,29,31,0.5490196078431373,0.4117647058823529,0.1428571428571428,51,0.7551020408163265,-8.23529411764706,10,0.196078431372549,5,0.0980392156862745,5,1,5,1,0.6,6,0.0,0,0.6666666666666666,0.4333333333333333,0.5,-0.0769230769230769,30,0.7857142857142857,-6.5,1,2,6,12,4,0.6666666666666666,18,18,0.5,0.4444444444444444,0.4666666666666667,1436.313179965467,10.489158733343235
P29_R32,29,32,0.5490196078431373,0.4117647058823529,0.1428571428571428,51,0.7551020408163265,-8.23529411764706,10,0.196078431372549,5,0.0980392156862745,5,1,5,1,0.6,6,0.0,0,0.6666666666666666,0.4,0.5333333333333333,0.1666666666666666,30,0.8571428571428571,-6.0,1,2,6,12,4,0.8333333333333334,18,18,0.4444444444444444,0.5,0.5333333333333333,1391.1562613724432,10.443105438991411
P29_R33,29,33,0.5490196078431373,0.4117647058823529,0.1428571428571428,51,0.7551020408163265,-8.23529411764706,10,0.196078431372549,5,0.0980392156862745,5,1,5,1,0.6,6,0.0,0,0.6666666666666666,0.3636363636363636,0.5757575757575758,0.0,33,0.7419354838709677,-5.454545454545455,1,2,13,19,4,0.6666666666666666,14,14,0.2142857142857142,0.7142857142857143,0.6666666666666666,1476.9658772754249,10.529397246125983
P29_R34,29,34,0.5490196078431373,0.4117647058823529,0.1428571428571428,51,0.7551020408163265,-8.23529411764706,10,0.196078431372549,5,0.0980392156862745,5,1,5,1,0.6,6,0.0,0,0.6666666666666666,0.3666666666666666,0.5666666666666667,0.0909090909090909,30,0.8571428571428571,-5.5,1,2,6,12,4,0.6666666666666666,18,18,0.3888888888888889,0.5555555555555556,0.4666666666666667,2068.1750292549673,11.014839971018983
P29_R35,29,35,0.5490196078431373,0.4117647058823529,0.1428571428571428,51,0.7551020408163265,-8.23529411764706,10,0.196078431372549,5,0.0980392156862745,5,1,5,1,0.6,6,0.0,0,0.6666666666666666,0.303030303030303,0.6363636363636364,0.0,33,0.8064516129032258,-4.545454545454546,1,2,16,22,4,0.6666666666666666,11,11,0.2727272727272727,0.6363636363636364,0.6,2115.2466358922943,11.047292059393584
P29_R36,29,36,0.5490196078431373,0.4117647058823529,0.1428571428571428,51,0.7551020408163265,-8.23529411764706,10,0.196078431372549,5,0.0980392156862745,5,1,5,1,0.6,6,0.0,0,0.6666666666666666,0.3636363636363636,0.5757575757575758,0.0,33,0.9032258064516128,-5.454545454545455,0,999,999,999,0,0.5,999,999,0.0,0.0,0.6,2180.2358748735032,11.090930073489968
P29_R37,29,37,0.5490196078431373,0.4117647058823529,0.1428571428571428,51,0.7551020408163265,-8.23529411764706,10,0.196078431372549,5,0.0980392156862745,5,1,5,1,0.6,6,0.0,0,0.6666666666666666,0.3333333333333333,0.6060606060606061,-0.0909090909090909,33,0.8064516129032258,-5.0,0,999,999,999,0,0.5,999,999,0.0,0.0,0.6,2787.524093023185,11.44528602067019
P29_R38,29,38,0.5490196078431373,0.4117647058823529,0.1428571428571428,51,0.7551020408163265,-8.23529411764706,10,0.196078431372549,5,0.0980392156862745,5,1,5,1,0.6,6,0.0,0,0.6666666666666666,0.3636363636363636,0.5757575757575758,-0.1666666666666666,33,0.8064516129032258,-5.454545454545455,0,999,999,999,0,0.5,999,999,0.0,0.0,0.6666666666666666,2479.8033944572376,11.276591689751088
P29_R39,29,39,0.5490196078431373,0.4117647058823529,0.1428571428571428,51,0.7551020408163265,-8.23529411764706,10,0.196078431372549,5,0.0980392156862745,5,1,5,1,0.6,6,0.0,0,0.6666666666666666,0.3939393939393939,0.5454545454545454,-0.0769230769230769,33,0.8709677419354839,-5.909090909090909,1,2,16,22,4,0.6666666666666666,11,11,0.1818181818181818,0.7272727272727273,0.6,2390.706262771688,11.223824500592594
P29_R40,29,40,0.5490196078431373,0.4117647058823529,0.1428571428571428,51,0.7551020408163265,-8.23529411764706,10,0.196078431372549,5,0.0980392156862745,5,1,5,1,0.6,6,0.0,0,0.6666666666666666,0.3666666666666666,0.5666666666666667,0.2727272727272727,30,0.8571428571428571,-5.5,1,2,6,12,4,0.8333333333333334,18,18,0.3888888888888889,0.5555555555555556,0.6,2533.3347120227763,11.307391359845735
P29_R41,29,41,0.5490196078431373,0.4117647058823529,0.1428571428571428,51,0.7551020408163265,-8.23529411764706,10,0.196078431372549,5,0.0980392156862745,5,1,5,1,0.6,6,0.0,0,0.6666666666666666,0.4,0.5333333333333333,0.1666666666666666,30,0.7857142857142857,-6.0,1,2,6,12,4,0.6666666666666666,18,18,0.4444444444444444,0.5,0.5333333333333333,2555.541954006063,11.319977986157255
P29_R42,29,42,0.5490196078431373,0.4117647058823529,0.1428571428571428,51,0.7551020408163265,-8.23529411764706,10,0.196078431372549,5,0.0980392156862745,5,1,5,1,0.6,6,0.0,0,0.6666666666666666,0.3333333333333333,0.6060606060606061,0.0909090909090909,33,0.8709677419354839,-5.0,0,999,999,999,0,0.5,999,999,0.0,0.0,0.6,3767.2068028205113,11.879662428279579
P29_R43,29,43,0.5490196078431373,0.4117647058823529,0.1428571428571428,51,0.7551020408163265,-8.23529411764706,10,0.196078431372549,5,0.0980392156862745,5,1,5,1,0.6,6,0.0,0,0.6666666666666666,0.4,0.5333333333333333,0.1666666666666666,30,0.8571428571428571,-6.0,1,2,6,12,4,0.6666666666666666,18,18,0.4444444444444444,0.5,0.5333333333333333,7493.698875023857,12.871654798827613
P29_R44,29,44,0.5490196078431373,0.4117647058823529,0.1428571428571428,51,0.7551020408163265,-8.23529411764706,10,0.196078431372549,5,0.0980392156862745,5,1,5,1,0.6,6,0.0,0,0.6666666666666666,0.3333333333333333,0.6,0.2,30,0.8214285714285714,-5.0,1,2,6,12,4,0.6666666666666666,18,18,0.3333333333333333,0.6111111111111112,0.5333333333333333,11408.039109022344,13.477889669771669
P29_R45,29,45,0.5490196078431373,0.4117647058823529,0.1428571428571428,51,0.7551020408163265,-8.23529411764706,10,0.196078431372549,5,0.0980392156862745,5,1,5,1,0.6,6,0.0,0,0.6666666666666666,0.3666666666666666,0.5666666666666667,0.0909090909090909,30,0.75,-5.5,1,2,6,12,4,0.6666666666666666,18,18,0.3888888888888889,0.5555555555555556,0.5333333333333333,8063.312540235262,12.97733583762564
P29_R46,29,46,0.5490196078431373,0.4117647058823529,0.1428571428571428,51,0.7551020408163265,-8.23529411764706,10,0.196078431372549,5,0.0980392156862745,5,1,5,1,0.6,6,0.0,0,0.6666666666666666,0.3939393939393939,0.5454545454545454,0.0769230769230769,33,0.9032258064516128,-5.909090909090909,0,999,999,999,0,0.5,999,999,0.0,0.0,0.6,12176.955955733338,13.571984379788844
P29_R47,29,47,0.5490196078431373,0.4117647058823529,0.1428571428571428,51,0.7551020408163265,-8.23529411764706,10,0.196078431372549,5,0.0980392156862745,5,1,5,1,0.6,6,0.0,0,0.6666666666666666,0.3939393939393939,0.5454545454545454,0.0769230769230769,33,0.935483870967742,-5.909090909090909,1,2,16,22,4,0.6666666666666666,11,11,0.2727272727272727,0.6363636363636364,0.6,23084.015374547816,14.49466907276742
P30_R0,30,0,0.4754098360655737,0.4918032786885246,0.1724137931034483,61,0.7457627118644068,-7.131147540983606,7,0.1147540983606557,12,0.1967213114754098,6,0,5,1,0.55,6,0.3333333333333333,0,0.6666666666666666,0.3333333333333333,0.6,0.2,30,0.8214285714285714,-5.0,1,2,6,12,4,0.6666666666666666,18,18,0.3333333333333333,0.6111111111111112,0.6,51.4064661871189,5.7116729249812295
P30_R1,30,1,0.4754098360655737,0.4918032786885246,0.1724137931034483,61,0.7457627118644068,-7.131147540983606,7,0.1147540983606557,12,0.1967213114754098,6,0,5,1,0.55,6,0.3333333333333333,0,0.6666666666666666,0.3333333333333333,0.6,0.0,30,0.8214285714285714,-5.0,1,2,6,12,4,0.6666666666666666,18,18,0.3333333333333333,0.6111111111111112,0.6,78.18968548261036,6.307240625291279
P30_R2,30,2,0.4754098360655737,0.4918032786885246,0.1724137931034483,61,0.7457627118644068,-7.131147540983606,7,0.1147540983606557,12,0.1967213114754098,6,0,5,1,0.55,6,0.3333333333333333,0,0.6666666666666666,0.3636363636363636,0.5757575757575758,0.0,33,0.8709677419354839,-5.454545454545455,1,2,16,22,4,0.6666666666666666,11,11,0.2727272727272727,0.6363636363636364,0.6,70.69335563271648,6.163767514513144
P30_R3,30,3,0.4754098360655737,0.4918032786885246,0.1724137931034483,61,0.7457627118644068,-7.131147540983606,7,0.1147540983606557,12,0.1967213114754098,6,0,5,1,0.55,6,0.3333333333333333,0,0.6666666666666666,0.4,0.5333333333333333,0.1666666666666666,30,0.8928571428571429,-6.0,1,2,6,12,4,0.8333333333333334,18,18,0.4444444444444444,0.5,0.5333333333333333,183.00718335109278,7.52361827770218
P30_R4,30,4,0.4754098360655737,0.4918032786885246,0.1724137931034483,61,0.7457627118644068,-7.131147540983606,7,0.1147540983606557,12,0.1967213114754098,6,0,5,1,0.55,6,0.3333333333333333,0,0.6666666666666666,0.4,0.5333333333333333,0.1666666666666666,30,0.8214285714285714,-6.0,1,2,6,12,4,0.6666666666666666,18,18,0.4444444444444444,0.5,0.4666666666666667,188.18357789913412,7.5636430505886745
P30_R5,30,5,0.4754098360655737,0.4918032786885246,0.1724137931034483,61,0.7457627118644068,-7.131147540983606,7,0.1147540983606557,12,0.1967213114754098,6,0,5,1,0.55,6,0.3333333333333333,0,0.6666666666666666,0.3636363636363636,0.5757575757575758,0.0,33,0.8709677419354839,-5.454545454545455,1,1,11,17,5,0.8333333333333334,16,16,0.375,0.5625,0.6,271.8333985416529,8.091876450563166
P30_R6,30,6,0.4754098360655737,0.4918032786885246,0.1724137931034483,61,0.7457627118644068,-7.131147540983606,7,0.1147540983606557,12,0.1967213114754098,6,0,5,1,0.55,6,0.3333333333333333,0,0.6666666666666666,0.3,0.6333333333333333,0.1111111111111111,30,0.8214285714285714,-4.5,1,2,6,12,4,0.6666666666666666,18,18,0.2777777777777778,0.6666666666666666,0.6,375.5122885874063,8.556553142041897
P30_R7,30,7,0.4754098360655737,0.4918032786885246,0.1724137931034483,61,0.7457627118644068,-7.131147540983606,7,0.1147540983606557,12,0.1967213114754098,6,0,5,1,0.55,6,0.3333333333333333,0,0.6666666666666666,0.3666666666666666,0.5666666666666667,0.2727272727272727,30,0.9285714285714286,-5.5,1,2,6,12,4,0.6666666666666666,18,18,0.3888888888888889,0.5555555555555556,0.4666666666666667,344.5541905504253,8.432768164665621
P30_R8,30,8,0.4754098360655737,0.4918032786885246,0.1724137931034483,61,0.7457627118644068,-7.131147540983606,7,0.1147540983606557,12,0.1967213114754098,6,0,5,1,0.55,6,0.3333333333333333,0,0.6666666666666666,0.3333333333333333,0.6060606060606061,-0.0909090909090909,33,0.935483870967742,-5.0,1,1,16,22,5,0.8333333333333334,11,11,0.1818181818181818,0.7272727272727273,0.6666666666666666,275.86286029255047,8.113027726450241
P30_R9,30,9,0.4754098360655737,0.4918032786885246,0.1724137931034483,61,0.7457627118644068,-7.131147540983606,7,0.1147540983606557,12,0.1967213114754098,6,0,5,1,0.55,6,0.3333333333333333,0,0.6666666666666666,0.4333333333333333,0.5,-0.0769230769230769,30,0.8214285714285714,-6.5,1,2,6,12,4,0.6666666666666666,18,18,0.5,0.4444444444444444,0.4,276.9142425549482,8.118495961473585
P30_R10,30,10,0.4754098360655737,0.4918032786885246,0.1724137931034483,61,0.7457627118644068,-7.131147540983606,7,0.1147540983606557,12,0.1967213114754098,6,0,5,1,0.55,6,0.3333333333333333,0,0.6666666666666666,0.3636363636363636,0.5757575757575758,0.0,33,0.8709677419354839,-5.454545454545455,1,2,13,19,4,0.6666666666666666,14,14,0.3571428571428571,0.5714285714285714,0.5333333333333333,293.861900276972,8.203895610572228
P30_R11,30,11,0.4754098360655737,0.4918032786885246,0.1724137931034483,61,0.7457627118644068,-7.131147540983606,7,0.1147540983606557,12,0.1967213114754098,6,0,5,1,0.55,6,0.3333333333333333,0,0.6666666666666666,0.3333333333333333,0.6060606060606061,-0.0909090909090909,33,0.9032258064516128,-5.0,1,2,11,17,4,0.6666666666666666,16,16,0.375,0.5625,0.6,371.91744123200993,8.54271246285973
P30_R12,30,12,0.4754098360655737,0.4918032786885246,0.1724137931034483,61,0.7457627118644068,-7.131147540983606,7,0.1147540983606557,12,0.1967213114754098,6,0,5,1,0.55,6,0.3333333333333333,0,0.6666666666666666,0.3666666666666666,0.5666666666666667,0.2727272727272727,30,0.8214285714285714,-5.5,1,2,6,12,4,0.8333333333333334,18,18,0.3888888888888889,0.5555555555555556,0.6,350.30392081892273,8.456575867998687
P30_R13,30,13,0.4754098360655737,0.4918032786885246,0.1724137931034483,61,0.7457627118644068,-7.131147540983606,7,0.1147540983606557,12,0.1967213114754098,6,0,5,1,0.55,6,0.3333333333333333,0,0.6666666666666666,0.3333333333333333,0.6,0.0,30,0.7857142857142857,-5.0,1,2,6,12,4,0.6666666666666666,18,18,0.3333333333333333,0.6111111111111112,0.5333333333333333,339.95644876389974,8.413443661678228
P30_R14,30,14,0.4754098360655737,0.4918032786885246,0.1724137931034483,61,0.7457627118644068,-7.131147540983606,7,0.1147540983606557,12,0.1967213114754098,6,0,5,1,0.55,6,0.3333333333333333,0,0.6666666666666666,0.3055555555555556,0.6388888888888888,0.0909090909090909,36,0.7941176470588235,-4.583333333333334,1,2,16,22,4,1.0,14,14,0.4285714285714285,0.5,0.4666666666666667,467.54097726781276,8.872031417202098
P30_R15,30,15,0.4754098360655737,0.4918032786885246,0.1724137931034483,61,0.7457627118644068,-7.131147540983606,7,0.1147540983606557,12,0.1967213114754098,6,0,5,1,0.55,6,0.3333333333333333,0,0.6666666666666666,0.3333333333333333,0.6060606060606061,0.0909090909090909,33,0.8064516129032258,-5.0,1,2,15,21,4,0.6666666666666666,12,12,0.25,0.6666666666666666,0.6,401.1335889025404,8.651531034540891
P30_R16,30,16,0.4754098360655737,0.4918032786885246,0.1724137931034483,61,0.7457627118644068,-7.131147540983606,7,0.1147540983606557,12,0.1967213114754098,6,0,5,1,0.55,6,0.3333333333333333,0,0.6666666666666666,0.4,0.5333333333333333,0.1666666666666666,30,0.8214285714285714,-6.0,1,2,6,12,4,0.6666666666666666,18,18,0.4444444444444444,0.5,0.5333333333333333,634.3609437889436,9.311432598784586
P30_R17,30,17,0.4754098360655737,0.4918032786885246,0.1724137931034483,61,0.7457627118644068,-7.131147540983606,7,0.1147540983606557,12,0.1967213114754098,6,0,5,1,0.55,6,0.3333333333333333,0,0.6666666666666666,0.3939393939393939,0.5454545454545454,-0.0769230769230769,33,0.9032258064516128,-5.909090909090909,1,1,16,22,5,0.8333333333333334,11,11,0.2727272727272727,0.6363636363636364,0.5333333333333333,473.95936978878626,8.89166029372075
P30_R18,30,18,0.4754098360655737,0.4918032786885246,0.1724137931034483,61,0.7457627118644068,-7.131147540983606,7,0.1147540983606557,12,0.1967213114754098,6,0,5,1,0.55,6,0.3333333333333333,0,0.6666666666666666,0.3636363636363636,0.5757575757575758,-0.1666666666666666,33,0.935483870967742,-5.454545454545455,1,2,16,22,4,0.6666666666666666,11,11,0.2727272727272727,0.6363636363636364,0.6,625.3504848266308,9.290826356875904
P30_R19,30,19,0.4754098360655737,0.4918032786885246,0.1724137931034483,61,0.7457627118644068,-7.131147540983606,7,0.1147540983606557,12,0.1967213114754098,6,0,5,1,0.55,6,0.3333333333333333,0,0.6666666666666666,0.4583333333333333,0.4583333333333333,-0.0909090909090909,24,0.8636363636363636,-6.875,1,2,7,13,4,0.6666666666666666,11,11,0.5454545454545454,0.3636363636363636,0.4666666666666667,517.9026272757742,9.019320030234418
P30_R20,30,20,0.4754098360655737,0.4918032786885246,0.1724137931034483,61,0.7457627118644068,-7.131147540983606,7,0.1147540983606557,12,0.1967213114754098,6,0,5,1,0.55,6,0.3333333333333333,0,0.6666666666666666,0.4333333333333333,0.5,0.2307692307692307,30,0.75,-6.5,1,2,6,12,4,0.8333333333333334,18,18,0.5,0.4444444444444444,0.4,647.9243561248445,9.341906505589412
P30_R21,30,21,0.4754098360655737,0.4918032786885246,0.1724137931034483,61,0.7457627118644068,-7.131147540983606,7,0.1147540983606557,12,0.1967213114754098,6,0,5,1,0.55,6,0.3333333333333333,0,0.6666666666666666,0.3666666666666666,0.5666666666666667,0.0909090909090909,30,0.8214285714285714,-5.5,1,2,6,12,4,0.6666666666666666,18,18,0.3888888888888889,0.5555555555555556,0.5333333333333333,531.6198887542962,9.056962491532904
P30_R22,30,22,0.4754098360655737,0.4918032786885246,0.1724137931034483,61,0.7457627118644068,-7.131147540983606,7,0.1147540983606557,12,0.1967213114754098,6,0,5,1,0.55,6,0.3333333333333333,0,0.6666666666666666,0.3529411764705882,0.5294117647058824,-0.6666666666666666,17,0.7333333333333333,-5.294117647058824,0,999,999,999,0,0.3333333333333333,999,999,0.0,0.0,0.6,524.9643284532926,9.038821147260661
P30_R23,30,23,0.4754098360655737,0.4918032786885246,0.1724137931034483,61,0.7457627118644068,-7.131147540983606,7,0.1147540983606557,12,0.1967213114754098,6,0,5,1,0.55,6,0.3333333333333333,0,0.6666666666666666,0.3055555555555556,0.6388888888888888,-0.2727272727272727,36,0.6176470588235294,-4.583333333333334,1,2,21,27,4,0.6666666666666666,9,9,0.2222222222222222,0.6666666666666666,0.4666666666666667,676.6914116667235,9.404484678174882
P30_R24,30,24,0.4754098360655737,0.4918032786885246,0.1724137931034483,61,0.7457627118644068,-7.131147540983606,7,0.1147540983606557,12,0.1967213114754098,6,0,5,1,0.55,6,0.3333333333333333,0,0.6666666666666666,0.2666666666666666,0.6666666666666666,0.25,30,0.7857142857142857,-4.0,1,2,6,12,4,0.6666666666666666,18,18,0.2222222222222222,0.7222222222222222,0.6666666666666666,745.0275942083906,9.543085183916556
P30_R25,30,25,0.4754098360655737,0.4918032786885246,0.1724137931034483,61,0.7457627118644068,-7.131147540983606,7,0.1147540983606557,12,0.1967213114754098,6,0,5,1,0.55,6,0.3333333333333333,0,0.6666666666666666,0.3666666666666666,0.5666666666666667,0.2727272727272727,30,0.8214285714285714,-5.5,1,2,6,12,4,0.6666666666666666,18,18,0.3888888888888889,0.5555555555555556,0.5333333333333333,656.959279661998,9.361854489772393
P30_R26,30,26,0.4754098360655737,0.4918032786885246,0.1724137931034483,61,0.7457627118644068,-7.131147540983606,7,0.1147540983606557,12,0.1967213114754098,6,0,5,1,0.55,6,0.3333333333333333,0,0.6666666666666666,0.4,0.5333333333333333,0.3333333333333333,30,0.7857142857142857,-6.0,1,2,6,12,4,0.8333333333333334,18,18,0.4444444444444444,0.5,0.4666666666666667,579.4792508177543,9.181100688773698
P30_R27,30,27,0.4754098360655737,0.4918032786885246,0.1724137931034483,61,0.7457627118644068,-7.131147540983606,7,0.1147540983606557,12,0.1967213114754098,6,0,5,1,0.55,6,0.3333333333333333,0,0.6666666666666666,0.3333333333333333,0.6060606060606061,-0.0909090909090909,33,0.8387096774193549,-5.0,0,999,999,999,0,0.5,999,999,0.0,0.0,0.7333333333333333,660.2247464415875,9.368996908507313
P30_R28,30,28,0.4754098360655737,0.4918032786885246,0.1724137931034483,61,0.7457627118644068,-7.131147540983606,7,0.1147540983606557,12,0.1967213114754098,6,0,5,1,0.55,6,0.3333333333333333,0,0.6666666666666666,0.3939393939393939,0.5454545454545454,0.0769230769230769,33,0.8709677419354839,-5.909090909090909,1,2,11,17,4,0.6666666666666666,16,16,0.4375,0.5,0.5333333333333333,699.0750884196198,9.451365860233487
P30_R29,30,29,0.4754098360655737,0.4918032786885246,0.1724137931034483,61,0.7457627118644068,-7.131147540983606,7,0.1147540983606557,12,0.1967213114754098,6,0,5,1,0.55,6,0.3333333333333333,0,0.6666666666666666,0.3666666666666666,0.5666666666666667,0.0909090909090909,30,0.7857142857142857,-5.5,1,2,6,12,4,0.6666666666666666,18,18,0.3888888888888889,0.5555555555555556,0.6,704.2780041238389,9.462048236099186
P30_R30,30,30,0.4754098360655737,0.4918032786885246,0.1724137931034483,61,0.7457627118644068,-7.131147540983606,7,0.1147540983606557,12,0.1967213114754098,6,0,5,1,0.55,6,0.3333333333333333,0,0.6666666666666666,0.4,0.5333333333333333,0.0,30,0.8214285714285714,-6.0,1,2,6,12,4,0.6666666666666666,18,18,0.4444444444444444,0.5,0.5333333333333333,964.8160132421046,9.915604573386199
P30_R31,30,31,0.4754098360655737,0.4918032786885246,0.1724137931034483,61,0.7457627118644068,-7.131147540983606,7,0.1147540983606557,12,0.1967213114754098,6,0,5,1,0.55,6,0.3333333333333333,0,0.6666666666666666,0.4333333333333333,0.5,-0.0769230769230769,30,0.7857142857142857,-6.5,1,2,6,12,4,0.6666666666666666,18,18,0.5,0.4444444444444444,0.4666666666666667,1401.8192136882744,10.4541133803476
P30_R32,30,32,0.4754098360655737,0.4918032786885246,0.1724137931034483,61,0.7457627118644068,-7.131147540983606,7,0.1147540983606557,12,0.1967213114754098,6,0,5,1,0.55,6,0.3333333333333333,0,0.6666666666666666,0.4,0.5333333333333333,0.1666666666666666,30,0.8571428571428571,-6.0,1,2,6,12,4,0.8333333333333334,18,18,0.4444444444444444,0.5,0.5333333333333333,1374.4290232164444,10.425665978299747
P30_R33,30,33,0.4754098360655737,0.4918032786885246,0.1724137931034483,61,0.7457627118644068,-7.131147540983606,7,0.1147540983606557,12,0.1967213114754098,6,0,5,1,0.55,6,0.3333333333333333,0,0.6666666666666666,0.3636363636363636,0.5757575757575758,0.0,33,0.7419354838709677,-5.454545454545455,1,2,13,19,4,0.6666666666666666,14,14,0.2142857142857142,0.7142857142857143,0.6666666666666666,1227.226660572325,10.26236110913959
P30_R34,30,34,0.4754098360655737,0.4918032786885246,0.1724137931034483,61,0.7457627118644068,-7.131147540983606,7,0.1147540983606557,12,0.1967213114754098,6,0,5,1,0.55,6,0.3333333333333333,0,0.6666666666666666,0.3666666666666666,0.5666666666666667,0.0909090909090909,30,0.8571428571428571,-5.5,1,2,6,12,4,0.6666666666666666,18,18,0.3888888888888889,0.5555555555555556,0.4666666666666667,1806.6984290996097,10.819938303603614
P30_R35,30,35,0.4754098360655737,0.4918032786885246,0.1724137931034483,61,0.7457627118644068,-7.131147540983606,7,0.1147540983606557,12,0.1967213114754098,6,0,5,1,0.55,6,0.3333333333333333,0,0.6666666666666666,0.303030303030303,0.6363636363636364,0.0,33,0.8064516129032258,-4.545454545454546,1,2,16,22,4,0.6666666666666666,11,11,0.2727272727272727,0.6363636363636364,0.6,1828.8577701187558,10.837515800756798
P30_R36,30,36,0.4754098360655737,0.4918032786885246,0.1724137931034483,61,0.7457627118644068,-7.131147540983606,7,0.1147540983606557,12,0.1967213114754098,6,0,5,1,0.55,6,0.3333333333333333,0,0.6666666666666666,0.3636363636363636,0.5757575757575758,0.0,33,0.9032258064516128,-5.454545454545455,0,999,999,999,0,0.5,999,999,0.0,0.0,0.6,2753.152446699222,11.42739270180018
P30_R37,30,37,0.4754098360655737,0.4918032786885246,0.1724137931034483,61,0.7457627118644068,-7.131147540983606,7,0.1147540983606557,12,0.1967213114754098,6,0,5,1,0.55,6,0.3333333333333333,0,0.6666666666666666,0.3333333333333333,0.6060606060606061,-0.0909090909090909,33,0.8064516129032258,-5.0,0,999,999,999,0,0.5,999,999,0.0,0.0,0.6,2037.8002204803663,10.993504699034256
P30_R38,30,38,0.4754098360655737,0.4918032786885246,0.1724137931034483,61,0.7457627118644068,-7.131147540983606,7,0.1147540983606557,12,0.1967213114754098,6,0,5,1,0.55,6,0.3333333333333333,0,0.6666666666666666,0.3636363636363636,0.5757575757575758,-0.1666666666666666,33,0.8064516129032258,-5.454545454545455,0,999,999,999,0,0.5,999,999,0.0,0.0,0.6666666666666666,2477.6970141777506,11.275366217701173
P30_R39,30,39,0.4754098360655737,0.4918032786885246,0.1724137931034483,61,0.7457627118644068,-7.131147540983606,7,0.1147540983606557,12,0.1967213114754098,6,0,5,1,0.55,6,0.3333333333333333,0,0.6666666666666666,0.3939393939393939,0.5454545454545454,-0.0769230769230769,33,0.8709677419354839,-5.909090909090909,1,2,16,22,4,0.6666666666666666,11,11,0.1818181818181818,0.7272727272727273,0.6,3610.794215932977,11.818499981437007
P30_R40,30,40,0.4754098360655737,0.4918032786885246,0.1724137931034483,61,0.7457627118644068,-7.131147540983606,7,0.1147540983606557,12,0.1967213114754098,6,0,5,1,0.55,6,0.3333333333333333,0,0.6666666666666666,0.3666666666666666,0.5666666666666667,0.2727272727272727,30,0.8571428571428571,-5.5,1,2,6,12,4,0.8333333333333334,18,18,0.3888888888888889,0.5555555555555556,0.6,3140.4776755633147,11.617227612488096
P30_R41,30,41,0.4754098360655737,0.4918032786885246,0.1724137931034483,61,0.7457627118644068,-7.131147540983606,7,0.1147540983606557,12,0.1967213114754098,6,0,5,1,0.55,6,0.3333333333333333,0,0.6666666666666666,0.4,0.5333333333333333,0.1666666666666666,30,0.7857142857142857,-6.0,1,2,6,12,4,0.6666666666666666,18,18,0.4444444444444444,0.5,0.5333333333333333,3615.3671385312573,11.820325434221354
P30_R42,30,42,0.4754098360655737,0.4918032786885246,0.1724137931034483,61,0.7457627118644068,-7.131147540983606,7,0.1147540983606557,12,0.1967213114754098,6,0,5,1,0.55,6,0.3333333333333333,0,0.6666666666666666,0.3333333333333333,0.6060606060606061,0.0909090909090909,33,0.8709677419354839,-5.0,0,999,999,999,0,0.5,999,999,0.0,0.0,0.6,3762.530909738853,11.877871104979494
P30_R43,30,43,0.4754098360655737,0.4918032786885246,0.1724137931034483,61,0.7457627118644068,-7.131147540983606,7,0.1147540983606557,12,0.1967213114754098,6,0,5,1,0.55,6,0.3333333333333333,0,0.6666666666666666,0.4,0.5333333333333333,0.1666666666666666,30,0.8571428571428571,-6.0,1,2,6,12,4,0.6666666666666666,18,18,0.4444444444444444,0.5,0.5333333333333333,8110.69865193843,12.985788342152574
P30_R44,30,44,0.4754098360655737,0.4918032786885246,0.1724137931034483,61,0.7457627118644068,-7.131147540983606,7,0.1147540983606557,12,0.1967213114754098,6,0,5,1,0.55,6,0.3333333333333333,0,0.6666666666666666,0.3333333333333333,0.6,0.2,30,0.8214285714285714,-5.0,1,2,6,12,4,0.6666666666666666,18,18,0.3333333333333333,0.6111111111111112,0.5333333333333333,13930.358493022655,13.766048326331832
P30_R45,30,45,0.4754098360655737,0.4918032786885246,0.1724137931034483,61,0.7457627118644068,-7.131147540983606,7,0.1147540983606557,12,0.1967213114754098,6,0,5,1,0.55,6,0.3333333333333333,0,0.6666666666666666,0.3666666666666666,0.5666666666666667,0.0909090909090909,30,0.75,-5.5,1,2,6,12,4,0.6666666666666666,18,18,0.3888888888888889,0.5555555555555556,0.5333333333333333,11317.576714825882,13.46640493351782
P30_R46,30,46,0.4754098360655737,0.4918032786885246,0.1724137931034483,61,0.7457627118644068,-7.131147540983606,7,0.1147540983606557,12,0.1967213114754098,6,0,5,1,0.55,6,0.3333333333333333,0,0.6666666666666666,0.3939393939393939,0.5454545454545454,0.0769230769230769,33,0.9032258064516128,-5.909090909090909,0,999,999,999,0,0.5,999,999,0.0,0.0,0.6,17038.310415890697,14.056579330153953
P30_R47,30,47,0.4754098360655737,0.4918032786885246,0.1724137931034483,61,0.7457627118644068,-7.131147540983606,7,0.1147540983606557,12,0.1967213114754098,6,0,5,1,0.55,6,0.3333333333333333,0,0.6666666666666666,0.3939393939393939,0.5454545454545454,0.0769230769230769,33,0.935483870967742,-5.909090909090909,1,2,16,22,4,0.6666666666666666,11,11,0.2727272727272727,0.6363636363636364,0.6,16154.142176750891,13.979705826951912
P31_R0,31,0,0.5294117647058824,0.4313725490196078,-0.037037037037037,51,0.6938775510204082,-7.9411764705882355,11,0.2156862745098039,8,0.1568627450980392,4,2,5,1,0.45,6,0.3333333333333333,0,0.3333333333333333,0.3333333333333333,0.6,0.2,30,0.8214285714285714,-5.0,1,2,6,12,4,0.6666666666666666,18,18,0.3333333333333333,0.6111111111111112,0.6,59.866783786952034,5.927583230422127
P31_R1,31,1,0.5294117647058824,0.4313725490196078,-0.037037037037037,51,0.6938775510204082,-7.9411764705882355,11,0.2156862745098039,8,0.1568627450980392,4,2,5,1,0.45,6,0.3333333333333333,0,0.3333333333333333,0.3333333333333333,0.6,0.0,30,0.8214285714285714,-5.0,1,2,6,12,4,0.6666666666666666,18,18,0.3333333333333333,0.6111111111111112,0.6,76.34548499253273,6.27324517235355
P31_R2,31,2,0.5294117647058824,0.4313725490196078,-0.037037037037037,51,0.6938775510204082,-7.9411764705882355,11,0.2156862745098039,8,0.1568627450980392,4,2,5,1,0.45,6,0.3333333333333333,0,0.3333333333333333,0.3636363636363636,0.5757575757575758,0.0,33,0.8709677419354839,-5.454545454545455,1,2,16,22,4,0.6666666666666666,11,11,0.2727272727272727,0.6363636363636364,0.6,79.67207928566903,6.3339975360983924
P31_R3,31,3,0.5294117647058824,0.4313725490196078,-0.037037037037037,51,0.6938775510204082,-7.9411764705882355,11,0.2156862745098039,8,0.1568627450980392,4,2,5,1,0.45,6,0.3333333333333333,0,0.3333333333333333,0.4,0.5333333333333333,0.1666666666666666,30,0.8928571428571429,-6.0,1,2,6,12,4,0.8333333333333334,18,18,0.4444444444444444,0.5,0.5333333333333333,147.4848639851311,7.214172065133914
P31_R4,31,4,0.5294117647058824,0.4313725490196078,-0.037037037037037,51,0.6938775510204082,-7.9411764705882355,11,0.2156862745098039,8,0.1568627450980392,4,2,5,1,0.45,6,0.3333333333333333,0,0.3333333333333333,0.4,0.5333333333333333,0.1666666666666666,30,0.8214285714285714,-6.0,1,2,6,12,4,0.6666666666666666,18,18,0.4444444444444444,0.5,0.4666666666666667,175.7477718118987,7.465548217447665
P31_R5,31,5,0.5294117647058824,0.4313725490196078,-0.037037037037037,51,0.6938775510204082,-7.9411764705882355,11,0.2156862745098039,8,0.1568627450980392,4,2,5,1,0.45,6,0.3333333333333333,0,0.3333333333333333,0.3636363636363636,0.5757575757575758,0.0,33,0.8709677419354839,-5.454545454545455,1,1,11,17,5,0.8333333333333334,16,16,0.375,0.5625,0.6,222.3687136699261,7.803283317430562
P31_R6,31,6,0.5294117647058824,0.4313725490196078,-0.037037037037037,51,0.6938775510204082,-7.9411764705882355,11,0.2156862745098039,8,0.1568627450980392,4,2,5,1,0.45,6,0.3333333333333333,0,0.3333333333333333,0.3,0.6333333333333333,0.1111111111111111,30,0.8214285714285714,-4.5,1,2,6,12,4,0.6666666666666666,18,18,0.2777777777777778,0.6666666666666666,0.6,252.0911625735654,7.983513322138826
P31_R7,31,7,0.5294117647058824,0.4313725490196078,-0.037037037037037,51,0.6938775510204082,-7.9411764705882355,11,0.2156862745098039,8,0.1568627450980392,4,2,5,1,0.45,6,0.3333333333333333,0,0.3333333333333333,0.3666666666666666,0.5666666666666667,0.2727272727272727,30,0.9285714285714286,-5.5,1,2,6,12,4,0.6666666666666666,18,18,0.3888888888888889,0.5555555555555556,0.4666666666666667,233.36315176372037,7.872601946622413
P31_R8,31,8,0.5294117647058824,0.4313725490196078,-0.037037037037037,51,0.6938775510204082,-7.9411764705882355,11,0.2156862745098039,8,0.1568627450980392,4,2,5,1,0.45,6,0.3333333333333333,0,0.3333333333333333,0.3333333333333333,0.6060606060606061,-0.0909090909090909,33,0.935483870967742,-5.0,1,1,16,22,5,0.8333333333333334,11,11,0.1818181818181818,0.7272727272727273,0.6666666666666666,304.2096445021397,8.253656741251122
P31_R9,31,9,0.5294117647058824,0.4313725490196078,-0.037037037037037,51,0.6938775510204082,-7.9411764705882355,11,0.2156862745098039,8,0.1568627450980392,4,2,5,1,0.45,6,0.3333333333333333,0,0.3333333333333333,0.4333333333333333,0.5,-0.0769230769230769,30,0.8214285714285714,-6.5,1,2,6,12,4,0.6666666666666666,18,18,0.5,0.4444444444444444,0.4,255.59312635783795,8.003338713661861
P31_R10,31,10,0.5294117647058824,0.4313725490196078,-0.037037037037037,51,0.6938775510204082,-7.9411764705882355,11,0.2156862745098039,8,0.1568627450980392,4,2,5,1,0.45,6,0.3333333333333333,0,0.3333333333333333,0.3636363636363636,0.5757575757575758,0.0,33,0.8709677419354839,-5.454545454545455,1,2,13,19,4,0.6666666666666666,14,14,0.3571428571428571,0.5714285714285714,0.5333333333333333,344.51822677749595,8.43261800744446
P31_R11,31,11,0.5294117647058824,0.4313725490196078,-0.037037037037037,51,0.6938775510204082,-7.9411764705882355,11,0.2156862745098039,8,0.1568627450980392,4,2,5,1,0.45,6,0.3333333333333333,0,0.3333333333333333,0.3333333333333333,0.6060606060606061,-0.0909090909090909,33,0.9032258064516128,-5.0,1,2,11,17,4,0.6666666666666666,16,16,0.375,0.5625,0.6,289.5633393254395,8.18270887791462
P31_R12,31,12,0.5294117647058824,0.4313725490196078,-0.037037037037037,51,0.6938775510204082,-7.9411764705882355,11,0.2156862745098039,8,0.1568627450980392,4,2,5,1,0.45,6,0.3333333333333333,0,0.3333333333333333,0.3666666666666666,0.5666666666666667,0.2727272727272727,30,0.8214285714285714,-5.5,1,2,6,12,4,0.8333333333333334,18,18,0.3888888888888889,0.5555555555555556,0.6,328.01169638172945,8.361995062525432
P31_R13,31,13,0.5294117647058824,0.4313725490196078,-0.037037037037037,51,0.6938775510204082,-7.9411764705882355,11,0.2156862745098039,8,0.1568627450980392,4,2,5,1,0.45,6,0.3333333333333333,0,0.3333333333333333,0.3333333333333333,0.6,0.0,30,0.7857142857142857,-5.0,1,2,6,12,4,0.6666666666666666,18,18,0.3333333333333333,0.6111111111111112,0.5333333333333333,329.5810787935637,8.36886034237869
P31_R14,31,14,0.5294117647058824,0.4313725490196078,-0.037037037037037,51,0.6938775510204082,-7.9411764705882355,11,0.2156862745098039,8,0.1568627450980392,4,2,5,1,0.45,6,0.3333333333333333,0,0.3333333333333333,0.3055555555555556,0.6388888888888888,0.0909090909090909,36,0.7941176470588235,-4.583333333333334,1,2,16,22,4,1.0,14,14,0.4285714285714285,0.5,0.4666666666666667,459.2480969584651,8.846267946082637
P31_R15,31,15,0.5294117647058824,0.4313725490196078,-0.037037037037037,51,0.6938775510204082,-7.9411764705882355,11,0.2156862745098039,8,0.1568627450980392,4,2,5,1,0.45,6,0.3333333333333333,0,0.3333333333333333,0.3333333333333333,0.6060606060606061,0.0909090909090909,33,0.8064516129032258,-5.0,1,2,15,21,4,0.6666666666666666,12,12,0.25,0.6666666666666666,0.6,430.2550827947533,8.75239765033161
P31_R16,31,16,0.5294117647058824,0.4313725490196078,-0.037037037037037,51,0.6938775510204082,-7.9411764705882355,11,0.2156862745098039,8,0.1568627450980392,4,2,5,1,0.45,6,0.3333333333333333,0,0.3333333333333333,0.4,0.5333333333333333,0.1666666666666666,30,0.8214285714285714,-6.0,1,2,6,12,4,0.6666666666666666,18,18,0.4444444444444444,0.5,0.5333333333333333,436.735798352812,8.773916563228925
P31_R17,31,17,0.5294117647058824,0.4313725490196078,-0.037037037037037,51,0.6938775510204082,-7.9411764705882355,11,0.2156862745098039,8,0.1568627450980392,4,2,5,1,0.45,6,0.3333333333333333,0,0.3333333333333333,0.3939393939393939,0.5454545454545454,-0.0769230769230769,33,0.9032258064516128,-5.909090909090909,1,1,16,22,5,0.8333333333333334,11,11,0.2727272727272727,0.6363636363636364,0.5333333333333333,505.5904193764542,8.984675982875716
P31_R18,31,18,0.5294117647058824,0.4313725490196078,-0.037037037037037,51,0.6938775510204082,-7.9411764705882355,11,0.2156862745098039,8,0.1568627450980392,4,2,5,1,0.45,6,0.3333333333333333,0,0.3333333333333333,0.3636363636363636,0.5757575757575758,-0.1666666666666666,33,0.935483870967742,-5.454545454545455,1,2,16,22,4,0.6666666666666666,11,11,0.2727272727272727,0.6363636363636364,0.6,349.9689438926805,8.455199566531732
P31_R19,31,19,0.5294117647058824,0.4313725490196078,-0.037037037037037,51,0.6938775510204082,-7.9411764705882355,11,0.2156862745098039,8,0.1568627450980392,4,2,5,1,0.45,6,0.3333333333333333,0,0.3333333333333333,0.4583333333333333,0.4583333333333333,-0.0909090909090909,24,0.8636363636363636,-6.875,1,2,7,13,4,0.6666666666666666,11,11,0.5454545454545454,0.3636363636363636,0.4666666666666667,489.37450549705693,8.937740165236812
P31_R20,31,20,0.5294117647058824,0.4313725490196078,-0.037037037037037,51,0.6938775510204082,-7.9411764705882355,11,0.2156862745098039,8,0.1568627450980392,4,2,5,1,0.45,6,0.3333333333333333,0,0.3333333333333333,0.4333333333333333,0.5,0.2307692307692307,30,0.75,-6.5,1,2,6,12,4,0.8333333333333334,18,18,0.5,0.4444444444444444,0.4,759.2763112639116,9.570380029966177
P31_R21,31,21,0.5294117647058824,0.4313725490196078,-0.037037037037037,51,0.6938775510204082,-7.9411764705882355,11,0.2156862745098039,8,0.1568627450980392,4,2,5,1,0.45,6,0.3333333333333333,0,0.3333333333333333,0.3666666666666666,0.5666666666666667,0.0909090909090909,30,0.8214285714285714,-5.5,1,2,6,12,4,0.6666666666666666,18,18,0.3888888888888889,0.5555555555555556,0.5333333333333333,606.6069998045543,9.246994679965525
P31_R22,31,22,0.5294117647058824,0.4313725490196078,-0.037037037037037,51,0.6938775510204082,-7.9411764705882355,11,0.2156862745098039,8,0.1568627450980392,4,2,5,1,0.45,6,0.3333333333333333,0,0.3333333333333333,0.3529411764705882,0.5294117647058824,-0.6666666666666666,17,0.7333333333333333,-5.294117647058824,0,999,999,999,0,0.3333333333333333,999,999,0.0,0.0,0.6,604.8557107781586,9.242830435402109
P31_R23,31,23,0.5294117647058824,0.4313725490196078,-0.037037037037037,51,0.6938775510204082,-7.9411764705882355,11,0.2156862745098039,8,0.1568627450980392,4,2,5,1,0.45,6,0.3333333333333333,0,0.3333333333333333,0.3055555555555556,0.6388888888888888,-0.2727272727272727,36,0.6176470588235294,-4.583333333333334,1,2,21,27,4,0.6666666666666666,9,9,0.2222222222222222,0.6666666666666666,0.4666666666666667,688.0678671077109,9.428502272439943
P31_R24,31,24,0.5294117647058824,0.4313725490196078,-0.037037037037037,51,0.6938775510204082,-7.9411764705882355,11,0.2156862745098039,8,0.1568627450980392,4,2,5,1,0.45,6,0.3333333333333333,0,0.3333333333333333,0.2666666666666666,0.6666666666666666,0.25,30,0.7857142857142857,-4.0,1,2,6,12,4,0.6666666666666666,18,18,0.2222222222222222,0.7222222222222222,0.6666666666666666,737.221079055553,9.527909122447298
P31_R25,31,25,0.5294117647058824,0.4313725490196078,-0.037037037037037,51,0.6938775510204082,-7.9411764705882355,11,0.2156862745098039,8,0.1568627450980392,4,2,5,1,0.45,6,0.3333333333333333,0,0.3333333333333333,0.3666666666666666,0.5666666666666667,0.2727272727272727,30,0.8214285714285714,-5.5,1,2,6,12,4,0.6666666666666666,18,18,0.3888888888888889,0.5555555555555556,0.5333333333333333,485.5937261569826,8.926573908940178
P31_R26,31,26,0.5294117647058824,0.4313725490196078,-0.037037037037037,51,0.6938775510204082,-7.9411764705882355,11,0.2156862745098039,8,0.1568627450980392,4,2,5,1,0.45,6,0.3333333333333333,0,0.3333333333333333,0.4,0.5333333333333333,0.3333333333333333,30,0.7857142857142857,-6.0,1,2,6,12,4,0.8333333333333334,18,18,0.4444444444444444,0.5,0.4666666666666667,547.9306054699445,9.100479968381753
P31_R27,31,27,0.5294117647058824,0.4313725490196078,-0.037037037037037,51,0.6938775510204082,-7.9411764705882355,11,0.2156862745098039,8,0.1568627450980392,4,2,5,1,0.45,6,0.3333333333333333,0,0.3333333333333333,0.3333333333333333,0.6060606060606061,-0.0909090909090909,33,0.8387096774193549,-5.0,0,999,999,999,0,0.5,999,999,0.0,0.0,0.7333333333333333,838.463887480739,9.713324453623088
P31_R28,31,28,0.5294117647058824,0.4313725490196078,-0.037037037037037,51,0.6938775510204082,-7.9411764705882355,11,0.2156862745098039,8,0.1568627450980392,4,2,5,1,0.45,6,0.3333333333333333,0,0.3333333333333333,0.3939393939393939,0.5454545454545454,0.0769230769230769,33,0.8709677419354839,-5.909090909090909,1,2,11,17,4,0.6666666666666666,16,16,0.4375,0.5,0.5333333333333333,780.5555399719594,9.610204589416803
P31_R29,31,29,0.5294117647058824,0.4313725490196078,-0.037037037037037,51,0.6938775510204082,-7.9411764705882355,11,0.2156862745098039,8,0.1568627450980392,4,2,5,1,0.45,6,0.3333333333333333,0,0.3333333333333333,0.3666666666666666,0.5666666666666667,0.0909090909090909,30,0.7857142857142857,-5.5,1,2,6,12,4,0.6666666666666666,18,18,0.3888888888888889,0.5555555555555556,0.6,1121.6196530549082,10.132653505725807
P31_R30,31,30,0.5294117647058824,0.4313725490196078,-0.037037037037037,51,0.6938775510204082,-7.9411764705882355,11,0.2156862745098039,8,0.1568627450980392,4,2,5,1,0.45,6,0.3333333333333333,0,0.3333333333333333,0.4,0.5333333333333333,0.0,30,0.8214285714285714,-6.0,1,2,6,12,4,0.6666666666666666,18,18,0.4444444444444444,0.5,0.5333333333333333,908.3658561008862,9.828717026099664
P31_R31,31,31,0.5294117647058824,0.4313725490196078,-0.037037037037037,51,0.6938775510204082,-7.9411764705882355,11,0.2156862745098039,8,0.1568627450980392,4,2,5,1,0.45,6,0.3333333333333333,0,0.3333333333333333,0.4333333333333333,0.5,-0.0769230769230769,30,0.7857142857142857,-6.5,1,2,6,12,4,0.6666666666666666,18,18,0.5,0.4444444444444444,0.4666666666666667,888.9123827418691,9.79751949079054
P31_R32,31,32,0.5294117647058824,0.4313725490196078,-0.037037037037037,51,0.6938775510204082,-7.9411764705882355,11,0.2156862745098039,8,0.1568627450980392,4,2,5,1,0.45,6,0.3333333333333333,0,0.3333333333333333,0.4,0.5333333333333333,0.1666666666666666,30,0.8571428571428571,-6.0,1,2,6,12,4,0.8333333333333334,18,18,0.4444444444444444,0.5,0.5333333333333333,1142.5440870930358,10.159296271753524
P31_R33,31,33,0.5294117647058824,0.4313725490196078,-0.037037037037037,51,0.6938775510204082,-7.9411764705882355,11,0.2156862745098039,8,0.1568627450980392,4,2,5,1,0.45,6,0.3333333333333333,0,0.3333333333333333,0.3636363636363636,0.5757575757575758,0.0,33,0.7419354838709677,-5.454545454545455,1,2,13,19,4,0.6666666666666666,14,14,0.2142857142857142,0.7142857142857143,0.6666666666666666,1144.280950066836,10.161485835428598
P31_R34,31,34,0.5294117647058824,0.4313725490196078,-0.037037037037037,51,0.6938775510204082,-7.9411764705882355,11,0.2156862745098039,8,0.1568627450980392,4,2,5,1,0.45,6,0.3333333333333333,0,0.3333333333333333,0.3666666666666666,0.5666666666666667,0.0909090909090909,30,0.8571428571428571,-5.5,1,2,6,12,4,0.6666666666666666,18,18,0.3888888888888889,0.5555555555555556,0.4666666666666667,1801.113541026322,10.815474194767637
P31_R35,31,35,0.5294117647058824,0.4313725490196078,-0.037037037037037,51,0.6938775510204082,-7.9411764705882355,11,0.2156862745098039,8,0.1568627450980392,4,2,5,1,0.45,6,0.3333333333333333,0,0.3333333333333333,0.303030303030303,0.6363636363636364,0.0,33,0.8064516129032258,-4.545454545454546,1,2,16,22,4,0.6666666666666666,11,11,0.2727272727272727,0.6363636363636364,0.6,1828.0733440838721,10.83689721159374
P31_R36,31,36,0.5294117647058824,0.4313725490196078,-0.037037037037037,51,0.6938775510204082,-7.9411764705882355,11,0.2156862745098039,8,0.1568627450980392,4,2,5,1,0.45,6,0.3333333333333333,0,0.3333333333333333,0.3636363636363636,0.5757575757575758,0.0,33,0.9032258064516128,-5.454545454545455,0,999,999,999,0,0.5,999,999,0.0,0.0,0.6,1892.8547555215832,10.887109975804323
P31_R37,31,37,0.5294117647058824,0.4313725490196078,-0.037037037037037,51,0.6938775510204082,-7.9411764705882355,11,0.2156862745098039,8,0.1568627450980392,4,2,5,1,0.45,6,0.3333333333333333,0,0.3333333333333333,0.3333333333333333,0.6060606060606061,-0.0909090909090909,33,0.8064516129032258,-5.0,0,999,999,999,0,0.5,999,999,0.0,0.0,0.6,2991.2226214137117,11.547001800416231
P31_R38,31,38,0.5294117647058824,0.4313725490196078,-0.037037037037037,51,0.6938775510204082,-7.9411764705882355,11,0.2156862745098039,8,0.1568627450980392,4,2,5,1,0.45,6,0.3333333333333333,0,0.3333333333333333,0.3636363636363636,0.5757575757575758,-0.1666666666666666,33,0.8064516129032258,-5.454545454545455,0,999,999,999,0,0.5,999,999,0.0,0.0,0.6666666666666666,3155.408242582474,11.624068096939817
P31_R39,31,39,0.5294117647058824,0.4313725490196078,-0.037037037037037,51,0.6938775510204082,-7.9411764705882355,11,0.2156862745098039,8,0.1568627450980392,4,2,5,1,0.45,6,0.3333333333333333,0,0.3333333333333333,0.3939393939393939,0.5454545454545454,-0.0769230769230769,33,0.8709677419354839,-5.909090909090909,1,2,16,22,4,0.6666666666666666,11,11,0.1818181818181818,0.7272727272727273,0.6,2734.3680497018827,11.417519248486359
P31_R40,31,40,0.5294117647058824,0.4313725490196078,-0.037037037037037,51,0.6938775510204082,-7.9411764705882355,11,0.2156862745098039,8,0.1568627450980392,4,2,5,1,0.45,6,0.3333333333333333,0,0.3333333333333333,0.3666666666666666,0.5666666666666667,0.2727272727272727,30,0.8571428571428571,-5.5,1,2,6,12,4,0.8333333333333334,18,18,0.3888888888888889,0.5555555555555556,0.6,2138.453436976632,11.0630265651781
P31_R41,31,41,0.5294117647058824,0.4313725490196078,-0.037037037037037,51,0.6938775510204082,-7.9411764705882355,11,0.2156862745098039,8,0.1568627450980392,4,2,5,1,0.45,6,0.3333333333333333,0,0.3333333333333333,0.4,0.5333333333333333,0.1666666666666666,30,0.7857142857142857,-6.0,1,2,6,12,4,0.6666666666666666,18,18,0.4444444444444444,0.5,0.5333333333333333,3657.1986128728568,11.836917689444768
P31_R42,31,42,0.5294117647058824,0.4313725490196078,-0.037037037037037,51,0.6938775510204082,-7.9411764705882355,11,0.2156862745098039,8,0.1568627450980392,4,2,5,1,0.45,6,0.3333333333333333,0,0.3333333333333333,0.3333333333333333,0.6060606060606061,0.0909090909090909,33,0.8709677419354839,-5.0,0,999,999,999,0,0.5,999,999,0.0,0.0,0.6,4033.429375418869,11.978148919634911
P31_R43,31,43,0.5294117647058824,0.4313725490196078,-0.037037037037037,51,0.6938775510204082,-7.9411764705882355,11,0.2156862745098039,8,0.1568627450980392,4,2,5,1,0.45,6,0.3333333333333333,0,0.3333333333333333,0.4,0.5333333333333333,0.1666666666666666,30,0.8571428571428571,-6.0,1,2,6,12,4,0.6666666666666666,18,18,0.4444444444444444,0.5,0.5333333333333333,8113.342898824926,12.986258554421152
P31_R44,31,44,0.5294117647058824,0.4313725490196078,-0.037037037037037,51,0.6938775510204082,-7.9411764705882355,11,0.2156862745098039,8,0.1568627450980392,4,2,5,1,0.45,6,0.3333333333333333,0,0.3333333333333333,0.3333333333333333,0.6,0.2,30,0.8214285714285714,-5.0,1,2,6,12,4,0.6666666666666666,18,18,0.3333333333333333,0.6111111111111112,0.5333333333333333,14411.98017647632,13.815081052417398
P31_R45,31,45,0.5294117647058824,0.4313725490196078,-0.037037037037037,51,0.6938775510204082,-7.9411764705882355,11,0.2156862745098039,8,0.1568627450980392,4,2,5,1,0.45,6,0.3333333333333333,0,0.3333333333333333,0.3666666666666666,0.5666666666666667,0.0909090909090909,30,0.75,-5.5,1,2,6,12,4,0.6666666666666666,18,18,0.3888888888888889,0.5555555555555556,0.5333333333333333,10766.769298207391,13.394431784887287
P31_R46,31,46,0.5294117647058824,0.4313725490196078,-0.037037037037037,51,0.6938775510204082,-7.9411764705882355,11,0.2156862745098039,8,0.1568627450980392,4,2,5,1,0.45,6,0.3333333333333333,0,0.3333333333333333,0.3939393939393939,0.5454545454545454,0.0769230769230769,33,0.9032258064516128,-5.909090909090909,0,999,999,999,0,0.5,999,999,0.0,0.0,0.6,20256.538804193086,14.306171283664977
P31_R47,31,47,0.5294117647058824,0.4313725490196078,-0.037037037037037,51,0.6938775510204082,-7.9411764705882355,11,0.2156862745098039,8,0.1568627450980392,4,2,5,1,0.45,6,0.3333333333333333,0,0.3333333333333333,0.3939393939393939,0.5454545454545454,0.0769230769230769,33,0.935483870967742,-5.909090909090909,1,2,16,22,4,0.6666666666666666,11,11,0.2727272727272727,0.6363636363636364,0.6,17246.712569571126,14.074117420665912
P32_R0,32,0,0.5147058823529411,0.4558823529411764,0.0857142857142857,68,0.6666666666666666,-7.720588235294117,10,0.1470588235294117,8,0.1176470588235294,4,2,5,1,0.5,6,0.5,0,0.3333333333333333,0.3333333333333333,0.6,0.2,30,0.8214285714285714,-5.0,1,2,6,12,4,0.6666666666666666,18,18,0.3333333333333333,0.6111111111111112,0.6,66.59881156193876,6.078925977951496
P32_R1,32,1,0.5147058823529411,0.4558823529411764,0.0857142857142857,68,0.6666666666666666,-7.720588235294117,10,0.1470588235294117,8,0.1176470588235294,4,2,5,1,0.5,6,0.5,0,0.3333333333333333,0.3333333333333333,0.6,0.0,30,0.8214285714285714,-5.0,1,2,6,12,4,0.6666666666666666,18,18,0.3333333333333333,0.6111111111111112,0.6,60.26745632063313,5.937049050172135
P32_R2,32,2,0.5147058823529411,0.4558823529411764,0.0857142857142857,68,0.6666666666666666,-7.720588235294117,10,0.1470588235294117,8,0.1176470588235294,4,2,5,1,0.5,6,0.5,0,0.3333333333333333,0.3636363636363636,0.5757575757575758,0.0,33,0.8709677419354839,-5.454545454545455,1,2,16,22,4,0.6666666666666666,11,11,0.2727272727272727,0.6363636363636364,0.6,79.38108599166097,6.328784164000863
P32_R3,32,3,0.5147058823529411,0.4558823529411764,0.0857142857142857,68,0.6666666666666666,-7.720588235294117,10,0.1470588235294117,8,0.1176470588235294,4,2,5,1,0.5,6,0.5,0,0.3333333333333333,0.4,0.5333333333333333,0.1666666666666666,30,0.8928571428571429,-6.0,1,2,6,12,4,0.8333333333333334,18,18,0.4444444444444444,0.5,0.5333333333333333,194.03145945161336,7.607563045719457
P32_R4,32,4,0.5147058823529411,0.4558823529411764,0.0857142857142857,68,0.6666666666666666,-7.720588235294117,10,0.1470588235294117,8,0.1176470588235294,4,2,5,1,0.5,6,0.5,0,0.3333333333333333,0.4,0.5333333333333333,0.1666666666666666,30,0.8214285714285714,-6.0,1,2,6,12,4,0.6666666666666666,18,18,0.4444444444444444,0.5,0.4666666666666667,193.78175821285475,7.605714761608972
P32_R5,32,5,0.5147058823529411,0.4558823529411764,0.0857142857142857,68,0.6666666666666666,-7.720588235294117,10,0.1470588235294117,8,0.1176470588235294,4,2,5,1,0.5,6,0.5,0,0.3333333333333333,0.3636363636363636,0.5757575757575758,0.0,33,0.8709677419354839,-5.454545454545455,1,1,11,17,5,0.8333333333333334,16,16,0.375,0.5625,0.6,309.36355311352946,8.2778153374104
P32_R6,32,6,0.5147058823529411,0.4558823529411764,0.0857142857142857,68,0.6666666666666666,-7.720588235294117,10,0.1470588235294117,8,0.1176470588235294,4,2,5,1,0.5,6,0.5,0,0.3333333333333333,0.3,0.6333333333333333,0.1111111111111111,30,0.8214285714285714,-4.5,1,2,6,12,4,0.6666666666666666,18,18,0.2777777777777778,0.6666666666666666,0.6,287.6697049428053,8.173275898588193
P32_R7,32,7,0.5147058823529411,0.4558823529411764,0.0857142857142857,68,0.6666666666666666,-7.720588235294117,10,0.1470588235294117,8,0.1176470588235294,4,2,5,1,0.5,6,0.5,0,0.3333333333333333,0.3666666666666666,0.5666666666666667,0.2727272727272727,30,0.9285714285714286,-5.5,1,2,6,12,4,0.6666666666666666,18,18,0.3888888888888889,0.5555555555555556,0.4666666666666667,283.1245960992762,8.150379917938885
P32_R8,32,8,0.5147058823529411,0.4558823529411764,0.0857142857142857,68,0.6666666666666666,-7.720588235294117,10,0.1470588235294117,8,0.1176470588235294,4,2,5,1,0.5,6,0.5,0,0.3333333333333333,0.3333333333333333,0.6060606060606061,-0.0909090909090909,33,0.935483870967742,-5.0,1,1,16,22,5,0.8333333333333334,11,11,0.1818181818181818,0.7272727272727273,0.6666666666666666,371.41189623421593,8.540755348503833
P32_R9,32,9,0.5147058823529411,0.4558823529411764,0.0857142857142857,68,0.6666666666666666,-7.720588235294117,10,0.1470588235294117,8,0.1176470588235294,4,2,5,1,0.5,6,0.5,0,0.3333333333333333,0.4333333333333333,0.5,-0.0769230769230769,30,0.8214285714285714,-6.5,1,2,6,12,4,0.6666666666666666,18,18,0.5,0.4444444444444444,0.4,306.1384640950863,8.26274538748205
P32_R10,32,10,0.5147058823529411,0.4558823529411764,0.0857142857142857,68,0.6666666666666666,-7.720588235294117,10,0.1470588235294117,8,0.1176470588235294,4,2,5,1,0.5,6,0.5,0,0.3333333333333333,0.3636363636363636,0.5757575757575758,0.0,33,0.8709677419354839,-5.454545454545455,1,2,13,19,4,0.6666666666666666,14,14,0.3571428571428571,0.5714285714285714,0.5333333333333333,247.56579712671794,7.95748398370968
P32_R11,32,11,0.5147058823529411,0.4558823529411764,0.0857142857142857,68,0.6666666666666666,-7.720588235294117,10,0.1470588235294117,8,0.1176470588235294,4,2,5,1,0.5,6,0.5,0,0.3333333333333333,0.3333333333333333,0.6060606060606061,-0.0909090909090909,33,0.9032258064516128,-5.0,1,2,11,17,4,0.6666666666666666,16,16,0.375,0.5625,0.6,320.07219330716543,8.326753914586247
P32_R12,32,12,0.5147058823529411,0.4558823529411764,0.0857142857142857,68,0.6666666666666666,-7.720588235294117,10,0.1470588235294117,8,0.1176470588235294,4,2,5,1,0.5,6,0.5,0,0.3333333333333333,0.3666666666666666,0.5666666666666667,0.2727272727272727,30,0.8214285714285714,-5.5,1,2,6,12,4,0.8333333333333334,18,18,0.3888888888888889,0.5555555555555556,0.6,405.08986458500135,8.665655209907118
P32_R13,32,13,0.5147058823529411,0.4558823529411764,0.0857142857142857,68,0.6666666666666666,-7.720588235294117,10,0.1470588235294117,8,0.1176470588235294,4,2,5,1,0.5,6,0.5,0,0.3333333333333333,0.3333333333333333,0.6,0.0,30,0.7857142857142857,-5.0,1,2,6,12,4,0.6666666666666666,18,18,0.3333333333333333,0.6111111111111112,0.5333333333333333,401.1261367246056,8.651504298848906
P32_R14,32,14,0.5147058823529411,0.4558823529411764,0.0857142857142857,68,0.6666666666666666,-7.720588235294117,10,0.1470588235294117,8,0.1176470588235294,4,2,5,1,0.5,6,0.5,0,0.3333333333333333,0.3055555555555556,0.6388888888888888,0.0909090909090909,36,0.7941176470588235,-4.583333333333334,1,2,16,22,4,1.0,14,14,0.4285714285714285,0.5,0.4666666666666667,310.8145710153147,8.284544536156677
P32_R15,32,15,0.5147058823529411,0.4558823529411764,0.0857142857142857,68,0.6666666666666666,-7.720588235294117,10,0.1470588235294117,8,0.1176470588235294,4,2,5,1,0.5,6,0.5,0,0.3333333333333333,0.3333333333333333,0.6060606060606061,0.0909090909090909,33,0.8064516129032258,-5.0,1,2,15,21,4,0.6666666666666666,12,12,0.25,0.6666666666666666,0.6,383.60755780367,8.587243302683275
P32_R16,32,16,0.5147058823529411,0.4558823529411764,0.0857142857142857,68,0.6666666666666666,-7.720588235294117,10,0.1470588235294117,8,0.1176470588235294,4,2,5,1,0.5,6,0.5,0,0.3333333333333333,0.4,0.5333333333333333,0.1666666666666666,30,0.8214285714285714,-6.0,1,2,6,12,4,0.6666666666666666,18,18,0.4444444444444444,0.5,0.5333333333333333,431.4997650822976,8.756555538906293
P32_R17,32,17,0.5147058823529411,0.4558823529411764,0.0857142857142857,68,0.6666666666666666,-7.720588235294117,10,0.1470588235294117,8,0.1176470588235294,4,2,5,1,0.5,6,0.5,0,0.3333333333333333,0.3939393939393939,0.5454545454545454,-0.0769230769230769,33,0.9032258064516128,-5.909090909090909,1,1,16,22,5,0.8333333333333334,11,11,0.2727272727272727,0.6363636363636364,0.5333333333333333,463.8379310231967,8.860583988005747
P32_R18,32,18,0.5147058823529411,0.4558823529411764,0.0857142857142857,68,0.6666666666666666,-7.720588235294117,10,0.1470588235294117,8,0.1176470588235294,4,2,5,1,0.5,6,0.5,0,0.3333333333333333,0.3636363636363636,0.5757575757575758,-0.1666666666666666,33,0.935483870967742,-5.454545454545455,1,2,16,22,4,0.6666666666666666,11,11,0.2727272727272727,0.6363636363636364,0.6,407.8799532531533,8.675533521283576
P32_R19,32,19,0.5147058823529411,0.4558823529411764,0.0857142857142857,68,0.6666666666666666,-7.720588235294117,10,0.1470588235294117,8,0.1176470588235294,4,2,5,1,0.5,6,0.5,0,0.3333333333333333,0.4583333333333333,0.4583333333333333,-0.0909090909090909,24,0.8636363636363636,-6.875,1,2,7,13,4,0.6666666666666666,11,11,0.5454545454545454,0.3636363636363636,0.4666666666666667,468.1454764641645,8.873891544561607
P32_R20,32,20,0.5147058823529411,0.4558823529411764,0.0857142857142857,68,0.6666666666666666,-7.720588235294117,10,0.1470588235294117,8,0.1176470588235294,4,2,5,1,0.5,6,0.5,0,0.3333333333333333,0.4333333333333333,0.5,0.2307692307692307,30,0.75,-6.5,1,2,6,12,4,0.8333333333333334,18,18,0.5,0.4444444444444444,0.4,526.8330601317158,9.043937904581323
P32_R21,32,21,0.5147058823529411,0.4558823529411764,0.0857142857142857,68,0.6666666666666666,-7.720588235294117,10,0.1470588235294117,8,0.1176470588235294,4,2,5,1,0.5,6,0.5,0,0.3333333333333333,0.3666666666666666,0.5666666666666667,0.0909090909090909,30,0.8214285714285714,-5.5,1,2,6,12,4,0.6666666666666666,18,18,0.3888888888888889,0.5555555555555556,0.5333333333333333,697.2861096701956,9.447674464646044
P32_R22,32,22,0.5147058823529411,0.4558823529411764,0.0857142857142857,68,0.6666666666666666,-7.720588235294117,10,0.1470588235294117,8,0.1176470588235294,4,2,5,1,0.5,6,0.5,0,0.3333333333333333,0.3529411764705882,0.5294117647058824,-0.6666666666666666,17,0.7333333333333333,-5.294117647058824,0,999,999,999,0,0.3333333333333333,999,999,0.0,0.0,0.6,705.9947650653731,9.465555722430068
P32_R23,32,23,0.5147058823529411,0.4558823529411764,0.0857142857142857,68,0.6666666666666666,-7.720588235294117,10,0.1470588235294117,8,0.1176470588235294,4,2,5,1,0.5,6,0.5,0,0.3333333333333333,0.3055555555555556,0.6388888888888888,-0.2727272727272727,36,0.6176470588235294,-4.583333333333334,1,2,21,27,4,0.6666666666666666,9,9,0.2222222222222222,0.6666666666666666,0.4666666666666667,647.5741586354749,9.341127732916048
P32_R24,32,24,0.5147058823529411,0.4558823529411764,0.0857142857142857,68,0.6666666666666666,-7.720588235294117,10,0.1470588235294117,8,0.1176470588235294,4,2,5,1,0.5,6,0.5,0,0.3333333333333333,0.2666666666666666,0.6666666666666666,0.25,30,0.7857142857142857,-4.0,1,2,6,12,4,0.6666666666666666,18,18,0.2222222222222222,0.7222222222222222,0.6666666666666666,634.7160472368122,9.31223869629117
P32_R25,32,25,0.5147058823529411,0.4558823529411764,0.0857142857142857,68,0.6666666666666666,-7.720588235294117,10,0.1470588235294117,8,0.1176470588235294,4,2,5,1,0.5,6,0.5,0,0.3333333333333333,0.3666666666666666,0.5666666666666667,0.2727272727272727,30,0.8214285714285714,-5.5,1,2,6,12,4,0.6666666666666666,18,18,0.3888888888888889,0.5555555555555556,0.5333333333333333,698.837078355569,9.450875292395668
P32_R26,32,26,0.5147058823529411,0.4558823529411764,0.0857142857142857,68,0.6666666666666666,-7.720588235294117,10,0.1470588235294117,8,0.1176470588235294,4,2,5,1,0.5,6,0.5,0,0.3333333333333333,0.4,0.5333333333333333,0.3333333333333333,30,0.7857142857142857,-6.0,1,2,6,12,4,0.8333333333333334,18,18,0.4444444444444444,0.5,0.4666666666666667,651.6111699948907,9.350079870367733
P32_R27,32,27,0.5147058823529411,0.4558823529411764,0.0857142857142857,68,0.6666666666666666,-7.720588235294117,10,0.1470588235294117,8,0.1176470588235294,4,2,5,1,0.5,6,0.5,0,0.3333333333333333,0.3333333333333333,0.6060606060606061,-0.0909090909090909,33,0.8387096774193549,-5.0,0,999,999,999,0,0.5,999,999,0.0,0.0,0.7333333333333333,714.3976017990142,9.482601471822612
P32_R28,32,28,0.5147058823529411,0.4558823529411764,0.0857142857142857,68,0.6666666666666666,-7.720588235294117,10,0.1470588235294117,8,0.1176470588235294,4,2,5,1,0.5,6,0.5,0,0.3333333333333333,0.3939393939393939,0.5454545454545454,0.0769230769230769,33,0.8709677419354839,-5.909090909090909,1,2,11,17,4,0.6666666666666666,16,16,0.4375,0.5,0.5333333333333333,788.1125157210232,9.624087211559166
P32_R29,32,29,0.5147058823529411,0.4558823529411764,0.0857142857142857,68,0.6666666666666666,-7.720588235294117,10,0.1470588235294117,8,0.1176470588235294,4,2,5,1,0.5,6,0.5,0,0.3333333333333333,0.3666666666666666,0.5666666666666667,0.0909090909090909,30,0.7857142857142857,-5.5,1,2,6,12,4,0.6666666666666666,18,18,0.3888888888888889,0.5555555555555556,0.6,874.7515829096394,9.774377880457013
P32_R30,32,30,0.5147058823529411,0.4558823529411764,0.0857142857142857,68,0.6666666666666666,-7.720588235294117,10,0.1470588235294117,8,0.1176470588235294,4,2,5,1,0.5,6,0.5,0,0.3333333333333333,0.4,0.5333333333333333,0.0,30,0.8214285714285714,-6.0,1,2,6,12,4,0.6666666666666666,18,18,0.4444444444444444,0.5,0.5333333333333333,835.340125174036,9.707945970728407
P32_R31,32,31,0.5147058823529411,0.4558823529411764,0.0857142857142857,68,0.6666666666666666,-7.720588235294117,10,0.1470588235294117,8,0.1176470588235294,4,2,5,1,0.5,6,0.5,0,0.3333333333333333,0.4333333333333333,0.5,-0.0769230769230769,30,0.7857142857142857,-6.5,1,2,6,12,4,0.6666666666666666,18,18,0.5,0.4444444444444444,0.4666666666666667,1271.4635074328564,10.313408566974395
P32_R32,32,32,0.5147058823529411,0.4558823529411764,0.0857142857142857,68,0.6666666666666666,-7.720588235294117,10,0.1470588235294117,8,0.1176470588235294,4,2,5,1,0.5,6,0.5,0,0.3333333333333333,0.4,0.5333333333333333,0.1666666666666666,30,0.8571428571428571,-6.0,1,2,6,12,4,0.8333333333333334,18,18,0.4444444444444444,0.5,0.5333333333333333,1610.1921765136717,10.653912867823784
P32_R33,32,33,0.5147058823529411,0.4558823529411764,0.0857142857142857,68,0.6666666666666666,-7.720588235294117,10,0.1470588235294117,8,0.1176470588235294,4,2,5,1,0.5,6,0.5,0,0.3333333333333333,0.3636363636363636,0.5757575757575758,0.0,33,0.7419354838709677,-5.454545454545455,1,2,13,19,4,0.6666666666666666,14,14,0.2142857142857142,0.7142857142857143,0.6666666666666666,1422.7616013201045,10.475491882239929
P32_R34,32,34,0.5147058823529411,0.4558823529411764,0.0857142857142857,68,0.6666666666666666,-7.720588235294117,10,0.1470588235294117,8,0.1176470588235294,4,2,5,1,0.5,6,0.5,0,0.3333333333333333,0.3666666666666666,0.5666666666666667,0.0909090909090909,30,0.8571428571428571,-5.5,1,2,6,12,4,0.6666666666666666,18,18,0.3888888888888889,0.5555555555555556,0.4666666666666667,1955.6642607990063,10.93418051337397
P32_R35,32,35,0.5147058823529411,0.4558823529411764,0.0857142857142857,68,0.6666666666666666,-7.720588235294117,10,0.1470588235294117,8,0.1176470588235294,4,2,5,1,0.5,6,0.5,0,0.3333333333333333,0.303030303030303,0.6363636363636364,0.0,33,0.8064516129032258,-4.545454545454546,1,2,16,22,4,0.6666666666666666,11,11,0.2727272727272727,0.6363636363636364,0.6,1900.21399898944,10.89270521428384
P32_R36,32,36,0.5147058823529411,0.4558823529411764,0.0857142857142857,68,0.6666666666666666,-7.720588235294117,10,0.1470588235294117,8,0.1176470588235294,4,2,5,1,0.5,6,0.5,0,0.3333333333333333,0.3636363636363636,0.5757575757575758,0.0,33,0.9032258064516128,-5.454545454545455,0,999,999,999,0,0.5,999,999,0.0,0.0,0.6,2217.584449561892,11.11542375449605
P32_R37,32,37,0.5147058823529411,0.4558823529411764,0.0857142857142857,68,0.6666666666666666,-7.720588235294117,10,0.1470588235294117,8,0.1176470588235294,4,2,5,1,0.5,6,0.5,0,0.3333333333333333,0.3333333333333333,0.6060606060606061,-0.0909090909090909,33,0.8064516129032258,-5.0,0,999,999,999,0,0.5,999,999,0.0,0.0,0.6,2652.0852106054663,11.373455296807574
P32_R38,32,38,0.5147058823529411,0.4558823529411764,0.0857142857142857,68,0.6666666666666666,-7.720588235294117,10,0.1470588235294117,8,0.1176470588235294,4,2,5,1,0.5,6,0.5,0,0.3333333333333333,0.3636363636363636,0.5757575757575758,-0.1666666666666666,33,0.8064516129032258,-5.454545454545455,0,999,999,999,0,0.5,999,999,0.0,0.0,0.6666666666666666,2213.8579710646973,11.112998472828256
P32_R39,32,39,0.5147058823529411,0.4558823529411764,0.0857142857142857,68,0.6666666666666666,-7.720588235294117,10,0.1470588235294117,8,0.1176470588235294,4,2,5,1,0.5,6,0.5,0,0.3333333333333333,0.3939393939393939,0.5454545454545454,-0.0769230769230769,33,0.8709677419354839,-5.909090909090909,1,2,16,22,4,0.6666666666666666,11,11,0.1818181818181818,0.7272727272727273,0.6,2424.2856015259763,11.243938933670545
P32_R40,32,40,0.5147058823529411,0.4558823529411764,0.0857142857142857,68,0.6666666666666666,-7.720588235294117,10,0.1470588235294117,8,0.1176470588235294,4,2,5,1,0.5,6,0.5,0,0.3333333333333333,0.3666666666666666,0.5666666666666667,0.2727272727272727,30,0.8571428571428571,-5.5,1,2,6,12,4,0.8333333333333334,18,18,0.3888888888888889,0.5555555555555556,0.6,3089.8950548126622,11.5938089558522
P32_R41,32,41,0.5147058823529411,0.4558823529411764,0.0857142857142857,68,0.6666666666666666,-7.720588235294117,10,0.1470588235294117,8,0.1176470588235294,4,2,5,1,0.5,6,0.5,0,0.3333333333333333,0.4,0.5333333333333333,0.1666666666666666,30,0.7857142857142857,-6.0,1,2,6,12,4,0.6666666666666666,18,18,0.4444444444444444,0.5,0.5333333333333333,4062.745656725669,11.988594393646329
P32_R42,32,42,0.5147058823529411,0.4558823529411764,0.0857142857142857,68,0.6666666666666666,-7.720588235294117,10,0.1470588235294117,8,0.1176470588235294,4,2,5,1,0.5,6,0.5,0,0.3333333333333333,0.3333333333333333,0.6060606060606061,0.0909090909090909,33,0.8709677419354839,-5.0,0,999,999,999,0,0.5,999,999,0.0,0.0,0.6,2780.4742371916923,11.441634027662236
P32_R43,32,43,0.5147058823529411,0.4558823529411764,0.0857142857142857,68,0.6666666666666666,-7.720588235294117,10,0.1470588235294117,8,0.1176470588235294,4,2,5,1,0.5,6,0.5,0,0.3333333333333333,0.4,0.5333333333333333,0.1666666666666666,30,0.8571428571428571,-6.0,1,2,6,12,4,0.6666666666666666,18,18,0.4444444444444444,0.5,0.5333333333333333,8519.83432804957,13.056778985301898
P32_R44,32,44,0.5147058823529411,0.4558823529411764,0.0857142857142857,68,0.6666666666666666,-7.720588235294117,10,0.1470588235294117,8,0.1176470588235294,4,2,5,1,0.5,6,0.5,0,0.3333333333333333,0.3333333333333333,0.6,0.2,30,0.8214285714285714,-5.0,1,2,6,12,4,0.6666666666666666,18,18,0.3333333333333333,0.6111111111111112,0.5333333333333333,15529.133215687083,13.922782584598993
P32_R45,32,45,0.5147058823529411,0.4558823529411764,0.0857142857142857,68,0.6666666666666666,-7.720588235294117,10,0.1470588235294117,8,0.1176470588235294,4,2,5,1,0.5,6,0.5,0,0.3333333333333333,0.3666666666666666,0.5666666666666667,0.0909090909090909,30,0.75,-5.5,1,2,6,12,4,0.6666666666666666,18,18,0.3888888888888889,0.5555555555555556,0.5333333333333333,13087.681877780102,13.676032194621648
P32_R46,32,46,0.5147058823529411,0.4558823529411764,0.0857142857142857,68,0.6666666666666666,-7.720588235294117,10,0.1470588235294117,8,0.1176470588235294,4,2,5,1,0.5,6,0.5,0,0.3333333333333333,0.3939393939393939,0.5454545454545454,0.0769230769230769,33,0.9032258064516128,-5.909090909090909,0,999,999,999,0,0.5,999,999,0.0,0.0,0.6,16998.606635566844,14.053213742884024
P32_R47,32,47,0.5147058823529411,0.4558823529411764,0.0857142857142857,68,0.6666666666666666,-7.720588235294117,10,0.1470588235294117,8,0.1176470588235294,4,2,5,1,0.5,6,0.5,0,0.3333333333333333,0.3939393939393939,0.5454545454545454,0.0769230769230769,33,0.935483870967742,-5.909090909090909,1,2,16,22,4,0.6666666666666666,11,11,0.2727272727272727,0.6363636363636364,0.6,18718.49395593446,14.192253814623989
P33_R0,33,0,0.3835616438356164,0.589041095890411,-0.2142857142857142,73,0.5633802816901409,-5.753424657534247,9,0.1232876712328767,15,0.2054794520547945,5,1,4,2,0.65,6,0.5,1,0.3333333333333333,0.3333333333333333,0.6,0.2,30,0.8214285714285714,-5.0,1,2,6,12,4,0.6666666666666666,18,18,0.3333333333333333,0.6111111111111112,0.6,59.43347221084965,5.9172759294860064
P33_R1,33,1,0.3835616438356164,0.589041095890411,-0.2142857142857142,73,0.5633802816901409,-5.753424657534247,9,0.1232876712328767,15,0.2054794520547945,5,1,4,2,0.65,6,0.5,1,0.3333333333333333,0.3333333333333333,0.6,0.0,30,0.8214285714285714,-5.0,1,2,6,12,4,0.6666666666666666,18,18,0.3333333333333333,0.6111111111111112,0.6,61.881211094574816,5.974557099114147
P33_R2,33,2,0.3835616438356164,0.589041095890411,-0.2142857142857142,73,0.5633802816901409,-5.753424657534247,9,0.1232876712328767,15,0.2054794520547945,5,1,4,2,0.65,6,0.5,1,0.3333333333333333,0.3636363636363636,0.5757575757575758,0.0,33,0.8709677419354839,-5.454545454545455,1,2,16,22,4,0.6666666666666666,11,11,0.2727272727272727,0.6363636363636364,0.6,65.27489747387189,6.050390628157173
P33_R3,33,3,0.3835616438356164,0.589041095890411,-0.2142857142857142,73,0.5633802816901409,-5.753424657534247,9,0.1232876712328767,15,0.2054794520547945,5,1,4,2,0.65,6,0.5,1,0.3333333333333333,0.4,0.5333333333333333,0.1666666666666666,30,0.8928571428571429,-6.0,1,2,6,12,4,0.8333333333333334,18,18,0.4444444444444444,0.5,0.5333333333333333,180.98951295377256,7.5077115080805905
P33_R4,33,4,0.3835616438356164,0.589041095890411,-0.2142857142857142,73,0.5633802816901409,-5.753424657534247,9,0.1232876712328767,15,0.2054794520547945,5,1,4,2,0.65,6,0.5,1,0.3333333333333333,0.4,0.5333333333333333,0.1666666666666666,30,0.8214285714285714,-6.0,1,2,6,12,4,0.6666666666666666,18,18,0.4444444444444444,0.5,0.4666666666666667,176.72193548860798,7.47347794805506
P33_R5,33,5,0.3835616438356164,0.589041095890411,-0.2142857142857142,73,0.5633802816901409,-5.753424657534247,9,0.1232876712328767,15,0.2054794520547945,5,1,4,2,0.65,6,0.5,1,0.3333333333333333,0.3636363636363636,0.5757575757575758,0.0,33,0.8709677419354839,-5.454545454545455,1,1,11,17,5,0.8333333333333334,16,16,0.375,0.5625,0.6,258.95615818989586,8.02212452189256
P33_R6,33,6,0.3835616438356164,0.589041095890411,-0.2142857142857142,73,0.5633802816901409,-5.753424657534247,9,0.1232876712328767,15,0.2054794520547945,5,1,4,2,0.65,6,0.5,1,0.3333333333333333,0.3,0.6333333333333333,0.1111111111111111,30,0.8214285714285714,-4.5,1,2,6,12,4,0.6666666666666666,18,18,0.2777777777777778,0.6666666666666666,0.6,229.2384038221044,7.846984685202558
P33_R7,33,7,0.3835616438356164,0.589041095890411,-0.2142857142857142,73,0.5633802816901409,-5.753424657534247,9,0.1232876712328767,15,0.2054794520547945,5,1,4,2,0.65,6,0.5,1,0.3333333333333333,0.3666666666666666,0.5666666666666667,0.2727272727272727,30,0.9285714285714286,-5.5,1,2,6,12,4,0.6666666666666666,18,18,0.3888888888888889,0.5555555555555556,0.4666666666666667,236.65290847777936,7.892712247719591
P33_R8,33,8,0.3835616438356164,0.589041095890411,-0.2142857142857142,73,0.5633802816901409,-5.753424657534247,9,0.1232876712328767,15,0.2054794520547945,5,1,4,2,0.65,6,0.5,1,0.3333333333333333,0.3333333333333333,0.6060606060606061,-0.0909090909090909,33,0.935483870967742,-5.0,1,1,16,22,5,0.8333333333333334,11,11,0.1818181818181818,0.7272727272727273,0.6666666666666666,299.8006291795281,8.232663774453957
P33_R9,33,9,0.3835616438356164,0.589041095890411,-0.2142857142857142,73,0.5633802816901409,-5.753424657534247,9,0.1232876712328767,15,0.2054794520547945,5,1,4,2,0.65,6,0.5,1,0.3333333333333333,0.4333333333333333,0.5,-0.0769230769230769,30,0.8214285714285714,-6.5,1,2,6,12,4,0.6666666666666666,18,18,0.5,0.4444444444444444,0.4,289.03822624773574,8.18009924582062
P33_R10,33,10,0.3835616438356164,0.589041095890411,-0.2142857142857142,73,0.5633802816901409,-5.753424657534247,9,0.1232876712328767,15,0.2054794520547945,5,1,4,2,0.65,6,0.5,1,0.3333333333333333,0.3636363636363636,0.5757575757575758,0.0,33,0.8709677419354839,-5.454545454545455,1,2,13,19,4,0.6666666666666666,14,14,0.3571428571428571,0.5714285714285714,0.5333333333333333,347.90935384249417,8.446708464754101
P33_R11,33,11,0.3835616438356164,0.589041095890411,-0.2142857142857142,73,0.5633802816901409,-5.753424657534247,9,0.1232876712328767,15,0.2054794520547945,5,1,4,2,0.65,6,0.5,1,0.3333333333333333,0.3333333333333333,0.6060606060606061,-0.0909090909090909,33,0.9032258064516128,-5.0,1,2,11,17,4,0.6666666666666666,16,16,0.375,0.5625,0.6,392.8282761307764,8.621422887528034
P33_R12,33,12,0.3835616438356164,0.589041095890411,-0.2142857142857142,73,0.5633802816901409,-5.753424657534247,9,0.1232876712328767,15,0.2054794520547945,5,1,4,2,0.65,6,0.5,1,0.3333333333333333,0.3666666666666666,0.5666666666666667,0.2727272727272727,30,0.8214285714285714,-5.5,1,2,6,12,4,0.8333333333333334,18,18,0.3888888888888889,0.5555555555555556,0.6,397.8268366813574,8.639618680364542
P33_R13,33,13,0.3835616438356164,0.589041095890411,-0.2142857142857142,73,0.5633802816901409,-5.753424657534247,9,0.1232876712328767,15,0.2054794520547945,5,1,4,2,0.65,6,0.5,1,0.3333333333333333,0.3333333333333333,0.6,0.0,30,0.7857142857142857,-5.0,1,2,6,12,4,0.6666666666666666,18,18,0.3333333333333333,0.6111111111111112,0.5333333333333333,398.29737308346625,8.641319770506211
P33_R14,33,14,0.3835616438356164,0.589041095890411,-0.2142857142857142,73,0.5633802816901409,-5.753424657534247,9,0.1232876712328767,15,0.2054794520547945,5,1,4,2,0.65,6,0.5,1,0.3333333333333333,0.3055555555555556,0.6388888888888888,0.0909090909090909,36,0.7941176470588235,-4.583333333333334,1,2,16,22,4,1.0,14,14,0.4285714285714285,0.5,0.4666666666666667,506.4267416748405,8.987055742020612
P33_R15,33,15,0.3835616438356164,0.589041095890411,-0.2142857142857142,73,0.5633802816901409,-5.753424657534247,9,0.1232876712328767,15,0.2054794520547945,5,1,4,2,0.65,6,0.5,1,0.3333333333333333,0.3333333333333333,0.6060606060606061,0.0909090909090909,33,0.8064516129032258,-5.0,1,2,15,21,4,0.6666666666666666,12,12,0.25,0.6666666666666666,0.6,370.40298684113986,8.536841607319392
P33_R16,33,16,0.3835616438356164,0.589041095890411,-0.2142857142857142,73,0.5633802816901409,-5.753424657534247,9,0.1232876712328767,15,0.2054794520547945,5,1,4,2,0.65,6,0.5,1,0.3333333333333333,0.4,0.5333333333333333,0.1666666666666666,30,0.8214285714285714,-6.0,1,2,6,12,4,0.6666666666666666,18,18,0.4444444444444444,0.5,0.5333333333333333,474.72901544650557,8.893996209954619
P33_R17,33,17,0.3835616438356164,0.589041095890411,-0.2142857142857142,73,0.5633802816901409,-5.753424657534247,9,0.1232876712328767,15,0.2054794520547945,5,1,4,2,0.65,6,0.5,1,0.3333333333333333,0.3939393939393939,0.5454545454545454,-0.0769230769230769,33,0.9032258064516128,-5.909090909090909,1,1,16,22,5,0.8333333333333334,11,11,0.2727272727272727,0.6363636363636364,0.5333333333333333,590.3516201337734,9.207872407787999
P33_R18,33,18,0.3835616438356164,0.589041095890411,-0.2142857142857142,73,0.5633802816901409,-5.753424657534247,9,0.1232876712328767,15,0.2054794520547945,5,1,4,2,0.65,6,0.5,1,0.3333333333333333,0.3636363636363636,0.5757575757575758,-0.1666666666666666,33,0.935483870967742,-5.454545454545455,1,2,16,22,4,0.6666666666666666,11,11,0.2727272727272727,0.6363636363636364,0.6,616.1559625651911,9.26949131121763
P33_R19,33,19,0.3835616438356164,0.589041095890411,-0.2142857142857142,73,0.5633802816901409,-5.753424657534247,9,0.1232876712328767,15,0.2054794520547945,5,1,4,2,0.65,6,0.5,1,0.3333333333333333,0.4583333333333333,0.4583333333333333,-0.0909090909090909,24,0.8636363636363636,-6.875,1,2,7,13,4,0.6666666666666666,11,11,0.5454545454545454,0.3636363636363636,0.4666666666666667,422.5168900588056,8.726275695856838
P33_R20,33,20,0.3835616438356164,0.589041095890411,-0.2142857142857142,73,0.5633802816901409,-5.753424657534247,9,0.1232876712328767,15,0.2054794520547945,5,1,4,2,0.65,6,0.5,1,0.3333333333333333,0.4333333333333333,0.5,0.2307692307692307,30,0.75,-6.5,1,2,6,12,4,0.8333333333333334,18,18,0.5,0.4444444444444444,0.4,570.0825585187815,9.157555513569292
P33_R21,33,21,0.3835616438356164,0.589041095890411,-0.2142857142857142,73,0.5633802816901409,-5.753424657534247,9,0.1232876712328767,15,0.2054794520547945,5,1,4,2,0.65,6,0.5,1,0.3333333333333333,0.3666666666666666,0.5666666666666667,0.0909090909090909,30,0.8214285714285714,-5.5,1,2,6,12,4,0.6666666666666666,18,18,0.3888888888888889,0.5555555555555556,0.5333333333333333,774.0552071964908,9.598155267015661
P33_R22,33,22,0.3835616438356164,0.589041095890411,-0.2142857142857142,73,0.5633802816901409,-5.753424657534247,9,0.1232876712328767,15,0.2054794520547945,5,1,4,2,0.65,6,0.5,1,0.3333333333333333,0.3529411764705882,0.5294117647058824,-0.6666666666666666,17,0.7333333333333333,-5.294117647058824,0,999,999,999,0,0.3333333333333333,999,999,0.0,0.0,0.6,686.0226883446494,9.424213933391355
P33_R23,33,23,0.3835616438356164,0.589041095890411,-0.2142857142857142,73,0.5633802816901409,-5.753424657534247,9,0.1232876712328767,15,0.2054794520547945,5,1,4,2,0.65,6,0.5,1,0.3333333333333333,0.3055555555555556,0.6388888888888888,-0.2727272727272727,36,0.6176470588235294,-4.583333333333334,1,2,21,27,4,0.6666666666666666,9,9,0.2222222222222222,0.6666666666666666,0.4666666666666667,692.8777315363336,9.438537657121937
P33_R24,33,24,0.3835616438356164,0.589041095890411,-0.2142857142857142,73,0.5633802816901409,-5.753424657534247,9,0.1232876712328767,15,0.2054794520547945,5,1,4,2,0.65,6,0.5,1,0.3333333333333333,0.2666666666666666,0.6666666666666666,0.25,30,0.7857142857142857,-4.0,1,2,6,12,4,0.6666666666666666,18,18,0.2222222222222222,0.7222222222222222,0.6666666666666666,662.3474077685298,9.373620825115559
P33_R25,33,25,0.3835616438356164,0.589041095890411,-0.2142857142857142,73,0.5633802816901409,-5.753424657534247,9,0.1232876712328767,15,0.2054794520547945,5,1,4,2,0.65,6,0.5,1,0.3333333333333333,0.3666666666666666,0.5666666666666667,0.2727272727272727,30,0.8214285714285714,-5.5,1,2,6,12,4,0.6666666666666666,18,18,0.3888888888888889,0.5555555555555556,0.5333333333333333,656.75960934484,9.36141660994716
P33_R26,33,26,0.3835616438356164,0.589041095890411,-0.2142857142857142,73,0.5633802816901409,-5.753424657534247,9,0.1232876712328767,15,0.2054794520547945,5,1,4,2,0.65,6,0.5,1,0.3333333333333333,0.4,0.5333333333333333,0.3333333333333333,30,0.7857142857142857,-6.0,1,2,6,12,4,0.8333333333333334,18,18,0.4444444444444444,0.5,0.4666666666666667,781.8214216971136,9.612539425240382
P33_R27,33,27,0.3835616438356164,0.589041095890411,-0.2142857142857142,73,0.5633802816901409,-5.753424657534247,9,0.1232876712328767,15,0.2054794520547945,5,1,4,2,0.65,6,0.5,1,0.3333333333333333,0.3333333333333333,0.6060606060606061,-0.0909090909090909,33,0.8387096774193549,-5.0,0,999,999,999,0,0.5,999,999,0.0,0.0,0.7333333333333333,830.5329266794935,9.699629581629663
P33_R28,33,28,0.3835616438356164,0.589041095890411,-0.2142857142857142,73,0.5633802816901409,-5.753424657534247,9,0.1232876712328767,15,0.2054794520547945,5,1,4,2,0.65,6,0.5,1,0.3333333333333333,0.3939393939393939,0.5454545454545454,0.0769230769230769,33,0.8709677419354839,-5.909090909090909,1,2,11,17,4,0.6666666666666666,16,16,0.4375,0.5,0.5333333333333333,916.669014431495,9.841830084870782
P33_R29,33,29,0.3835616438356164,0.589041095890411,-0.2142857142857142,73,0.5633802816901409,-5.753424657534247,9,0.1232876712328767,15,0.2054794520547945,5,1,4,2,0.65,6,0.5,1,0.3333333333333333,0.3666666666666666,0.5666666666666667,0.0909090909090909,30,0.7857142857142857,-5.5,1,2,6,12,4,0.6666666666666666,18,18,0.3888888888888889,0.5555555555555556,0.6,989.7089699938653,9.95231750428985
P33_R30,33,30,0.3835616438356164,0.589041095890411,-0.2142857142857142,73,0.5633802816901409,-5.753424657534247,9,0.1232876712328767,15,0.2054794520547945,5,1,4,2,0.65,6,0.5,1,0.3333333333333333,0.4,0.5333333333333333,0.0,30,0.8214285714285714,-6.0,1,2,6,12,4,0.6666666666666666,18,18,0.4444444444444444,0.5,0.5333333333333333,913.3402896014991,9.836587382141058
P33_R31,33,31,0.3835616438356164,0.589041095890411,-0.2142857142857142,73,0.5633802816901409,-5.753424657534247,9,0.1232876712328767,15,0.2054794520547945,5,1,4,2,0.65,6,0.5,1,0.3333333333333333,0.4333333333333333,0.5,-0.0769230769230769,30,0.7857142857142857,-6.5,1,2,6,12,4,0.6666666666666666,18,18,0.5,0.4444444444444444,0.4666666666666667,1366.3436264014936,10.417160136096943
P33_R32,33,32,0.3835616438356164,0.589041095890411,-0.2142857142857142,73,0.5633802816901409,-5.753424657534247,9,0.1232876712328767,15,0.2054794520547945,5,1,4,2,0.65,6,0.5,1,0.3333333333333333,0.4,0.5333333333333333,0.1666666666666666,30,0.8571428571428571,-6.0,1,2,6,12,4,0.8333333333333334,18,18,0.4444444444444444,0.5,0.5333333333333333,2271.6174055951906,11.150139112016431
P33_R33,33,33,0.3835616438356164,0.589041095890411,-0.2142857142857142,73,0.5633802816901409,-5.753424657534247,9,0.1232876712328767,15,0.2054794520547945,5,1,4,2,0.65,6,0.5,1,0.3333333333333333,0.3636363636363636,0.5757575757575758,0.0,33,0.7419354838709677,-5.454545454545455,1,2,13,19,4,0.6666666666666666,14,14,0.2142857142857142,0.7142857142857143,0.6666666666666666,1405.7566949606432,10.458157114070378
P33_R34,33,34,0.3835616438356164,0.589041095890411,-0.2142857142857142,73,0.5633802816901409,-5.753424657534247,9,0.1232876712328767,15,0.2054794520547945,5,1,4,2,0.65,6,0.5,1,0.3333333333333333,0.3666666666666666,0.5666666666666667,0.0909090909090909,30,0.8571428571428571,-5.5,1,2,6,12,4,0.6666666666666666,18,18,0.3888888888888889,0.5555555555555556,0.4666666666666667,2079.280024884361,11.022562026163238
P33_R35,33,35,0.3835616438356164,0.589041095890411,-0.2142857142857142,73,0.5633802816901409,-5.753424657534247,9,0.1232876712328767,15,0.2054794520547945,5,1,4,2,0.65,6,0.5,1,0.3333333333333333,0.303030303030303,0.6363636363636364,0.0,33,0.8064516129032258,-4.545454545454546,1,2,16,22,4,0.6666666666666666,11,11,0.2727272727272727,0.6363636363636364,0.6,1781.37863000971,10.799588125233281
P33_R36,33,36,0.3835616438356164,0.589041095890411,-0.2142857142857142,73,0.5633802816901409,-5.753424657534247,9,0.1232876712328767,15,0.2054794520547945,5,1,4,2,0.65,6,0.5,1,0.3333333333333333,0.3636363636363636,0.5757575757575758,0.0,33,0.9032258064516128,-5.454545454545455,0,999,999,999,0,0.5,999,999,0.0,0.0,0.6,2335.5836344344575,11.190184961849567
P33_R37,33,37,0.3835616438356164,0.589041095890411,-0.2142857142857142,73,0.5633802816901409,-5.753424657534247,9,0.1232876712328767,15,0.2054794520547945,5,1,4,2,0.65,6,0.5,1,0.3333333333333333,0.3333333333333333,0.6060606060606061,-0.0909090909090909,33,0.8064516129032258,-5.0,0,999,999,999,0,0.5,999,999,0.0,0.0,0.6,2720.266484115388,11.410062526250394
P33_R38,33,38,0.3835616438356164,0.589041095890411,-0.2142857142857142,73,0.5633802816901409,-5.753424657534247,9,0.1232876712328767,15,0.2054794520547945,5,1,4,2,0.65,6,0.5,1,0.3333333333333333,0.3636363636363636,0.5757575757575758,-0.1666666666666666,33,0.8064516129032258,-5.454545454545455,0,999,999,999,0,0.5,999,999,0.0,0.0,0.6666666666666666,3137.7751531874756,11.615985969523555
P33_R39,33,39,0.3835616438356164,0.589041095890411,-0.2142857142857142,73,0.5633802816901409,-5.753424657534247,9,0.1232876712328767,15,0.2054794520547945,5,1,4,2,0.65,6,0.5,1,0.3333333333333333,0.3939393939393939,0.5454545454545454,-0.0769230769230769,33,0.8709677419354839,-5.909090909090909,1,2,16,22,4,0.6666666666666666,11,11,0.1818181818181818,0.7272727272727273,0.6,3552.6026434610517,11.795066655854894
P33_R40,33,40,0.3835616438356164,0.589041095890411,-0.2142857142857142,73,0.5633802816901409,-5.753424657534247,9,0.1232876712328767,15,0.2054794520547945,5,1,4,2,0.65,6,0.5,1,0.3333333333333333,0.3666666666666666,0.5666666666666667,0.2727272727272727,30,0.8571428571428571,-5.5,1,2,6,12,4,0.8333333333333334,18,18,0.3888888888888889,0.5555555555555556,0.6,3218.920219335785,11.652809227475728
P33_R41,33,41,0.3835616438356164,0.589041095890411,-0.2142857142857142,73,0.5633802816901409,-5.753424657534247,9,0.1232876712328767,15,0.2054794520547945,5,1,4,2,0.65,6,0.5,1,0.3333333333333333,0.4,0.5333333333333333,0.1666666666666666,30,0.7857142857142857,-6.0,1,2,6,12,4,0.6666666666666666,18,18,0.4444444444444444,0.5,0.5333333333333333,4194.645912682337,12.034677212917462
P33_R42,33,42,0.3835616438356164,0.589041095890411,-0.2142857142857142,73,0.5633802816901409,-5.753424657534247,9,0.1232876712328767,15,0.2054794520547945,5,1,4,2,0.65,6,0.5,1,0.3333333333333333,0.3333333333333333,0.6060606060606061,0.0909090909090909,33,0.8709677419354839,-5.0,0,999,999,999,0,0.5,999,999,0.0,0.0,0.6,2771.986282028107,11.43722476404021
P33_R43,33,43,0.3835616438356164,0.589041095890411,-0.2142857142857142,73,0.5633802816901409,-5.753424657534247,9,0.1232876712328767,15,0.2054794520547945,5,1,4,2,0.65,6,0.5,1,0.3333333333333333,0.4,0.5333333333333333,0.1666666666666666,30,0.8571428571428571,-6.0,1,2,6,12,4,0.6666666666666666,18,18,0.4444444444444444,0.5,0.5333333333333333,10439.168797601407,13.34985741727083
P33_R44,33,44,0.3835616438356164,0.589041095890411,-0.2142857142857142,73,0.5633802816901409,-5.753424657534247,9,0.1232876712328767,15,0.2054794520547945,5,1,4,2,0.65,6,0.5,1,0.3333333333333333,0.3333333333333333,0.6,0.2,30,0.8214285714285714,-5.0,1,2,6,12,4,0.6666666666666666,18,18,0.3333333333333333,0.6111111111111112,0.5333333333333333,13971.129934747918,13.770264343895354
P33_R45,33,45,0.3835616438356164,0.589041095890411,-0.2142857142857142,73,0.5633802816901409,-5.753424657534247,9,0.1232876712328767,15,0.2054794520547945,5,1,4,2,0.65,6,0.5,1,0.3333333333333333,0.3666666666666666,0.5666666666666667,0.0909090909090909,30,0.75,-5.5,1,2,6,12,4,0.6666666666666666,18,18,0.3888888888888889,0.5555555555555556,0.5333333333333333,16002.75775132695,13.966123075454801
P33_R46,33,46,0.3835616438356164,0.589041095890411,-0.2142857142857142,73,0.5633802816901409,-5.753424657534247,9,0.1232876712328767,15,0.2054794520547945,5,1,4,2,0.65,6,0.5,1,0.3333333333333333,0.3939393939393939,0.5454545454545454,0.0769230769230769,33,0.9032258064516128,-5.909090909090909,0,999,999,999,0,0.5,999,999,0.0,0.0,0.6,13251.077247762574,13.693930897727798
P33_R47,33,47,0.3835616438356164,0.589041095890411,-0.2142857142857142,73,0.5633802816901409,-5.753424657534247,9,0.1232876712328767,15,0.2054794520547945,5,1,4,2,0.65,6,0.5,1,0.3333333333333333,0.3939393939393939,0.5454545454545454,0.0769230769230769,33,0.935483870967742,-5.909090909090909,1,2,16,22,4,0.6666666666666666,11,11,0.2727272727272727,0.6363636363636364,0.6,18668.098519503845,14.188364644936753
P34_R0,34,0,0.4354838709677419,0.532258064516129,0.037037037037037,62,0.6833333333333333,-6.532258064516129,10,0.1612903225806451,12,0.1935483870967742,4,2,5,1,0.75,6,0.3333333333333333,1,0.6666666666666666,0.3333333333333333,0.6,0.2,30,0.8214285714285714,-5.0,1,2,6,12,4,0.6666666666666666,18,18,0.3333333333333333,0.6111111111111112,0.6,65.3712384069164,6.052486288311233
P34_R1,34,1,0.4354838709677419,0.532258064516129,0.037037037037037,62,0.6833333333333333,-6.532258064516129,10,0.1612903225806451,12,0.1935483870967742,4,2,5,1,0.75,6,0.3333333333333333,1,0.6666666666666666,0.3333333333333333,0.6,0.0,30,0.8214285714285714,-5.0,1,2,6,12,4,0.6666666666666666,18,18,0.3333333333333333,0.6111111111111112,0.6,83.1983134541921,6.395719430368557
P34_R2,34,2,0.4354838709677419,0.532258064516129,0.037037037037037,62,0.6833333333333333,-6.532258064516129,10,0.1612903225806451,12,0.1935483870967742,4,2,5,1,0.75,6,0.3333333333333333,1,0.6666666666666666,0.3636363636363636,0.5757575757575758,0.0,33,0.8709677419354839,-5.454545454545455,1,2,16,22,4,0.6666666666666666,11,11,0.2727272727272727,0.6363636363636364,0.6,102.32443118768516,6.691037611314765
P34_R3,34,3,0.4354838709677419,0.532258064516129,0.037037037037037,62,0.6833333333333333,-6.532258064516129,10,0.1612903225806451,12,0.1935483870967742,4,2,5,1,0.75,6,0.3333333333333333,1,0.6666666666666666,0.4,0.5333333333333333,0.1666666666666666,30,0.8928571428571429,-6.0,1,2,6,12,4,0.8333333333333334,18,18,0.4444444444444444,0.5,0.5333333333333333,195.41600187672384,7.617768659589121
P34_R4,34,4,0.4354838709677419,0.532258064516129,0.037037037037037,62,0.6833333333333333,-6.532258064516129,10,0.1612903225806451,12,0.1935483870967742,4,2,5,1,0.75,6,0.3333333333333333,1,0.6666666666666666,0.4,0.5333333333333333,0.1666666666666666,30,0.8214285714285714,-6.0,1,2,6,12,4,0.6666666666666666,18,18,0.4444444444444444,0.5,0.4666666666666667,166.16359885723801,7.385116913595543
P34_R5,34,5,0.4354838709677419,0.532258064516129,0.037037037037037,62,0.6833333333333333,-6.532258064516129,10,0.1612903225806451,12,0.1935483870967742,4,2,5,1,0.75,6,0.3333333333333333,1,0.6666666666666666,0.3636363636363636,0.5757575757575758,0.0,33,0.8709677419354839,-5.454545454545455,1,1,11,17,5,0.8333333333333334,16,16,0.375,0.5625,0.6,339.16609617115904,8.410095546757237
P34_R6,34,6,0.4354838709677419,0.532258064516129,0.037037037037037,62,0.6833333333333333,-6.532258064516129,10,0.1612903225806451,12,0.1935483870967742,4,2,5,1,0.75,6,0.3333333333333333,1,0.6666666666666666,0.3,0.6333333333333333,0.1111111111111111,30,0.8214285714285714,-4.5,1,2,6,12,4,0.6666666666666666,18,18,0.2777777777777778,0.6666666666666666,0.6,298.6882198403544,8.227318565211394
P34_R7,34,7,0.4354838709677419,0.532258064516129,0.037037037037037,62,0.6833333333333333,-6.532258064516129,10,0.1612903225806451,12,0.1935483870967742,4,2,5,1,0.75,6,0.3333333333333333,1,0.6666666666666666,0.3666666666666666,0.5666666666666667,0.2727272727272727,30,0.9285714285714286,-5.5,1,2,6,12,4,0.6666666666666666,18,18,0.3888888888888889,0.5555555555555556,0.4666666666666667,299.7509184313995,8.232425332876499
P34_R8,34,8,0.4354838709677419,0.532258064516129,0.037037037037037,62,0.6833333333333333,-6.532258064516129,10,0.1612903225806451,12,0.1935483870967742,4,2,5,1,0.75,6,0.3333333333333333,1,0.6666666666666666,0.3333333333333333,0.6060606060606061,-0.0909090909090909,33,0.935483870967742,-5.0,1,1,16,22,5,0.8333333333333334,11,11,0.1818181818181818,0.7272727272727273,0.6666666666666666,260.85251977985354,8.032610677534713
P34_R9,34,9,0.4354838709677419,0.532258064516129,0.037037037037037,62,0.6833333333333333,-6.532258064516129,10,0.1612903225806451,12,0.1935483870967742,4,2,5,1,0.75,6,0.3333333333333333,1,0.6666666666666666,0.4333333333333333,0.5,-0.0769230769230769,30,0.8214285714285714,-6.5,1,2,6,12,4,0.6666666666666666,18,18,0.5,0.4444444444444444,0.4,367.55830701460536,8.525749065774887
P34_R10,34,10,0.4354838709677419,0.532258064516129,0.037037037037037,62,0.6833333333333333,-6.532258064516129,10,0.1612903225806451,12,0.1935483870967742,4,2,5,1,0.75,6,0.3333333333333333,1,0.6666666666666666,0.3636363636363636,0.5757575757575758,0.0,33,0.8709677419354839,-5.454545454545455,1,2,13,19,4,0.6666666666666666,14,14,0.3571428571428571,0.5714285714285714,0.5333333333333333,241.90843242435454,7.9242687629335125
P34_R11,34,11,0.4354838709677419,0.532258064516129,0.037037037037037,62,0.6833333333333333,-6.532258064516129,10,0.1612903225806451,12,0.1935483870967742,4,2,5,1,0.75,6,0.3333333333333333,1,0.6666666666666666,0.3333333333333333,0.6060606060606061,-0.0909090909090909,33,0.9032258064516128,-5.0,1,2,11,17,4,0.6666666666666666,16,16,0.375,0.5625,0.6,427.5965171134578,8.74347631612246
P34_R12,34,12,0.4354838709677419,0.532258064516129,0.037037037037037,62,0.6833333333333333,-6.532258064516129,10,0.1612903225806451,12,0.1935483870967742,4,2,5,1,0.75,6,0.3333333333333333,1,0.6666666666666666,0.3666666666666666,0.5666666666666667,0.2727272727272727,30,0.8214285714285714,-5.5,1,2,6,12,4,0.8333333333333334,18,18,0.3888888888888889,0.5555555555555556,0.6,320.3783495555578,8.328128931354884
P34_R13,34,13,0.4354838709677419,0.532258064516129,0.037037037037037,62,0.6833333333333333,-6.532258064516129,10,0.1612903225806451,12,0.1935483870967742,4,2,5,1,0.75,6,0.3333333333333333,1,0.6666666666666666,0.3333333333333333,0.6,0.0,30,0.7857142857142857,-5.0,1,2,6,12,4,0.6666666666666666,18,18,0.3333333333333333,0.6111111111111112,0.5333333333333333,409.4671163901238,8.681122838279249
P34_R14,34,14,0.4354838709677419,0.532258064516129,0.037037037037037,62,0.6833333333333333,-6.532258064516129,10,0.1612903225806451,12,0.1935483870967742,4,2,5,1,0.75,6,0.3333333333333333,1,0.6666666666666666,0.3055555555555556,0.6388888888888888,0.0909090909090909,36,0.7941176470588235,-4.583333333333334,1,2,16,22,4,1.0,14,14,0.4285714285714285,0.5,0.4666666666666667,414.9957402112819,8.700424945046082
P34_R15,34,15,0.4354838709677419,0.532258064516129,0.037037037037037,62,0.6833333333333333,-6.532258064516129,10,0.1612903225806451,12,0.1935483870967742,4,2,5,1,0.75,6,0.3333333333333333,1,0.6666666666666666,0.3333333333333333,0.6060606060606061,0.0909090909090909,33,0.8064516129032258,-5.0,1,2,15,21,4,0.6666666666666666,12,12,0.25,0.6666666666666666,0.6,547.6248592590905,9.099676184759414
P34_R16,34,16,0.4354838709677419,0.532258064516129,0.037037037037037,62,0.6833333333333333,-6.532258064516129,10,0.1612903225806451,12,0.1935483870967742,4,2,5,1,0.75,6,0.3333333333333333,1,0.6666666666666666,0.4,0.5333333333333333,0.1666666666666666,30,0.8214285714285714,-6.0,1,2,6,12,4,0.6666666666666666,18,18,0.4444444444444444,0.5,0.5333333333333333,492.5594860311925,8.947080165095255
P34_R17,34,17,0.4354838709677419,0.532258064516129,0.037037037037037,62,0.6833333333333333,-6.532258064516129,10,0.1612903225806451,12,0.1935483870967742,4,2,5,1,0.75,6,0.3333333333333333,1,0.6666666666666666,0.3939393939393939,0.5454545454545454,-0.0769230769230769,33,0.9032258064516128,-5.909090909090909,1,1,16,22,5,0.8333333333333334,11,11,0.2727272727272727,0.6363636363636364,0.5333333333333333,474.43432687743814,8.893102260972597
P34_R18,34,18,0.4354838709677419,0.532258064516129,0.037037037037037,62,0.6833333333333333,-6.532258064516129,10,0.1612903225806451,12,0.1935483870967742,4,2,5,1,0.75,6,0.3333333333333333,1,0.6666666666666666,0.3636363636363636,0.5757575757575758,-0.1666666666666666,33,0.935483870967742,-5.454545454545455,1,2,16,22,4,0.6666666666666666,11,11,0.2727272727272727,0.6363636363636364,0.6,499.3253447528608,8.966722725901317
P34_R19,34,19,0.4354838709677419,0.532258064516129,0.037037037037037,62,0.6833333333333333,-6.532258064516129,10,0.1612903225806451,12,0.1935483870967742,4,2,5,1,0.75,6,0.3333333333333333,1,0.6666666666666666,0.4583333333333333,0.4583333333333333,-0.0909090909090909,24,0.8636363636363636,-6.875,1,2,7,13,4,0.6666666666666666,11,11,0.5454545454545454,0.3636363636363636,0.4666666666666667,669.0478085624343,9.388120226711143
P34_R20,34,20,0.4354838709677419,0.532258064516129,0.037037037037037,62,0.6833333333333333,-6.532258064516129,10,0.1612903225806451,12,0.1935483870967742,4,2,5,1,0.75,6,0.3333333333333333,1,0.6666666666666666,0.4333333333333333,0.5,0.2307692307692307,30,0.75,-6.5,1,2,6,12,4,0.8333333333333334,18,18,0.5,0.4444444444444444,0.4,684.3764875475061,9.420752889538939
P34_R21,34,21,0.4354838709677419,0.532258064516129,0.037037037037037,62,0.6833333333333333,-6.532258064516129,10,0.1612903225806451,12,0.1935483870967742,4,2,5,1,0.75,6,0.3333333333333333,1,0.6666666666666666,0.3666666666666666,0.5666666666666667,0.0909090909090909,30,0.8214285714285714,-5.5,1,2,6,12,4,0.6666666666666666,18,18,0.3888888888888889,0.5555555555555556,0.5333333333333333,629.867620855647,9.3011934964544
P34_R22,34,22,0.4354838709677419,0.532258064516129,0.037037037037037,62,0.6833333333333333,-6.532258064516129,10,0.1612903225806451,12,0.1935483870967742,4,2,5,1,0.75,6,0.3333333333333333,1,0.6666666666666666,0.3529411764705882,0.5294117647058824,-0.6666666666666666,17,0.7333333333333333,-5.294117647058824,0,999,999,999,0,0.3333333333333333,999,999,0.0,0.0,0.6,648.4993535444097,9.343184279514489
P34_R23,34,23,0.4354838709677419,0.532258064516129,0.037037037037037,62,0.6833333333333333,-6.532258064516129,10,0.1612903225806451,12,0.1935483870967742,4,2,5,1,0.75,6,0.3333333333333333,1,0.6666666666666666,0.3055555555555556,0.6388888888888888,-0.2727272727272727,36,0.6176470588235294,-4.583333333333334,1,2,21,27,4,0.6666666666666666,9,9,0.2222222222222222,0.6666666666666666,0.4666666666666667,562.2331754941667,9.13758850370608
P34_R24,34,24,0.4354838709677419,0.532258064516129,0.037037037037037,62,0.6833333333333333,-6.532258064516129,10,0.1612903225806451,12,0.1935483870967742,4,2,5,1,0.75,6,0.3333333333333333,1,0.6666666666666666,0.2666666666666666,0.6666666666666666,0.25,30,0.7857142857142857,-4.0,1,2,6,12,4,0.6666666666666666,18,18,0.2222222222222222,0.7222222222222222,0.6666666666666666,766.7364820852791,9.584467394956699
P34_R25,34,25,0.4354838709677419,0.532258064516129,0.037037037037037,62,0.6833333333333333,-6.532258064516129,10,0.1612903225806451,12,0.1935483870967742,4,2,5,1,0.75,6,0.3333333333333333,1,0.6666666666666666,0.3666666666666666,0.5666666666666667,0.2727272727272727,30,0.8214285714285714,-5.5,1,2,6,12,4,0.6666666666666666,18,18,0.3888888888888889,0.5555555555555556,0.5333333333333333,564.728439719812,9.143965888264658
P34_R26,34,26,0.4354838709677419,0.532258064516129,0.037037037037037,62,0.6833333333333333,-6.532258064516129,10,0.1612903225806451,12,0.1935483870967742,4,2,5,1,0.75,6,0.3333333333333333,1,0.6666666666666666,0.4,0.5333333333333333,0.3333333333333333,30,0.7857142857142857,-6.0,1,2,6,12,4,0.8333333333333334,18,18,0.4444444444444444,0.5,0.4666666666666667,885.8893883768492,9.792610374581788
P34_R27,34,27,0.4354838709677419,0.532258064516129,0.037037037037037,62,0.6833333333333333,-6.532258064516129,10,0.1612903225806451,12,0.1935483870967742,4,2,5,1,0.75,6,0.3333333333333333,1,0.6666666666666666,0.3333333333333333,0.6060606060606061,-0.0909090909090909,33,0.8387096774193549,-5.0,0,999,999,999,0,0.5,999,999,0.0,0.0,0.7333333333333333,929.4993127811634,9.861861274559342
P34_R28,34,28,0.4354838709677419,0.532258064516129,0.037037037037037,62,0.6833333333333333,-6.532258064516129,10,0.1612903225806451,12,0.1935483870967742,4,2,5,1,0.75,6,0.3333333333333333,1,0.6666666666666666,0.3939393939393939,0.5454545454545454,0.0769230769230769,33,0.8709677419354839,-5.909090909090909,1,2,11,17,4,0.6666666666666666,16,16,0.4375,0.5,0.5333333333333333,1394.9378780433988,10.447019024896694
P34_R29,34,29,0.4354838709677419,0.532258064516129,0.037037037037037,62,0.6833333333333333,-6.532258064516129,10,0.1612903225806451,12,0.1935483870967742,4,2,5,1,0.75,6,0.3333333333333333,1,0.6666666666666666,0.3666666666666666,0.5666666666666667,0.0909090909090909,30,0.7857142857142857,-5.5,1,2,6,12,4,0.6666666666666666,18,18,0.3888888888888889,0.5555555555555556,0.6,876.5817128794757,9.777389652830127
P34_R30,34,30,0.4354838709677419,0.532258064516129,0.037037037037037,62,0.6833333333333333,-6.532258064516129,10,0.1612903225806451,12,0.1935483870967742,4,2,5,1,0.75,6,0.3333333333333333,1,0.6666666666666666,0.4,0.5333333333333333,0.0,30,0.8214285714285714,-6.0,1,2,6,12,4,0.6666666666666666,18,18,0.4444444444444444,0.5,0.5333333333333333,1052.421604524799,10.040867237667172
P34_R31,34,31,0.4354838709677419,0.532258064516129,0.037037037037037,62,0.6833333333333333,-6.532258064516129,10,0.1612903225806451,12,0.1935483870967742,4,2,5,1,0.75,6,0.3333333333333333,1,0.6666666666666666,0.4333333333333333,0.5,-0.0769230769230769,30,0.7857142857142857,-6.5,1,2,6,12,4,0.6666666666666666,18,18,0.5,0.4444444444444444,0.4666666666666667,1746.2858661762252,10.770899945564718
P34_R32,34,32,0.4354838709677419,0.532258064516129,0.037037037037037,62,0.6833333333333333,-6.532258064516129,10,0.1612903225806451,12,0.1935483870967742,4,2,5,1,0.75,6,0.3333333333333333,1,0.6666666666666666,0.4,0.5333333333333333,0.1666666666666666,30,0.8571428571428571,-6.0,1,2,6,12,4,0.8333333333333334,18,18,0.4444444444444444,0.5,0.5333333333333333,1854.2735000167072,10.857416165865333
P34_R33,34,33,0.4354838709677419,0.532258064516129,0.037037037037037,62,0.6833333333333333,-6.532258064516129,10,0.1612903225806451,12,0.1935483870967742,4,2,5,1,0.75,6,0.3333333333333333,1,0.6666666666666666,0.3636363636363636,0.5757575757575758,0.0,33,0.7419354838709677,-5.454545454545455,1,2,13,19,4,0.6666666666666666,14,14,0.2142857142857142,0.7142857142857143,0.6666666666666666,1747.386169608346,10.771808155683498
P34_R34,34,34,0.4354838709677419,0.532258064516129,0.037037037037037,62,0.6833333333333333,-6.532258064516129,10,0.1612903225806451,12,0.1935483870967742,4,2,5,1,0.75,6,0.3333333333333333,1,0.6666666666666666,0.3666666666666666,0.5666666666666667,0.0909090909090909,30,0.8571428571428571,-5.5,1,2,6,12,4,0.6666666666666666,18,18,0.3888888888888889,0.5555555555555556,0.4666666666666667,2165.0513137022645,11.080851705423145
P34_R35,34,35,0.4354838709677419,0.532258064516129,0.037037037037037,62,0.6833333333333333,-6.532258064516129,10,0.1612903225806451,12,0.1935483870967742,4,2,5,1,0.75,6,0.3333333333333333,1,0.6666666666666666,0.303030303030303,0.6363636363636364,0.0,33,0.8064516129032258,-4.545454545454546,1,2,16,22,4,0.6666666666666666,11,11,0.2727272727272727,0.6363636363636364,0.6,2110.9648706571415,11.044370122507019
P34_R36,34,36,0.4354838709677419,0.532258064516129,0.037037037037037,62,0.6833333333333333,-6.532258064516129,10,0.1612903225806451,12,0.1935483870967742,4,2,5,1,0.75,6,0.3333333333333333,1,0.6666666666666666,0.3636363636363636,0.5757575757575758,0.0,33,0.9032258064516128,-5.454545454545455,0,999,999,999,0,0.5,999,999,0.0,0.0,0.6,2361.681673967186,11.206209551584966
P34_R37,34,37,0.4354838709677419,0.532258064516129,0.037037037037037,62,0.6833333333333333,-6.532258064516129,10,0.1612903225806451,12,0.1935483870967742,4,2,5,1,0.75,6,0.3333333333333333,1,0.6666666666666666,0.3333333333333333,0.6060606060606061,-0.0909090909090909,33,0.8064516129032258,-5.0,0,999,999,999,0,0.5,999,999,0.0,0.0,0.6,2571.201492138677,11.328787944560977
P34_R38,34,38,0.4354838709677419,0.532258064516129,0.037037037037037,62,0.6833333333333333,-6.532258064516129,10,0.1612903225806451,12,0.1935483870967742,4,2,5,1,0.75,6,0.3333333333333333,1,0.6666666666666666,0.3636363636363636,0.5757575757575758,-0.1666666666666666,33,0.8064516129032258,-5.454545454545455,0,999,999,999,0,0.5,999,999,0.0,0.0,0.6666666666666666,2919.0752106725613,11.511789812899897
P34_R39,34,39,0.4354838709677419,0.532258064516129,0.037037037037037,62,0.6833333333333333,-6.532258064516129,10,0.1612903225806451,12,0.1935483870967742,4,2,5,1,0.75,6,0.3333333333333333,1,0.6666666666666666,0.3939393939393939,0.5454545454545454,-0.0769230769230769,33,0.8709677419354839,-5.909090909090909,1,2,16,22,4,0.6666666666666666,11,11,0.1818181818181818,0.7272727272727273,0.6,2477.068405072205,11.275000297118945
P34_R40,34,40,0.4354838709677419,0.532258064516129,0.037037037037037,62,0.6833333333333333,-6.532258064516129,10,0.1612903225806451,12,0.1935483870967742,4,2,5,1,0.75,6,0.3333333333333333,1,0.6666666666666666,0.3666666666666666,0.5666666666666667,0.2727272727272727,30,0.8571428571428571,-5.5,1,2,6,12,4,0.8333333333333334,18,18,0.3888888888888889,0.5555555555555556,0.6,3373.2627563412802,11.720356606393858
P34_R41,34,41,0.4354838709677419,0.532258064516129,0.037037037037037,62,0.6833333333333333,-6.532258064516129,10,0.1612903225806451,12,0.1935483870967742,4,2,5,1,0.75,6,0.3333333333333333,1,0.6666666666666666,0.4,0.5333333333333333,0.1666666666666666,30,0.7857142857142857,-6.0,1,2,6,12,4,0.6666666666666666,18,18,0.4444444444444444,0.5,0.5333333333333333,4002.556661175055,11.967066509051659
P34_R42,34,42,0.4354838709677419,0.532258064516129,0.037037037037037,62,0.6833333333333333,-6.532258064516129,10,0.1612903225806451,12,0.1935483870967742,4,2,5,1,0.75,6,0.3333333333333333,1,0.6666666666666666,0.3333333333333333,0.6060606060606061,0.0909090909090909,33,0.8709677419354839,-5.0,0,999,999,999,0,0.5,999,999,0.0,0.0,0.6,4025.0005190989664,11.975131642937598
P34_R43,34,43,0.4354838709677419,0.532258064516129,0.037037037037037,62,0.6833333333333333,-6.532258064516129,10,0.1612903225806451,12,0.1935483870967742,4,2,5,1,0.75,6,0.3333333333333333,1,0.6666666666666666,0.4,0.5333333333333333,0.1666666666666666,30,0.8571428571428571,-6.0,1,2,6,12,4,0.6666666666666666,18,18,0.4444444444444444,0.5,0.5333333333333333,6822.108709713836,12.736213486995757
P34_R44,34,44,0.4354838709677419,0.532258064516129,0.037037037037037,62,0.6833333333333333,-6.532258064516129,10,0.1612903225806451,12,0.1935483870967742,4,2,5,1,0.75,6,0.3333333333333333,1,0.6666666666666666,0.3333333333333333,0.6,0.2,30,0.8214285714285714,-5.0,1,2,6,12,4,0.6666666666666666,18,18,0.3333333333333333,0.6111111111111112,0.5333333333333333,16190.791338182336,13.982974982963254
P34_R45,34,45,0.4354838709677419,0.532258064516129,0.037037037037037,62,0.6833333333333333,-6.532258064516129,10,0.1612903225806451,12,0.1935483870967742,4,2,5,1,0.75,6,0.3333333333333333,1,0.6666666666666666,0.3666666666666666,0.5666666666666667,0.0909090909090909,30,0.75,-5.5,1,2,6,12,4,0.6666666666666666,18,18,0.3888888888888889,0.5555555555555556,0.5333333333333333,15198.434882560816,13.891730064581258
P34_R46,34,46,0.4354838709677419,0.532258064516129,0.037037037037037,62,0.6833333333333333,-6.532258064516129,10,0.1612903225806451,12,0.1935483870967742,4,2,5,1,0.75,6,0.3333333333333333,1,0.6666666666666666,0.3939393939393939,0.5454545454545454,0.0769230769230769,33,0.9032258064516128,-5.909090909090909,0,999,999,999,0,0.5,999,999,0.0,0.0,0.6,15083.283581854837,13.880758557807397
P34_R47,34,47,0.4354838709677419,0.532258064516129,0.037037037037037,62,0.6833333333333333,-6.532258064516129,10,0.1612903225806451,12,0.1935483870967742,4,2,5,1,0.75,6,0.3333333333333333,1,0.6666666666666666,0.3939393939393939,0.5454545454545454,0.0769230769230769,33,0.935483870967742,-5.909090909090909,1,2,16,22,4,0.6666666666666666,11,11,0.2727272727272727,0.6363636363636364,0.6,21429.546682551678,14.387381032463889
P35_R0,35,0,0.54,0.42,0.037037037037037,50,0.6666666666666666,-8.100000000000001,11,0.22,9,0.18,5,1,5,1,0.4,6,0.6666666666666666,0,0.3333333333333333,0.3333333333333333,0.6,0.2,30,0.8214285714285714,-5.0,1,2,6,12,4,0.6666666666666666,18,18,0.3333333333333333,0.6111111111111112,0.6,51.36644695890116,5.710570816751839
P35_R1,35,1,0.54,0.42,0.037037037037037,50,0.6666666666666666,-8.100000000000001,11,0.22,9,0.18,5,1,5,1,0.4,6,0.6666666666666666,0,0.3333333333333333,0.3333333333333333,0.6,0.0,30,0.8214285714285714,-5.0,1,2,6,12,4,0.6666666666666666,18,18,0.3333333333333333,0.6111111111111112,0.6,71.94235618349298,6.188684897239463
P35_R2,35,2,0.54,0.42,0.037037037037037,50,0.6666666666666666,-8.100000000000001,11,0.22,9,0.18,5,1,5,1,0.4,6,0.6666666666666666,0,0.3333333333333333,0.3636363636363636,0.5757575757575758,0.0,33,0.8709677419354839,-5.454545454545455,1,2,16,22,4,0.6666666666666666,11,11,0.2727272727272727,0.6363636363636364,0.6,91.00463344982208,6.523634613521737
P35_R3,35,3,0.54,0.42,0.037037037037037,50,0.6666666666666666,-8.100000000000001,11,0.22,9,0.18,5,1,5,1,0.4,6,0.6666666666666666,0,0.3333333333333333,0.4,0.5333333333333333,0.1666666666666666,30,0.8928571428571429,-6.0,1,2,6,12,4,0.8333333333333334,18,18,0.4444444444444444,0.5,0.5333333333333333,200.86045752679385,7.657214518387756
P35_R4,35,4,0.54,0.42,0.037037037037037,50,0.6666666666666666,-8.100000000000001,11,0.22,9,0.18,5,1,5,1,0.4,6,0.6666666666666666,0,0.3333333333333333,0.4,0.5333333333333333,0.1666666666666666,30,0.8214285714285714,-6.0,1,2,6,12,4,0.6666666666666666,18,18,0.4444444444444444,0.5,0.4666666666666667,197.8925736047682,7.635845598557774
P35_R5,35,5,0.54,0.42,0.037037037037037,50,0.6666666666666666,-8.100000000000001,11,0.22,9,0.18,5,1,5,1,0.4,6,0.6666666666666666,0,0.3333333333333333,0.3636363636363636,0.5757575757575758,0.0,33,0.8709677419354839,-5.454545454545455,1,1,11,17,5,0.8333333333333334,16,16,0.375,0.5625,0.6,324.5186747066209,8.346596501625854
P35_R6,35,6,0.54,0.42,0.037037037037037,50,0.6666666666666666,-8.100000000000001,11,0.22,9,0.18,5,1,5,1,0.4,6,0.6666666666666666,0,0.3333333333333333,0.3,0.6333333333333333,0.1111111111111111,30,0.8214285714285714,-4.5,1,2,6,12,4,0.6666666666666666,18,18,0.2777777777777778,0.6666666666666666,0.6,276.802572758226,8.117916150103198
P35_R7,35,7,0.54,0.42,0.037037037037037,50,0.6666666666666666,-8.100000000000001,11,0.22,9,0.18,5,1,5,1,0.4,6,0.6666666666666666,0,0.3333333333333333,0.3666666666666666,0.5666666666666667,0.2727272727272727,30,0.9285714285714286,-5.5,1,2,6,12,4,0.6666666666666666,18,18,0.3888888888888889,0.5555555555555556,0.4666666666666667,322.6619627066149,8.338344017357704
P35_R8,35,8,0.54,0.42,0.037037037037037,50,0.6666666666666666,-8.100000000000001,11,0.22,9,0.18,5,1,5,1,0.4,6,0.6666666666666666,0,0.3333333333333333,0.3333333333333333,0.6060606060606061,-0.0909090909090909,33,0.935483870967742,-5.0,1,1,16,22,5,0.8333333333333334,11,11,0.1818181818181818,0.7272727272727273,0.6666666666666666,320.3157083604227,8.327847702235834
P35_R9,35,9,0.54,0.42,0.037037037037037,50,0.6666666666666666,-8.100000000000001,11,0.22,9,0.18,5,1,5,1,0.4,6,0.6666666666666666,0,0.3333333333333333,0.4333333333333333,0.5,-0.0769230769230769,30,0.8214285714285714,-6.5,1,2,6,12,4,0.6666666666666666,18,18,0.5,0.4444444444444444,0.4,390.83172765222724,8.614090410946543
P35_R10,35,10,0.54,0.42,0.037037037037037,50,0.6666666666666666,-8.100000000000001,11,0.22,9,0.18,5,1,5,1,0.4,6,0.6666666666666666,0,0.3333333333333333,0.3636363636363636,0.5757575757575758,0.0,33,0.8709677419354839,-5.454545454545455,1,2,13,19,4,0.6666666666666666,14,14,0.3571428571428571,0.5714285714285714,0.5333333333333333,322.57888210013533,8.337973645244812
P35_R11,35,11,0.54,0.42,0.037037037037037,50,0.6666666666666666,-8.100000000000001,11,0.22,9,0.18,5,1,5,1,0.4,6,0.6666666666666666,0,0.3333333333333333,0.3333333333333333,0.6060606060606061,-0.0909090909090909,33,0.9032258064516128,-5.0,1,2,11,17,4,0.6666666666666666,16,16,0.375,0.5625,0.6,308.2575527145092,8.272665019028793
P35_R12,35,12,0.54,0.42,0.037037037037037,50,0.6666666666666666,-8.100000000000001,11,0.22,9,0.18,5,1,5,1,0.4,6,0.6666666666666666,0,0.3333333333333333,0.3666666666666666,0.5666666666666667,0.2727272727272727,30,0.8214285714285714,-5.5,1,2,6,12,4,0.8333333333333334,18,18,0.3888888888888889,0.5555555555555556,0.6,327.6415283231063,8.360370985705591
P35_R13,35,13,0.54,0.42,0.037037037037037,50,0.6666666666666666,-8.100000000000001,11,0.22,9,0.18,5,1,5,1,0.4,6,0.6666666666666666,0,0.3333333333333333,0.3333333333333333,0.6,0.0,30,0.7857142857142857,-5.0,1,2,6,12,4,0.6666666666666666,18,18,0.3333333333333333,0.6111111111111112,0.5333333333333333,377.265897085586,8.563256904509148
P35_R14,35,14,0.54,0.42,0.037037037037037,50,0.6666666666666666,-8.100000000000001,11,0.22,9,0.18,5,1,5,1,0.4,6,0.6666666666666666,0,0.3333333333333333,0.3055555555555556,0.6388888888888888,0.0909090909090909,36,0.7941176470588235,-4.583333333333334,1,2,16,22,4,1.0,14,14,0.4285714285714285,0.5,0.4666666666666667,352.36886348262226,8.465031114558988
P35_R15,35,15,0.54,0.42,0.037037037037037,50,0.6666666666666666,-8.100000000000001,11,0.22,9,0.18,5,1,5,1,0.4,6,0.6666666666666666,0,0.3333333333333333,0.3333333333333333,0.6060606060606061,0.0909090909090909,33,0.8064516129032258,-5.0,1,2,15,21,4,0.6666666666666666,12,12,0.25,0.6666666666666666,0.6,491.5607426966141,8.944157838777203
P35_R16,35,16,0.54,0.42,0.037037037037037,50,0.6666666666666666,-8.100000000000001,11,0.22,9,0.18,5,1,5,1,0.4,6,0.6666666666666666,0,0.3333333333333333,0.4,0.5333333333333333,0.1666666666666666,30,0.8214285714285714,-6.0,1,2,6,12,4,0.6666666666666666,18,18,0.4444444444444444,0.5,0.5333333333333333,474.5857112822833,8.893561560510397
P35_R17,35,17,0.54,0.42,0.037037037037037,50,0.6666666666666666,-8.100000000000001,11,0.22,9,0.18,5,1,5,1,0.4,6,0.6666666666666666,0,0.3333333333333333,0.3939393939393939,0.5454545454545454,-0.0769230769230769,33,0.9032258064516128,-5.909090909090909,1,1,16,22,5,0.8333333333333334,11,11,0.2727272727272727,0.6363636363636364,0.5333333333333333,756.2174137610474,9.564563778917016
P35_R18,35,18,0.54,0.42,0.037037037037037,50,0.6666666666666666,-8.100000000000001,11,0.22,9,0.18,5,1,5,1,0.4,6,0.6666666666666666,0,0.3333333333333333,0.3636363636363636,0.5757575757575758,-0.1666666666666666,33,0.935483870967742,-5.454545454545455,1,2,16,22,4,0.6666666666666666,11,11,0.2727272727272727,0.6363636363636364,0.6,417.5837156999887,8.709372376820214
P35_R19,35,19,0.54,0.42,0.037037037037037,50,0.6666666666666666,-8.100000000000001,11,0.22,9,0.18,5,1,5,1,0.4,6,0.6666666666666666,0,0.3333333333333333,0.4583333333333333,0.4583333333333333,-0.0909090909090909,24,0.8636363636363636,-6.875,1,2,7,13,4,0.6666666666666666,11,11,0.5454545454545454,0.3636363636363636,0.4666666666666667,573.2729929322638,9.165592905636124
P35_R20,35,20,0.54,0.42,0.037037037037037,50,0.6666666666666666,-8.100000000000001,11,0.22,9,0.18,5,1,5,1,0.4,6,0.6666666666666666,0,0.3333333333333333,0.4333333333333333,0.5,0.2307692307692307,30,0.75,-6.5,1,2,6,12,4,0.8333333333333334,18,18,0.5,0.4444444444444444,0.4,536.3380414400679,9.069686168624083
P35_R21,35,21,0.54,0.42,0.037037037037037,50,0.6666666666666666,-8.100000000000001,11,0.22,9,0.18,5,1,5,1,0.4,6,0.6666666666666666,0,0.3333333333333333,0.3666666666666666,0.5666666666666667,0.0909090909090909,30,0.8214285714285714,-5.5,1,2,6,12,4,0.6666666666666666,18,18,0.3888888888888889,0.5555555555555556,0.5333333333333333,623.4308898867193,9.28639809734052
P35_R22,35,22,0.54,0.42,0.037037037037037,50,0.6666666666666666,-8.100000000000001,11,0.22,9,0.18,5,1,5,1,0.4,6,0.6666666666666666,0,0.3333333333333333,0.3529411764705882,0.5294117647058824,-0.6666666666666666,17,0.7333333333333333,-5.294117647058824,0,999,999,999,0,0.3333333333333333,999,999,0.0,0.0,0.6,690.3749389748729,9.433324499374537
P35_R23,35,23,0.54,0.42,0.037037037037037,50,0.6666666666666666,-8.100000000000001,11,0.22,9,0.18,5,1,5,1,0.4,6,0.6666666666666666,0,0.3333333333333333,0.3055555555555556,0.6388888888888888,-0.2727272727272727,36,0.6176470588235294,-4.583333333333334,1,2,21,27,4,0.6666666666666666,9,9,0.2222222222222222,0.6666666666666666,0.4666666666666667,504.7591945826832,8.982306832651734
P35_R24,35,24,0.54,0.42,0.037037037037037,50,0.6666666666666666,-8.100000000000001,11,0.22,9,0.18,5,1,5,1,0.4,6,0.6666666666666666,0,0.3333333333333333,0.2666666666666666,0.6666666666666666,0.25,30,0.7857142857142857,-4.0,1,2,6,12,4,0.6666666666666666,18,18,0.2222222222222222,0.7222222222222222,0.6666666666666666,753.9227498700449,9.560185212912609
P35_R25,35,25,0.54,0.42,0.037037037037037,50,0.6666666666666666,-8.100000000000001,11,0.22,9,0.18,5,1,5,1,0.4,6,0.6666666666666666,0,0.3333333333333333,0.3666666666666666,0.5666666666666667,0.2727272727272727,30,0.8214285714285714,-5.5,1,2,6,12,4,0.6666666666666666,18,18,0.3888888888888889,0.5555555555555556,0.5333333333333333,984.0211614478285,9.944010908443131
P35_R26,35,26,0.54,0.42,0.037037037037037,50,0.6666666666666666,-8.100000000000001,11,0.22,9,0.18,5,1,5,1,0.4,6,0.6666666666666666,0,0.3333333333333333,0.4,0.5333333333333333,0.3333333333333333,30,0.7857142857142857,-6.0,1,2,6,12,4,0.8333333333333334,18,18,0.4444444444444444,0.5,0.4666666666666667,743.7469330977406,9.540606467176968
P35_R27,35,27,0.54,0.42,0.037037037037037,50,0.6666666666666666,-8.100000000000001,11,0.22,9,0.18,5,1,5,1,0.4,6,0.6666666666666666,0,0.3333333333333333,0.3333333333333333,0.6060606060606061,-0.0909090909090909,33,0.8387096774193549,-5.0,0,999,999,999,0,0.5,999,999,0.0,0.0,0.7333333333333333,953.574882580881,9.898714565497816
P35_R28,35,28,0.54,0.42,0.037037037037037,50,0.6666666666666666,-8.100000000000001,11,0.22,9,0.18,5,1,5,1,0.4,6,0.6666666666666666,0,0.3333333333333333,0.3939393939393939,0.5454545454545454,0.0769230769230769,33,0.8709677419354839,-5.909090909090909,1,2,11,17,4,0.6666666666666666,16,16,0.4375,0.5,0.5333333333333333,1143.8952400353571,10.16099987984378
P35_R29,35,29,0.54,0.42,0.037037037037037,50,0.6666666666666666,-8.100000000000001,11,0.22,9,0.18,5,1,5,1,0.4,6,0.6666666666666666,0,0.3333333333333333,0.3666666666666666,0.5666666666666667,0.0909090909090909,30,0.7857142857142857,-5.5,1,2,6,12,4,0.6666666666666666,18,18,0.3888888888888889,0.5555555555555556,0.6,1014.7029447041007,9.988262813873439
P35_R30,35,30,0.54,0.42,0.037037037037037,50,0.6666666666666666,-8.100000000000001,11,0.22,9,0.18,5,1,5,1,0.4,6,0.6666666666666666,0,0.3333333333333333,0.4,0.5333333333333333,0.0,30,0.8214285714285714,-6.0,1,2,6,12,4,0.6666666666666666,18,18,0.4444444444444444,0.5,0.5333333333333333,985.3513834944457,9.945957881932362
P35_R31,35,31,0.54,0.42,0.037037037037037,50,0.6666666666666666,-8.100000000000001,11,0.22,9,0.18,5,1,5,1,0.4,6,0.6666666666666666,0,0.3333333333333333,0.4333333333333333,0.5,-0.0769230769230769,30,0.7857142857142857,-6.5,1,2,6,12,4,0.6666666666666666,18,18,0.5,0.4444444444444444,0.4666666666666667,953.4021354139991,9.898453460749757
P35_R32,35,32,0.54,0.42,0.037037037037037,50,0.6666666666666666,-8.100000000000001,11,0.22,9,0.18,5,1,5,1,0.4,6,0.6666666666666666,0,0.3333333333333333,0.4,0.5333333333333333,0.1666666666666666,30,0.8571428571428571,-6.0,1,2,6,12,4,0.8333333333333334,18,18,0.4444444444444444,0.5,0.5333333333333333,1717.4267344296654,10.746872628005566
P35_R33,35,33,0.54,0.42,0.037037037037037,50,0.6666666666666666,-8.100000000000001,11,0.22,9,0.18,5,1,5,1,0.4,6,0.6666666666666666,0,0.3333333333333333,0.3636363636363636,0.5757575757575758,0.0,33,0.7419354838709677,-5.454545454545455,1,2,13,19,4,0.6666666666666666,14,14,0.2142857142857142,0.7142857142857143,0.6666666666666666,1918.3617166377956,10.906410907411479
P35_R34,35,34,0.54,0.42,0.037037037037037,50,0.6666666666666666,-8.100000000000001,11,0.22,9,0.18,5,1,5,1,0.4,6,0.6666666666666666,0,0.3333333333333333,0.3666666666666666,0.5666666666666667,0.0909090909090909,30,0.8571428571428571,-5.5,1,2,6,12,4,0.6666666666666666,18,18,0.3888888888888889,0.5555555555555556,0.4666666666666667,1809.1196027291192,10.82186931045867
P35_R35,35,35,0.54,0.42,0.037037037037037,50,0.6666666666666666,-8.100000000000001,11,0.22,9,0.18,5,1,5,1,0.4,6,0.6666666666666666,0,0.3333333333333333,0.303030303030303,0.6363636363636364,0.0,33,0.8064516129032258,-4.545454545454546,1,2,16,22,4,0.6666666666666666,11,11,0.2727272727272727,0.6363636363636364,0.6,2163.503026644107,11.079820102547254
P35_R36,35,36,0.54,0.42,0.037037037037037,50,0.6666666666666666,-8.100000000000001,11,0.22,9,0.18,5,1,5,1,0.4,6,0.6666666666666666,0,0.3333333333333333,0.3636363636363636,0.5757575757575758,0.0,33,0.9032258064516128,-5.454545454545455,0,999,999,999,0,0.5,999,999,0.0,0.0,0.6,2086.3631994311068,11.027465934718487
P35_R37,35,37,0.54,0.42,0.037037037037037,50,0.6666666666666666,-8.100000000000001,11,0.22,9,0.18,5,1,5,1,0.4,6,0.6666666666666666,0,0.3333333333333333,0.3333333333333333,0.6060606060606061,-0.0909090909090909,33,0.8064516129032258,-5.0,0,999,999,999,0,0.5,999,999,0.0,0.0,0.6,2653.303297222856,11.374117516108289
P35_R38,35,38,0.54,0.42,0.037037037037037,50,0.6666666666666666,-8.100000000000001,11,0.22,9,0.18,5,1,5,1,0.4,6,0.6666666666666666,0,0.3333333333333333,0.3636363636363636,0.5757575757575758,-0.1666666666666666,33,0.8064516129032258,-5.454545454545455,0,999,999,999,0,0.5,999,999,0.0,0.0,0.6666666666666666,3259.26770633825,11.670774716219553
P35_R39,35,39,0.54,0.42,0.037037037037037,50,0.6666666666666666,-8.100000000000001,11,0.22,9,0.18,5,1,5,1,0.4,6,0.6666666666666666,0,0.3333333333333333,0.3939393939393939,0.5454545454545454,-0.0769230769230769,33,0.8709677419354839,-5.909090909090909,1,2,16,22,4,0.6666666666666666,11,11,0.1818181818181818,0.7272727272727273,0.6,2590.679534259178,11.339671622129181
P35_R40,35,40,0.54,0.42,0.037037037037037,50,0.6666666666666666,-8.100000000000001,11,0.22,9,0.18,5,1,5,1,0.4,6,0.6666666666666666,0,0.3333333333333333,0.3666666666666666,0.5666666666666667,0.2727272727272727,30,0.8571428571428571,-5.5,1,2,6,12,4,0.8333333333333334,18,18,0.3888888888888889,0.5555555555555556,0.6,3890.754808541548,11.926205103813963
P35_R41,35,41,0.54,0.42,0.037037037037037,50,0.6666666666666666,-8.100000000000001,11,0.22,9,0.18,5,1,5,1,0.4,6,0.6666666666666666,0,0.3333333333333333,0.4,0.5333333333333333,0.1666666666666666,30,0.7857142857142857,-6.0,1,2,6,12,4,0.6666666666666666,18,18,0.4444444444444444,0.5,0.5333333333333333,3051.615875814638,11.575830344916595
P35_R42,35,42,0.54,0.42,0.037037037037037,50,0.6666666666666666,-8.100000000000001,11,0.22,9,0.18,5,1,5,1,0.4,6,0.6666666666666666,0,0.3333333333333333,0.3333333333333333,0.6060606060606061,0.0909090909090909,33,0.8709677419354839,-5.0,0,999,999,999,0,0.5,999,999,0.0,0.0,0.6,3792.8840372405975,11.889459867087096
P35_R43,35,43,0.54,0.42,0.037037037037037,50,0.6666666666666666,-8.100000000000001,11,0.22,9,0.18,5,1,5,1,0.4,6,0.6666666666666666,0,0.3333333333333333,0.4,0.5333333333333333,0.1666666666666666,30,0.8571428571428571,-6.0,1,2,6,12,4,0.6666666666666666,18,18,0.4444444444444444,0.5,0.5333333333333333,11666.974178811288,13.5102664782223
P35_R44,35,44,0.54,0.42,0.037037037037037,50,0.6666666666666666,-8.100000000000001,11,0.22,9,0.18,5,1,5,1,0.4,6,0.6666666666666666,0,0.3333333333333333,0.3333333333333333,0.6,0.2,30,0.8214285714285714,-5.0,1,2,6,12,4,0.6666666666666666,18,18,0.3333333333333333,0.6111111111111112,0.5333333333333333,16629.197376401004,14.02151767098071
P35_R45,35,45,0.54,0.42,0.037037037037037,50,0.6666666666666666,-8.100000000000001,11,0.22,9,0.18,5,1,5,1,0.4,6,0.6666666666666666,0,0.3333333333333333,0.3666666666666666,0.5666666666666667,0.0909090909090909,30,0.75,-5.5,1,2,6,12,4,0.6666666666666666,18,18,0.3888888888888889,0.5555555555555556,0.5333333333333333,14688.255757294197,13.84247368201541
P35_R46,35,46,0.54,0.42,0.037037037037037,50,0.6666666666666666,-8.100000000000001,11,0.22,9,0.18,5,1,5,1,0.4,6,0.6666666666666666,0,0.3333333333333333,0.3939393939393939,0.5454545454545454,0.0769230769230769,33,0.9032258064516128,-5.909090909090909,0,999,999,999,0,0.5,999,999,0.0,0.0,0.6,14692.009348923066,13.84284229131346
P35_R47,35,47,0.54,0.42,0.037037037037037,50,0.6666666666666666,-8.100000000000001,11,0.22,9,0.18,5,1,5,1,0.4,6,0.6666666666666666,0,0.3333333333333333,0.3939393939393939,0.5454545454545454,0.0769230769230769,33,0.935483870967742,-5.909090909090909,1,2,16,22,4,0.6666666666666666,11,11,0.2727272727272727,0.6363636363636364,0.6,20766.971703746105,14.342072702335956
P36_R0,36,0,0.58,0.38,-0.1034482758620689,50,0.7291666666666666,-8.7,10,0.2,7,0.14,6,0,4,2,0.4,6,0.5,0,0.6666666666666666,0.3333333333333333,0.6,0.2,30,0.8214285714285714,-5.0,1,2,6,12,4,0.6666666666666666,18,18,0.3333333333333333,0.6111111111111112,0.6,65.8183109497797,6.062171609209823
P36_R1,36,1,0.58,0.38,-0.1034482758620689,50,0.7291666666666666,-8.7,10,0.2,7,0.14,6,0,4,2,0.4,6,0.5,0,0.6666666666666666,0.3333333333333333,0.6,0.0,30,0.8214285714285714,-5.0,1,2,6,12,4,0.6666666666666666,18,18,0.3333333333333333,0.6111111111111112,0.6,85.38123887301786,6.432646102600882
P36_R2,36,2,0.58,0.38,-0.1034482758620689,50,0.7291666666666666,-8.7,10,0.2,7,0.14,6,0,4,2,0.4,6,0.5,0,0.6666666666666666,0.3636363636363636,0.5757575757575758,0.0,33,0.8709677419354839,-5.454545454545455,1,2,16,22,4,0.6666666666666666,11,11,0.2727272727272727,0.6363636363636364,0.6,98.47204317731632,6.6362192050986835
P36_R3,36,3,0.58,0.38,-0.1034482758620689,50,0.7291666666666666,-8.7,10,0.2,7,0.14,6,0,4,2,0.4,6,0.5,0,0.6666666666666666,0.4,0.5333333333333333,0.1666666666666666,30,0.8928571428571429,-6.0,1,2,6,12,4,0.8333333333333334,18,18,0.4444444444444444,0.5,0.5333333333333333,168.26559006765928,7.403144907932321
P36_R4,36,4,0.58,0.38,-0.1034482758620689,50,0.7291666666666666,-8.7,10,0.2,7,0.14,6,0,4,2,0.4,6,0.5,0,0.6666666666666666,0.4,0.5333333333333333,0.1666666666666666,30,0.8214285714285714,-6.0,1,2,6,12,4,0.6666666666666666,18,18,0.4444444444444444,0.5,0.4666666666666667,213.4312497530016,7.74437135946228
P36_R5,36,5,0.58,0.38,-0.1034482758620689,50,0.7291666666666666,-8.7,10,0.2,7,0.14,6,0,4,2,0.4,6,0.5,0,0.6666666666666666,0.3636363636363636,0.5757575757575758,0.0,33,0.8709677419354839,-5.454545454545455,1,1,11,17,5,0.8333333333333334,16,16,0.375,0.5625,0.6,240.2873315240464,7.914608360499447
P36_R6,36,6,0.58,0.38,-0.1034482758620689,50,0.7291666666666666,-8.7,10,0.2,7,0.14,6,0,4,2,0.4,6,0.5,0,0.6666666666666666,0.3,0.6333333333333333,0.1111111111111111,30,0.8214285714285714,-4.5,1,2,6,12,4,0.6666666666666666,18,18,0.2777777777777778,0.6666666666666666,0.6,281.01176449056146,8.139611537569609
P36_R7,36,7,0.58,0.38,-0.1034482758620689,50,0.7291666666666666,-8.7,10,0.2,7,0.14,6,0,4,2,0.4,6,0.5,0,0.6666666666666666,0.3666666666666666,0.5666666666666667,0.2727272727272727,30,0.9285714285714286,-5.5,1,2,6,12,4,0.6666666666666666,18,18,0.3888888888888889,0.5555555555555556,0.4666666666666667,360.83756246729143,8.499198372118583
P36_R8,36,8,0.58,0.38,-0.1034482758620689,50,0.7291666666666666,-8.7,10,0.2,7,0.14,6,0,4,2,0.4,6,0.5,0,0.6666666666666666,0.3333333333333333,0.6060606060606061,-0.0909090909090909,33,0.935483870967742,-5.0,1,1,16,22,5,0.8333333333333334,11,11,0.1818181818181818,0.7272727272727273,0.6666666666666666,269.639929970371,8.080230898713722
P36_R9,36,9,0.58,0.38,-0.1034482758620689,50,0.7291666666666666,-8.7,10,0.2,7,0.14,6,0,4,2,0.4,6,0.5,0,0.6666666666666666,0.4333333333333333,0.5,-0.0769230769230769,30,0.8214285714285714,-6.5,1,2,6,12,4,0.6666666666666666,18,18,0.5,0.4444444444444444,0.4,337.21020313122125,8.40177637342793
P36_R10,36,10,0.58,0.38,-0.1034482758620689,50,0.7291666666666666,-8.7,10,0.2,7,0.14,6,0,4,2,0.4,6,0.5,0,0.6666666666666666,0.3636363636363636,0.5757575757575758,0.0,33,0.8709677419354839,-5.454545454545455,1,2,13,19,4,0.6666666666666666,14,14,0.3571428571428571,0.5714285714285714,0.5333333333333333,312.75730641832473,8.293505245047697
P36_R11,36,11,0.58,0.38,-0.1034482758620689,50,0.7291666666666666,-8.7,10,0.2,7,0.14,6,0,4,2,0.4,6,0.5,0,0.6666666666666666,0.3333333333333333,0.6060606060606061,-0.0909090909090909,33,0.9032258064516128,-5.0,1,2,11,17,4,0.6666666666666666,16,16,0.375,0.5625,0.6,401.55264399538777,8.653033654404998
P36_R12,36,12,0.58,0.38,-0.1034482758620689,50,0.7291666666666666,-8.7,10,0.2,7,0.14,6,0,4,2,0.4,6,0.5,0,0.6666666666666666,0.3666666666666666,0.5666666666666667,0.2727272727272727,30,0.8214285714285714,-5.5,1,2,6,12,4,0.8333333333333334,18,18,0.3888888888888889,0.5555555555555556,0.6,384.8057587869263,8.59173086792414
P36_R13,36,13,0.58,0.38,-0.1034482758620689,50,0.7291666666666666,-8.7,10,0.2,7,0.14,6,0,4,2,0.4,6,0.5,0,0.6666666666666666,0.3333333333333333,0.6,0.0,30,0.7857142857142857,-5.0,1,2,6,12,4,0.6666666666666666,18,18,0.3333333333333333,0.6111111111111112,0.5333333333333333,516.0285572764781,9.01410015755544
P36_R14,36,14,0.58,0.38,-0.1034482758620689,50,0.7291666666666666,-8.7,10,0.2,7,0.14,6,0,4,2,0.4,6,0.5,0,0.6666666666666666,0.3055555555555556,0.6388888888888888,0.0909090909090909,36,0.7941176470588235,-4.583333333333334,1,2,16,22,4,1.0,14,14,0.4285714285714285,0.5,0.4666666666666667,463.982205278114,8.861031695569052
P36_R15,36,15,0.58,0.38,-0.1034482758620689,50,0.7291666666666666,-8.7,10,0.2,7,0.14,6,0,4,2,0.4,6,0.5,0,0.6666666666666666,0.3333333333333333,0.6060606060606061,0.0909090909090909,33,0.8064516129032258,-5.0,1,2,15,21,4,0.6666666666666666,12,12,0.25,0.6666666666666666,0.6,384.17740520124715,8.58937926585281
P36_R16,36,16,0.58,0.38,-0.1034482758620689,50,0.7291666666666666,-8.7,10,0.2,7,0.14,6,0,4,2,0.4,6,0.5,0,0.6666666666666666,0.4,0.5333333333333333,0.1666666666666666,30,0.8214285714285714,-6.0,1,2,6,12,4,0.6666666666666666,18,18,0.4444444444444444,0.5,0.5333333333333333,569.5307981326985,9.156160957294867
P36_R17,36,17,0.58,0.38,-0.1034482758620689,50,0.7291666666666666,-8.7,10,0.2,7,0.14,6,0,4,2,0.4,6,0.5,0,0.6666666666666666,0.3939393939393939,0.5454545454545454,-0.0769230769230769,33,0.9032258064516128,-5.909090909090909,1,1,16,22,5,0.8333333333333334,11,11,0.2727272727272727,0.6363636363636364,0.5333333333333333,477.1168148410388,8.90121933434592
P36_R18,36,18,0.58,0.38,-0.1034482758620689,50,0.7291666666666666,-8.7,10,0.2,7,0.14,6,0,4,2,0.4,6,0.5,0,0.6666666666666666,0.3636363636363636,0.5757575757575758,-0.1666666666666666,33,0.935483870967742,-5.454545454545455,1,2,16,22,4,0.6666666666666666,11,11,0.2727272727272727,0.6363636363636364,0.6,502.91138012333874,8.977026227670235
P36_R19,36,19,0.58,0.38,-0.1034482758620689,50,0.7291666666666666,-8.7,10,0.2,7,0.14,6,0,4,2,0.4,6,0.5,0,0.6666666666666666,0.4583333333333333,0.4583333333333333,-0.0909090909090909,24,0.8636363636363636,-6.875,1,2,7,13,4,0.6666666666666666,11,11,0.5454545454545454,0.3636363636363636,0.4666666666666667,589.7573047810963,9.206421753171997
P36_R20,36,20,0.58,0.38,-0.1034482758620689,50,0.7291666666666666,-8.7,10,0.2,7,0.14,6,0,4,2,0.4,6,0.5,0,0.6666666666666666,0.4333333333333333,0.5,0.2307692307692307,30,0.75,-6.5,1,2,6,12,4,0.8333333333333334,18,18,0.5,0.4444444444444444,0.4,597.0594410557562,9.22414507061051
P36_R21,36,21,0.58,0.38,-0.1034482758620689,50,0.7291666666666666,-8.7,10,0.2,7,0.14,6,0,4,2,0.4,6,0.5,0,0.6666666666666666,0.3666666666666666,0.5666666666666667,0.0909090909090909,30,0.8214285714285714,-5.5,1,2,6,12,4,0.6666666666666666,18,18,0.3888888888888889,0.5555555555555556,0.5333333333333333,776.6561273000048,9.602988538933358
P36_R22,36,22,0.58,0.38,-0.1034482758620689,50,0.7291666666666666,-8.7,10,0.2,7,0.14,6,0,4,2,0.4,6,0.5,0,0.6666666666666666,0.3529411764705882,0.5294117647058824,-0.6666666666666666,17,0.7333333333333333,-5.294117647058824,0,999,999,999,0,0.3333333333333333,999,999,0.0,0.0,0.6,608.9076457033937,9.252446991183088
P36_R23,36,23,0.58,0.38,-0.1034482758620689,50,0.7291666666666666,-8.7,10,0.2,7,0.14,6,0,4,2,0.4,6,0.5,0,0.6666666666666666,0.3055555555555556,0.6388888888888888,-0.2727272727272727,36,0.6176470588235294,-4.583333333333334,1,2,21,27,4,0.6666666666666666,9,9,0.2222222222222222,0.6666666666666666,0.4666666666666667,659.7535749428846,9.36796851522374
P36_R24,36,24,0.58,0.38,-0.1034482758620689,50,0.7291666666666666,-8.7,10,0.2,7,0.14,6,0,4,2,0.4,6,0.5,0,0.6666666666666666,0.2666666666666666,0.6666666666666666,0.25,30,0.7857142857142857,-4.0,1,2,6,12,4,0.6666666666666666,18,18,0.2222222222222222,0.7222222222222222,0.6666666666666666,667.2278254427192,9.384196248461386
P36_R25,36,25,0.58,0.38,-0.1034482758620689,50,0.7291666666666666,-8.7,10,0.2,7,0.14,6,0,4,2,0.4,6,0.5,0,0.6666666666666666,0.3666666666666666,0.5666666666666667,0.2727272727272727,30,0.8214285714285714,-5.5,1,2,6,12,4,0.6666666666666666,18,18,0.3888888888888889,0.5555555555555556,0.5333333333333333,687.5858319925484,9.427492686795869
P36_R26,36,26,0.58,0.38,-0.1034482758620689,50,0.7291666666666666,-8.7,10,0.2,7,0.14,6,0,4,2,0.4,6,0.5,0,0.6666666666666666,0.4,0.5333333333333333,0.3333333333333333,30,0.7857142857142857,-6.0,1,2,6,12,4,0.8333333333333334,18,18,0.4444444444444444,0.5,0.4666666666666667,949.9567990651838,9.89323599228002
P36_R27,36,27,0.58,0.38,-0.1034482758620689,50,0.7291666666666666,-8.7,10,0.2,7,0.14,6,0,4,2,0.4,6,0.5,0,0.6666666666666666,0.3333333333333333,0.6060606060606061,-0.0909090909090909,33,0.8387096774193549,-5.0,0,999,999,999,0,0.5,999,999,0.0,0.0,0.7333333333333333,1019.82611823651,9.995521431268033
P36_R28,36,28,0.58,0.38,-0.1034482758620689,50,0.7291666666666666,-8.7,10,0.2,7,0.14,6,0,4,2,0.4,6,0.5,0,0.6666666666666666,0.3939393939393939,0.5454545454545454,0.0769230769230769,33,0.8709677419354839,-5.909090909090909,1,2,11,17,4,0.6666666666666666,16,16,0.4375,0.5,0.5333333333333333,1282.759801763047,10.326159576513021
P36_R29,36,29,0.58,0.38,-0.1034482758620689,50,0.7291666666666666,-8.7,10,0.2,7,0.14,6,0,4,2,0.4,6,0.5,0,0.6666666666666666,0.3666666666666666,0.5666666666666667,0.0909090909090909,30,0.7857142857142857,-5.5,1,2,6,12,4,0.6666666666666666,18,18,0.3888888888888889,0.5555555555555556,0.6,1478.6902909675166,10.53107952643336
P36_R30,36,30,0.58,0.38,-0.1034482758620689,50,0.7291666666666666,-8.7,10,0.2,7,0.14,6,0,4,2,0.4,6,0.5,0,0.6666666666666666,0.4,0.5333333333333333,0.0,30,0.8214285714285714,-6.0,1,2,6,12,4,0.6666666666666666,18,18,0.4444444444444444,0.5,0.5333333333333333,932.0215931928705,9.86576665995335
P36_R31,36,31,0.58,0.38,-0.1034482758620689,50,0.7291666666666666,-8.7,10,0.2,7,0.14,6,0,4,2,0.4,6,0.5,0,0.6666666666666666,0.4333333333333333,0.5,-0.0769230769230769,30,0.7857142857142857,-6.5,1,2,6,12,4,0.6666666666666666,18,18,0.5,0.4444444444444444,0.4666666666666667,1371.6659606566518,10.422764871882874
P36_R32,36,32,0.58,0.38,-0.1034482758620689,50,0.7291666666666666,-8.7,10,0.2,7,0.14,6,0,4,2,0.4,6,0.5,0,0.6666666666666666,0.4,0.5333333333333333,0.1666666666666666,30,0.8571428571428571,-6.0,1,2,6,12,4,0.8333333333333334,18,18,0.4444444444444444,0.5,0.5333333333333333,1323.2219424978136,10.370929225921069
P36_R33,36,33,0.58,0.38,-0.1034482758620689,50,0.7291666666666666,-8.7,10,0.2,7,0.14,6,0,4,2,0.4,6,0.5,0,0.6666666666666666,0.3636363636363636,0.5757575757575758,0.0,33,0.7419354838709677,-5.454545454545455,1,2,13,19,4,0.6666666666666666,14,14,0.2142857142857142,0.7142857142857143,0.6666666666666666,1757.0339276860452,10.779747197482479
P36_R34,36,34,0.58,0.38,-0.1034482758620689,50,0.7291666666666666,-8.7,10,0.2,7,0.14,6,0,4,2,0.4,6,0.5,0,0.6666666666666666,0.3666666666666666,0.5666666666666667,0.0909090909090909,30,0.8571428571428571,-5.5,1,2,6,12,4,0.6666666666666666,18,18,0.3888888888888889,0.5555555555555556,0.4666666666666667,1938.7660583299155,10.921666954167984
P36_R35,36,35,0.58,0.38,-0.1034482758620689,50,0.7291666666666666,-8.7,10,0.2,7,0.14,6,0,4,2,0.4,6,0.5,0,0.6666666666666666,0.303030303030303,0.6363636363636364,0.0,33,0.8064516129032258,-4.545454545454546,1,2,16,22,4,0.6666666666666666,11,11,0.2727272727272727,0.6363636363636364,0.6,1833.060802789303,10.84082575261825
P36_R36,36,36,0.58,0.38,-0.1034482758620689,50,0.7291666666666666,-8.7,10,0.2,7,0.14,6,0,4,2,0.4,6,0.5,0,0.6666666666666666,0.3636363636363636,0.5757575757575758,0.0,33,0.9032258064516128,-5.454545454545455,0,999,999,999,0,0.5,999,999,0.0,0.0,0.6,1967.9897974438695,10.943239920424018
P36_R37,36,37,0.58,0.38,-0.1034482758620689,50,0.7291666666666666,-8.7,10,0.2,7,0.14,6,0,4,2,0.4,6,0.5,0,0.6666666666666666,0.3333333333333333,0.6060606060606061,-0.0909090909090909,33,0.8064516129032258,-5.0,0,999,999,999,0,0.5,999,999,0.0,0.0,0.6,2844.1033512733247,11.474265345510737
P36_R38,36,38,0.58,0.38,-0.1034482758620689,50,0.7291666666666666,-8.7,10,0.2,7,0.14,6,0,4,2,0.4,6,0.5,0,0.6666666666666666,0.3636363636363636,0.5757575757575758,-0.1666666666666666,33,0.8064516129032258,-5.454545454545455,0,999,999,999,0,0.5,999,999,0.0,0.0,0.6666666666666666,2508.96997785947,11.293454392642001
P36_R39,36,39,0.58,0.38,-0.1034482758620689,50,0.7291666666666666,-8.7,10,0.2,7,0.14,6,0,4,2,0.4,6,0.5,0,0.6666666666666666,0.3939393939393939,0.5454545454545454,-0.0769230769230769,33,0.8709677419354839,-5.909090909090909,1,2,16,22,4,0.6666666666666666,11,11,0.1818181818181818,0.7272727272727273,0.6,3635.758710365266,11.828437494506426
P36_R40,36,40,0.58,0.38,-0.1034482758620689,50,0.7291666666666666,-8.7,10,0.2,7,0.14,6,0,4,2,0.4,6,0.5,0,0.6666666666666666,0.3666666666666666,0.5666666666666667,0.2727272727272727,30,0.8571428571428571,-5.5,1,2,6,12,4,0.8333333333333334,18,18,0.3888888888888889,0.5555555555555556,0.6,2931.939211369767,11.518131454507651
P36_R41,36,41,0.58,0.38,-0.1034482758620689,50,0.7291666666666666,-8.7,10,0.2,7,0.14,6,0,4,2,0.4,6,0.5,0,0.6666666666666666,0.4,0.5333333333333333,0.1666666666666666,30,0.7857142857142857,-6.0,1,2,6,12,4,0.6666666666666666,18,18,0.4444444444444444,0.5,0.5333333333333333,5804.193730052161,12.503128497958246
P36_R42,36,42,0.58,0.38,-0.1034482758620689,50,0.7291666666666666,-8.7,10,0.2,7,0.14,6,0,4,2,0.4,6,0.5,0,0.6666666666666666,0.3333333333333333,0.6060606060606061,0.0909090909090909,33,0.8709677419354839,-5.0,0,999,999,999,0,0.5,999,999,0.0,0.0,0.6,3961.5898839308675,11.95222794512059
P36_R43,36,43,0.58,0.38,-0.1034482758620689,50,0.7291666666666666,-8.7,10,0.2,7,0.14,6,0,4,2,0.4,6,0.5,0,0.6666666666666666,0.4,0.5333333333333333,0.1666666666666666,30,0.8571428571428571,-6.0,1,2,6,12,4,0.6666666666666666,18,18,0.4444444444444444,0.5,0.5333333333333333,8943.652344016005,13.126809694126399
P36_R44,36,44,0.58,0.38,-0.1034482758620689,50,0.7291666666666666,-8.7,10,0.2,7,0.14,6,0,4,2,0.4,6,0.5,0,0.6666666666666666,0.3333333333333333,0.6,0.2,30,0.8214285714285714,-5.0,1,2,6,12,4,0.6666666666666666,18,18,0.3333333333333333,0.6111111111111112,0.5333333333333333,11699.859510097129,13.51432688930769
P36_R45,36,45,0.58,0.38,-0.1034482758620689,50,0.7291666666666666,-8.7,10,0.2,7,0.14,6,0,4,2,0.4,6,0.5,0,0.6666666666666666,0.3666666666666666,0.5666666666666667,0.0909090909090909,30,0.75,-5.5,1,2,6,12,4,0.6666666666666666,18,18,0.3888888888888889,0.5555555555555556,0.5333333333333333,18918.54407001443,14.207589702061076
P36_R46,36,46,0.58,0.38,-0.1034482758620689,50,0.7291666666666666,-8.7,10,0.2,7,0.14,6,0,4,2,0.4,6,0.5,0,0.6666666666666666,0.3939393939393939,0.5454545454545454,0.0769230769230769,33,0.9032258064516128,-5.909090909090909,0,999,999,999,0,0.5,999,999,0.0,0.0,0.6,20249.489761050118,14.305669179758754
P36_R47,36,47,0.58,0.38,-0.1034482758620689,50,0.7291666666666666,-8.7,10,0.2,7,0.14,6,0,4,2,0.4,6,0.5,0,0.6666666666666666,0.3939393939393939,0.5454545454545454,0.0769230769230769,33,0.935483870967742,-5.909090909090909,1,2,16,22,4,0.6666666666666666,11,11,0.2727272727272727,0.6363636363636364,0.6,23786.38242561251,14.537908905227729
P37_R0,37,0,0.5490196078431373,0.4117647058823529,0.1428571428571428,51,0.7346938775510204,-8.23529411764706,7,0.1372549019607843,6,0.1176470588235294,5,1,5,1,0.6,6,0.0,0,0.6666666666666666,0.3333333333333333,0.6,0.2,30,0.8214285714285714,-5.0,1,2,6,12,4,0.6666666666666666,18,18,0.3333333333333333,0.6111111111111112,0.6,53.43302944916822,5.766410425818422
P37_R1,37,1,0.5490196078431373,0.4117647058823529,0.1428571428571428,51,0.7346938775510204,-8.23529411764706,7,0.1372549019607843,6,0.1176470588235294,5,1,5,1,0.6,6,0.0,0,0.6666666666666666,0.3333333333333333,0.6,0.0,30,0.8214285714285714,-5.0,1,2,6,12,4,0.6666666666666666,18,18,0.3333333333333333,0.6111111111111112,0.6,88.02673893704726,6.476166805552678
P37_R2,37,2,0.5490196078431373,0.4117647058823529,0.1428571428571428,51,0.7346938775510204,-8.23529411764706,7,0.1372549019607843,6,0.1176470588235294,5,1,5,1,0.6,6,0.0,0,0.6666666666666666,0.3636363636363636,0.5757575757575758,0.0,33,0.8709677419354839,-5.454545454545455,1,2,16,22,4,0.6666666666666666,11,11,0.2727272727272727,0.6363636363636364,0.6,84.75216965348841,6.422101268898517
P37_R3,37,3,0.5490196078431373,0.4117647058823529,0.1428571428571428,51,0.7346938775510204,-8.23529411764706,7,0.1372549019607843,6,0.1176470588235294,5,1,5,1,0.6,6,0.0,0,0.6666666666666666,0.4,0.5333333333333333,0.1666666666666666,30,0.8928571428571429,-6.0,1,2,6,12,4,0.8333333333333334,18,18,0.4444444444444444,0.5,0.5333333333333333,211.46605152999578,7.73108853125103
P37_R4,37,4,0.5490196078431373,0.4117647058823529,0.1428571428571428,51,0.7346938775510204,-8.23529411764706,7,0.1372549019607843,6,0.1176470588235294,5,1,5,1,0.6,6,0.0,0,0.6666666666666666,0.4,0.5333333333333333,0.1666666666666666,30,0.8214285714285714,-6.0,1,2,6,12,4,0.6666666666666666,18,18,0.4444444444444444,0.5,0.4666666666666667,249.98300200676144,7.9714458497637315
P37_R5,37,5,0.5490196078431373,0.4117647058823529,0.1428571428571428,51,0.7346938775510204,-8.23529411764706,7,0.1372549019607843,6,0.1176470588235294,5,1,5,1,0.6,6,0.0,0,0.6666666666666666,0.3636363636363636,0.5757575757575758,0.0,33,0.8709677419354839,-5.454545454545455,1,1,11,17,5,0.8333333333333334,16,16,0.375,0.5625,0.6,303.98877299794066,8.252612326095136
P37_R6,37,6,0.5490196078431373,0.4117647058823529,0.1428571428571428,51,0.7346938775510204,-8.23529411764706,7,0.1372549019607843,6,0.1176470588235294,5,1,5,1,0.6,6,0.0,0,0.6666666666666666,0.3,0.6333333333333333,0.1111111111111111,30,0.8214285714285714,-4.5,1,2,6,12,4,0.6666666666666666,18,18,0.2777777777777778,0.6666666666666666,0.6,211.65539959556168,7.7323736770959846
P37_R7,37,7,0.5490196078431373,0.4117647058823529,0.1428571428571428,51,0.7346938775510204,-8.23529411764706,7,0.1372549019607843,6,0.1176470588235294,5,1,5,1,0.6,6,0.0,0,0.6666666666666666,0.3666666666666666,0.5666666666666667,0.2727272727272727,30,0.9285714285714286,-5.5,1,2,6,12,4,0.6666666666666666,18,18,0.3888888888888889,0.5555555555555556,0.4666666666666667,272.670625955487,8.096296783182206
P37_R8,37,8,0.5490196078431373,0.4117647058823529,0.1428571428571428,51,0.7346938775510204,-8.23529411764706,7,0.1372549019607843,6,0.1176470588235294,5,1,5,1,0.6,6,0.0,0,0.6666666666666666,0.3333333333333333,0.6060606060606061,-0.0909090909090909,33,0.935483870967742,-5.0,1,1,16,22,5,0.8333333333333334,11,11,0.1818181818181818,0.7272727272727273,0.6666666666666666,368.72255301582425,8.53029924014783
P37_R9,37,9,0.5490196078431373,0.4117647058823529,0.1428571428571428,51,0.7346938775510204,-8.23529411764706,7,0.1372549019607843,6,0.1176470588235294,5,1,5,1,0.6,6,0.0,0,0.6666666666666666,0.4333333333333333,0.5,-0.0769230769230769,30,0.8214285714285714,-6.5,1,2,6,12,4,0.6666666666666666,18,18,0.5,0.4444444444444444,0.4,418.0558542883001,8.710998737599981
P37_R10,37,10,0.5490196078431373,0.4117647058823529,0.1428571428571428,51,0.7346938775510204,-8.23529411764706,7,0.1372549019607843,6,0.1176470588235294,5,1,5,1,0.6,6,0.0,0,0.6666666666666666,0.3636363636363636,0.5757575757575758,0.0,33,0.8709677419354839,-5.454545454545455,1,2,13,19,4,0.6666666666666666,14,14,0.3571428571428571,0.5714285714285714,0.5333333333333333,419.6028856756432,8.71631493793205
P37_R11,37,11,0.5490196078431373,0.4117647058823529,0.1428571428571428,51,0.7346938775510204,-8.23529411764706,7,0.1372549019607843,6,0.1176470588235294,5,1,5,1,0.6,6,0.0,0,0.6666666666666666,0.3333333333333333,0.6060606060606061,-0.0909090909090909,33,0.9032258064516128,-5.0,1,2,11,17,4,0.6666666666666666,16,16,0.375,0.5625,0.6,312.428864630677,8.291994237938653
P37_R12,37,12,0.5490196078431373,0.4117647058823529,0.1428571428571428,51,0.7346938775510204,-8.23529411764706,7,0.1372549019607843,6,0.1176470588235294,5,1,5,1,0.6,6,0.0,0,0.6666666666666666,0.3666666666666666,0.5666666666666667,0.2727272727272727,30,0.8214285714285714,-5.5,1,2,6,12,4,0.8333333333333334,18,18,0.3888888888888889,0.5555555555555556,0.6,428.72221394974497,8.747260547121117
P37_R13,37,13,0.5490196078431373,0.4117647058823529,0.1428571428571428,51,0.7346938775510204,-8.23529411764706,7,0.1372549019607843,6,0.1176470588235294,5,1,5,1,0.6,6,0.0,0,0.6666666666666666,0.3333333333333333,0.6,0.0,30,0.7857142857142857,-5.0,1,2,6,12,4,0.6666666666666666,18,18,0.3333333333333333,0.6111111111111112,0.5333333333333333,483.6797537808658,8.920888008755208
P37_R14,37,14,0.5490196078431373,0.4117647058823529,0.1428571428571428,51,0.7346938775510204,-8.23529411764706,7,0.1372549019607843,6,0.1176470588235294,5,1,5,1,0.6,6,0.0,0,0.6666666666666666,0.3055555555555556,0.6388888888888888,0.0909090909090909,36,0.7941176470588235,-4.583333333333334,1,2,16,22,4,1.0,14,14,0.4285714285714285,0.5,0.4666666666666667,336.85449602298945,8.400258243790187
P37_R15,37,15,0.5490196078431373,0.4117647058823529,0.1428571428571428,51,0.7346938775510204,-8.23529411764706,7,0.1372549019607843,6,0.1176470588235294,5,1,5,1,0.6,6,0.0,0,0.6666666666666666,0.3333333333333333,0.6060606060606061,0.0909090909090909,33,0.8064516129032258,-5.0,1,2,15,21,4,0.6666666666666666,12,12,0.25,0.6666666666666666,0.6,469.29516394263186,8.877422686776372
P37_R16,37,16,0.5490196078431373,0.4117647058823529,0.1428571428571428,51,0.7346938775510204,-8.23529411764706,7,0.1372549019607843,6,0.1176470588235294,5,1,5,1,0.6,6,0.0,0,0.6666666666666666,0.4,0.5333333333333333,0.1666666666666666,30,0.8214285714285714,-6.0,1,2,6,12,4,0.6666666666666666,18,18,0.4444444444444444,0.5,0.5333333333333333,539.0173180850039,9.076861864300321
P37_R17,37,17,0.5490196078431373,0.4117647058823529,0.1428571428571428,51,0.7346938775510204,-8.23529411764706,7,0.1372549019607843,6,0.1176470588235294,5,1,5,1,0.6,6,0.0,0,0.6666666666666666,0.3939393939393939,0.5454545454545454,-0.0769230769230769,33,0.9032258064516128,-5.909090909090909,1,1,16,22,5,0.8333333333333334,11,11,0.2727272727272727,0.6363636363636364,0.5333333333333333,514.5985737149306,9.01010446259523
P37_R18,37,18,0.5490196078431373,0.4117647058823529,0.1428571428571428,51,0.7346938775510204,-8.23529411764706,7,0.1372549019607843,6,0.1176470588235294,5,1,5,1,0.6,6,0.0,0,0.6666666666666666,0.3636363636363636,0.5757575757575758,-0.1666666666666666,33,0.935483870967742,-5.454545454545455,1,2,16,22,4,0.6666666666666666,11,11,0.2727272727272727,0.6363636363636364,0.6,417.24844304147445,8.708216359517074
P37_R19,37,19,0.5490196078431373,0.4117647058823529,0.1428571428571428,51,0.7346938775510204,-8.23529411764706,7,0.1372549019607843,6,0.1176470588235294,5,1,5,1,0.6,6,0.0,0,0.6666666666666666,0.4583333333333333,0.4583333333333333,-0.0909090909090909,24,0.8636363636363636,-6.875,1,2,7,13,4,0.6666666666666666,11,11,0.5454545454545454,0.3636363636363636,0.4666666666666667,538.2516580356871,9.074814897018008
P37_R20,37,20,0.5490196078431373,0.4117647058823529,0.1428571428571428,51,0.7346938775510204,-8.23529411764706,7,0.1372549019607843,6,0.1176470588235294,5,1,5,1,0.6,6,0.0,0,0.6666666666666666,0.4333333333333333,0.5,0.2307692307692307,30,0.75,-6.5,1,2,6,12,4,0.8333333333333334,18,18,0.5,0.4444444444444444,0.4,614.756131399837,9.26621527822547
P37_R21,37,21,0.5490196078431373,0.4117647058823529,0.1428571428571428,51,0.7346938775510204,-8.23529411764706,7,0.1372549019607843,6,0.1176470588235294,5,1,5,1,0.6,6,0.0,0,0.6666666666666666,0.3666666666666666,0.5666666666666667,0.0909090909090909,30,0.8214285714285714,-5.5,1,2,6,12,4,0.6666666666666666,18,18,0.3888888888888889,0.5555555555555556,0.5333333333333333,667.407721925043,9.384584590317175
P37_R22,37,22,0.5490196078431373,0.4117647058823529,0.1428571428571428,51,0.7346938775510204,-8.23529411764706,7,0.1372549019607843,6,0.1176470588235294,5,1,5,1,0.6,6,0.0,0,0.6666666666666666,0.3529411764705882,0.5294117647058824,-0.6666666666666666,17,0.7333333333333333,-5.294117647058824,0,999,999,999,0,0.3333333333333333,999,999,0.0,0.0,0.6,631.3529675975869,9.304586258392861
P37_R23,37,23,0.5490196078431373,0.4117647058823529,0.1428571428571428,51,0.7346938775510204,-8.23529411764706,7,0.1372549019607843,6,0.1176470588235294,5,1,5,1,0.6,6,0.0,0,0.6666666666666666,0.3055555555555556,0.6388888888888888,-0.2727272727272727,36,0.6176470588235294,-4.583333333333334,1,2,21,27,4,0.6666666666666666,9,9,0.2222222222222222,0.6666666666666666,0.4666666666666667,680.4805472016243,9.412528665798177
P37_R24,37,24,0.5490196078431373,0.4117647058823529,0.1428571428571428,51,0.7346938775510204,-8.23529411764706,7,0.1372549019607843,6,0.1176470588235294,5,1,5,1,0.6,6,0.0,0,0.6666666666666666,0.2666666666666666,0.6666666666666666,0.25,30,0.7857142857142857,-4.0,1,2,6,12,4,0.6666666666666666,18,18,0.2222222222222222,0.7222222222222222,0.6666666666666666,735.2230542893046,9.523999117149625
P37_R25,37,25,0.5490196078431373,0.4117647058823529,0.1428571428571428,51,0.7346938775510204,-8.23529411764706,7,0.1372549019607843,6,0.1176470588235294,5,1,5,1,0.6,6,0.0,0,0.6666666666666666,0.3666666666666666,0.5666666666666667,0.2727272727272727,30,0.8214285714285714,-5.5,1,2,6,12,4,0.6666666666666666,18,18,0.3888888888888889,0.5555555555555556,0.5333333333333333,803.4728163237609,9.651899861913636
P37_R26,37,26,0.5490196078431373,0.4117647058823529,0.1428571428571428,51,0.7346938775510204,-8.23529411764706,7,0.1372549019607843,6,0.1176470588235294,5,1,5,1,0.6,6,0.0,0,0.6666666666666666,0.4,0.5333333333333333,0.3333333333333333,30,0.7857142857142857,-6.0,1,2,6,12,4,0.8333333333333334,18,18,0.4444444444444444,0.5,0.4666666666666667,773.1062130794659,9.596387718121397
P37_R27,37,27,0.5490196078431373,0.4117647058823529,0.1428571428571428,51,0.7346938775510204,-8.23529411764706,7,0.1372549019607843,6,0.1176470588235294,5,1,5,1,0.6,6,0.0,0,0.6666666666666666,0.3333333333333333,0.6060606060606061,-0.0909090909090909,33,0.8387096774193549,-5.0,0,999,999,999,0,0.5,999,999,0.0,0.0,0.7333333333333333,876.6986492514586,9.777581876850686
P37_R28,37,28,0.5490196078431373,0.4117647058823529,0.1428571428571428,51,0.7346938775510204,-8.23529411764706,7,0.1372549019607843,6,0.1176470588235294,5,1,5,1,0.6,6,0.0,0,0.6666666666666666,0.3939393939393939,0.5454545454545454,0.0769230769230769,33,0.8709677419354839,-5.909090909090909,1,2,11,17,4,0.6666666666666666,16,16,0.4375,0.5,0.5333333333333333,1010.9778657735226,9.982962020061906
P37_R29,37,29,0.5490196078431373,0.4117647058823529,0.1428571428571428,51,0.7346938775510204,-8.23529411764706,7,0.1372549019607843,6,0.1176470588235294,5,1,5,1,0.6,6,0.0,0,0.6666666666666666,0.3666666666666666,0.5666666666666667,0.0909090909090909,30,0.7857142857142857,-5.5,1,2,6,12,4,0.6666666666666666,18,18,0.3888888888888889,0.5555555555555556,0.6,792.4827181049548,9.632054991567646
P37_R30,37,30,0.5490196078431373,0.4117647058823529,0.1428571428571428,51,0.7346938775510204,-8.23529411764706,7,0.1372549019607843,6,0.1176470588235294,5,1,5,1,0.6,6,0.0,0,0.6666666666666666,0.4,0.5333333333333333,0.0,30,0.8214285714285714,-6.0,1,2,6,12,4,0.6666666666666666,18,18,0.4444444444444444,0.5,0.5333333333333333,1173.8702664406449,10.19828574247694
P37_R31,37,31,0.5490196078431373,0.4117647058823529,0.1428571428571428,51,0.7346938775510204,-8.23529411764706,7,0.1372549019607843,6,0.1176470588235294,5,1,5,1,0.6,6,0.0,0,0.6666666666666666,0.4333333333333333,0.5,-0.0769230769230769,30,0.7857142857142857,-6.5,1,2,6,12,4,0.6666666666666666,18,18,0.5,0.4444444444444444,0.4666666666666667,1363.3179242619897,10.413964156524749
P37_R32,37,32,0.5490196078431373,0.4117647058823529,0.1428571428571428,51,0.7346938775510204,-8.23529411764706,7,0.1372549019607843,6,0.1176470588235294,5,1,5,1,0.6,6,0.0,0,0.6666666666666666,0.4,0.5333333333333333,0.1666666666666666,30,0.8571428571428571,-6.0,1,2,6,12,4,0.8333333333333334,18,18,0.4444444444444444,0.5,0.5333333333333333,1595.195638818012,10.640421771971052
P37_R33,37,33,0.5490196078431373,0.4117647058823529,0.1428571428571428,51,0.7346938775510204,-8.23529411764706,7,0.1372549019607843,6,0.1176470588235294,5,1,5,1,0.6,6,0.0,0,0.6666666666666666,0.3636363636363636,0.5757575757575758,0.0,33,0.7419354838709677,-5.454545454545455,1,2,13,19,4,0.6666666666666666,14,14,0.2142857142857142,0.7142857142857143,0.6666666666666666,2290.845208314886,11.162293892134846
P37_R34,37,34,0.5490196078431373,0.4117647058823529,0.1428571428571428,51,0.7346938775510204,-8.23529411764706,7,0.1372549019607843,6,0.1176470588235294,5,1,5,1,0.6,6,0.0,0,0.6666666666666666,0.3666666666666666,0.5666666666666667,0.0909090909090909,30,0.8571428571428571,-5.5,1,2,6,12,4,0.6666666666666666,18,18,0.3888888888888889,0.5555555555555556,0.4666666666666667,1597.0919544590524,10.642134708212886
P37_R35,37,35,0.5490196078431373,0.4117647058823529,0.1428571428571428,51,0.7346938775510204,-8.23529411764706,7,0.1372549019607843,6,0.1176470588235294,5,1,5,1,0.6,6,0.0,0,0.6666666666666666,0.303030303030303,0.6363636363636364,0.0,33,0.8064516129032258,-4.545454545454546,1,2,16,22,4,0.6666666666666666,11,11,0.2727272727272727,0.6363636363636364,0.6,1604.8462729157993,10.649118075451804
P37_R36,37,36,0.5490196078431373,0.4117647058823529,0.1428571428571428,51,0.7346938775510204,-8.23529411764706,7,0.1372549019607843,6,0.1176470588235294,5,1,5,1,0.6,6,0.0,0,0.6666666666666666,0.3636363636363636,0.5757575757575758,0.0,33,0.9032258064516128,-5.454545454545455,0,999,999,999,0,0.5,999,999,0.0,0.0,0.6,2411.885878922404,11.236543967390993
P37_R37,37,37,0.5490196078431373,0.4117647058823529,0.1428571428571428,51,0.7346938775510204,-8.23529411764706,7,0.1372549019607843,6,0.1176470588235294,5,1,5,1,0.6,6,0.0,0,0.6666666666666666,0.3333333333333333,0.6060606060606061,-0.0909090909090909,33,0.8064516129032258,-5.0,0,999,999,999,0,0.5,999,999,0.0,0.0,0.6,2916.4457373594514,11.510490107631407
P37_R38,37,38,0.5490196078431373,0.4117647058823529,0.1428571428571428,51,0.7346938775510204,-8.23529411764706,7,0.1372549019607843,6,0.1176470588235294,5,1,5,1,0.6,6,0.0,0,0.6666666666666666,0.3636363636363636,0.5757575757575758,-0.1666666666666666,33,0.8064516129032258,-5.454545454545455,0,999,999,999,0,0.5,999,999,0.0,0.0,0.6666666666666666,3103.2479459529386,11.600028079336164
P37_R39,37,39,0.5490196078431373,0.4117647058823529,0.1428571428571428,51,0.7346938775510204,-8.23529411764706,7,0.1372549019607843,6,0.1176470588235294,5,1,5,1,0.6,6,0.0,0,0.6666666666666666,0.3939393939393939,0.5454545454545454,-0.0769230769230769,33,0.8709677419354839,-5.909090909090909,1,2,16,22,4,0.6666666666666666,11,11,0.1818181818181818,0.7272727272727273,0.6,3003.3321514337836,11.552828607080238
P37_R40,37,40,0.5490196078431373,0.4117647058823529,0.1428571428571428,51,0.7346938775510204,-8.23529411764706,7,0.1372549019607843,6,0.1176470588235294,5,1,5,1,0.6,6,0.0,0,0.6666666666666666,0.3666666666666666,0.5666666666666667,0.2727272727272727,30,0.8571428571428571,-5.5,1,2,6,12,4,0.8333333333333334,18,18,0.3888888888888889,0.5555555555555556,0.6,3734.1597042041253,11.866954214299767
P37_R41,37,41,0.5490196078431373,0.4117647058823529,0.1428571428571428,51,0.7346938775510204,-8.23529411764706,7,0.1372549019607843,6,0.1176470588235294,5,1,5,1,0.6,6,0.0,0,0.6666666666666666,0.4,0.5333333333333333,0.1666666666666666,30,0.7857142857142857,-6.0,1,2,6,12,4,0.6666666666666666,18,18,0.4444444444444444,0.5,0.5333333333333333,4399.90907463137,12.103585849774799
P37_R42,37,42,0.5490196078431373,0.4117647058823529,0.1428571428571428,51,0.7346938775510204,-8.23529411764706,7,0.1372549019607843,6,0.1176470588235294,5,1,5,1,0.6,6,0.0,0,0.6666666666666666,0.3333333333333333,0.6060606060606061,0.0909090909090909,33,0.8709677419354839,-5.0,0,999,999,999,0,0.5,999,999,0.0,0.0,0.6,4579.057193614139,12.161149898798344
P37_R43,37,43,0.5490196078431373,0.4117647058823529,0.1428571428571428,51,0.7346938775510204,-8.23529411764706,7,0.1372549019607843,6,0.1176470588235294,5,1,5,1,0.6,6,0.0,0,0.6666666666666666,0.4,0.5333333333333333,0.1666666666666666,30,0.8571428571428571,-6.0,1,2,6,12,4,0.6666666666666666,18,18,0.4444444444444444,0.5,0.5333333333333333,8546.824513640186,13.061341574515234
P37_R44,37,44,0.5490196078431373,0.4117647058823529,0.1428571428571428,51,0.7346938775510204,-8.23529411764706,7,0.1372549019607843,6,0.1176470588235294,5,1,5,1,0.6,6,0.0,0,0.6666666666666666,0.3333333333333333,0.6,0.2,30,0.8214285714285714,-5.0,1,2,6,12,4,0.6666666666666666,18,18,0.3333333333333333,0.6111111111111112,0.5333333333333333,10404.800490943953,13.345100331637942
P37_R45,37,45,0.5490196078431373,0.4117647058823529,0.1428571428571428,51,0.7346938775510204,-8.23529411764706,7,0.1372549019607843,6,0.1176470588235294,5,1,5,1,0.6,6,0.0,0,0.6666666666666666,0.3666666666666666,0.5666666666666667,0.0909090909090909,30,0.75,-5.5,1,2,6,12,4,0.6666666666666666,18,18,0.3888888888888889,0.5555555555555556,0.5333333333333333,16513.14875816486,14.011414985623079
P37_R46,37,46,0.5490196078431373,0.4117647058823529,0.1428571428571428,51,0.7346938775510204,-8.23529411764706,7,0.1372549019607843,6,0.1176470588235294,5,1,5,1,0.6,6,0.0,0,0.6666666666666666,0.3939393939393939,0.5454545454545454,0.0769230769230769,33,0.9032258064516128,-5.909090909090909,0,999,999,999,0,0.5,999,999,0.0,0.0,0.6,20656.013254951173,14.334344053221624
P37_R47,37,47,0.5490196078431373,0.4117647058823529,0.1428571428571428,51,0.7346938775510204,-8.23529411764706,7,0.1372549019607843,6,0.1176470588235294,5,1,5,1,0.6,6,0.0,0,0.6666666666666666,0.3939393939393939,0.5454545454545454,0.0769230769230769,33,0.935483870967742,-5.909090909090909,1,2,16,22,4,0.6666666666666666,11,11,0.2727272727272727,0.6363636363636364,0.6,25173.76328989001,14.619690592653116
P38_R0,38,0,0.5185185185185185,0.4074074074074074,0.0,27,0.8,-7.777777777777778,6,0.2222222222222222,5,0.1851851851851851,5,1,5,1,0.0,6,0.5,0,0.3333333333333333,0.3333333333333333,0.6,0.2,30,0.8214285714285714,-5.0,1,2,6,12,4,0.6666666666666666,18,18,0.3333333333333333,0.6111111111111112,0.6,58.01398530114212,5.882984983830812
P38_R1,38,1,0.5185185185185185,0.4074074074074074,0.0,27,0.8,-7.777777777777778,6,0.2222222222222222,5,0.1851851851851851,5,1,5,1,0.0,6,0.5,0,0.3333333333333333,0.3333333333333333,0.6,0.0,30,0.8214285714285714,-5.0,1,2,6,12,4,0.6666666666666666,18,18,0.3333333333333333,0.6111111111111112,0.6,95.51571153605671,6.592691908875406
P38_R2,38,2,0.5185185185185185,0.4074074074074074,0.0,27,0.8,-7.777777777777778,6,0.2222222222222222,5,0.1851851851851851,5,1,5,1,0.0,6,0.5,0,0.3333333333333333,0.3636363636363636,0.5757575757575758,0.0,33,0.8709677419354839,-5.454545454545455,1,2,16,22,4,0.6666666666666666,11,11,0.2727272727272727,0.6363636363636364,0.6,115.49260073905843,6.86409451189825
P38_R3,38,3,0.5185185185185185,0.4074074074074074,0.0,27,0.8,-7.777777777777778,6,0.2222222222222222,5,0.1851851851851851,5,1,5,1,0.0,6,0.5,0,0.3333333333333333,0.4,0.5333333333333333,0.1666666666666666,30,0.8928571428571429,-6.0,1,2,6,12,4,0.8333333333333334,18,18,0.4444444444444444,0.5,0.5333333333333333,217.17742056540968,7.769357992976685
P38_R4,38,4,0.5185185185185185,0.4074074074074074,0.0,27,0.8,-7.777777777777778,6,0.2222222222222222,5,0.1851851851851851,5,1,5,1,0.0,6,0.5,0,0.3333333333333333,0.4,0.5333333333333333,0.1666666666666666,30,0.8214285714285714,-6.0,1,2,6,12,4,0.6666666666666666,18,18,0.4444444444444444,0.5,0.4666666666666667,196.5227558681676,7.625875060213756
P38_R5,38,5,0.5185185185185185,0.4074074074074074,0.0,27,0.8,-7.777777777777778,6,0.2222222222222222,5,0.1851851851851851,5,1,5,1,0.0,6,0.5,0,0.3333333333333333,0.3636363636363636,0.5757575757575758,0.0,33,0.8709677419354839,-5.454545454545455,1,1,11,17,5,0.8333333333333334,16,16,0.375,0.5625,0.6,293.20960589154134,8.200700540874099
P38_R6,38,6,0.5185185185185185,0.4074074074074074,0.0,27,0.8,-7.777777777777778,6,0.2222222222222222,5,0.1851851851851851,5,1,5,1,0.0,6,0.5,0,0.3333333333333333,0.3,0.6333333333333333,0.1111111111111111,30,0.8214285714285714,-4.5,1,2,6,12,4,0.6666666666666666,18,18,0.2777777777777778,0.6666666666666666,0.6,345.3946378379735,8.436272787205299
P38_R7,38,7,0.5185185185185185,0.4074074074074074,0.0,27,0.8,-7.777777777777778,6,0.2222222222222222,5,0.1851851851851851,5,1,5,1,0.0,6,0.5,0,0.3333333333333333,0.3666666666666666,0.5666666666666667,0.2727272727272727,30,0.9285714285714286,-5.5,1,2,6,12,4,0.6666666666666666,18,18,0.3888888888888889,0.5555555555555556,0.4666666666666667,322.65043137195653,8.338292616521013
P38_R8,38,8,0.5185185185185185,0.4074074074074074,0.0,27,0.8,-7.777777777777778,6,0.2222222222222222,5,0.1851851851851851,5,1,5,1,0.0,6,0.5,0,0.3333333333333333,0.3333333333333333,0.6060606060606061,-0.0909090909090909,33,0.935483870967742,-5.0,1,1,16,22,5,0.8333333333333334,11,11,0.1818181818181818,0.7272727272727273,0.6666666666666666,284.7074516748336,8.158394854169881
P38_R9,38,9,0.5185185185185185,0.4074074074074074,0.0,27,0.8,-7.777777777777778,6,0.2222222222222222,5,0.1851851851851851,5,1,5,1,0.0,6,0.5,0,0.3333333333333333,0.4333333333333333,0.5,-0.0769230769230769,30,0.8214285714285714,-6.5,1,2,6,12,4,0.6666666666666666,18,18,0.5,0.4444444444444444,0.4,375.42395748757315,8.556214641030865
P38_R10,38,10,0.5185185185185185,0.4074074074074074,0.0,27,0.8,-7.777777777777778,6,0.2222222222222222,5,0.1851851851851851,5,1,5,1,0.0,6,0.5,0,0.3333333333333333,0.3636363636363636,0.5757575757575758,0.0,33,0.8709677419354839,-5.454545454545455,1,2,13,19,4,0.6666666666666666,14,14,0.3571428571428571,0.5714285714285714,0.5333333333333333,392.25554677721846,8.619323304434252
P38_R11,38,11,0.5185185185185185,0.4074074074074074,0.0,27,0.8,-7.777777777777778,6,0.2222222222222222,5,0.1851851851851851,5,1,5,1,0.0,6,0.5,0,0.3333333333333333,0.3333333333333333,0.6060606060606061,-0.0909090909090909,33,0.9032258064516128,-5.0,1,2,11,17,4,0.6666666666666666,16,16,0.375,0.5625,0.6,406.89460667557466,8.672052621215425
P38_R12,38,12,0.5185185185185185,0.4074074074074074,0.0,27,0.8,-7.777777777777778,6,0.2222222222222222,5,0.1851851851851851,5,1,5,1,0.0,6,0.5,0,0.3333333333333333,0.3666666666666666,0.5666666666666667,0.2727272727272727,30,0.8214285714285714,-5.5,1,2,6,12,4,0.8333333333333334,18,18,0.3888888888888889,0.5555555555555556,0.6,428.6732988664621,8.747096316456421
P38_R13,38,13,0.5185185185185185,0.4074074074074074,0.0,27,0.8,-7.777777777777778,6,0.2222222222222222,5,0.1851851851851851,5,1,5,1,0.0,6,0.5,0,0.3333333333333333,0.3333333333333333,0.6,0.0,30,0.7857142857142857,-5.0,1,2,6,12,4,0.6666666666666666,18,18,0.3333333333333333,0.6111111111111112,0.5333333333333333,404.42684192542697,8.663297797648994
P38_R14,38,14,0.5185185185185185,0.4074074074074074,0.0,27,0.8,-7.777777777777778,6,0.2222222222222222,5,0.1851851851851851,5,1,5,1,0.0,6,0.5,0,0.3333333333333333,0.3055555555555556,0.6388888888888888,0.0909090909090909,36,0.7941176470588235,-4.583333333333334,1,2,16,22,4,1.0,14,14,0.4285714285714285,0.5,0.4666666666666667,545.8391062664587,9.094972608284364
P38_R15,38,15,0.5185185185185185,0.4074074074074074,0.0,27,0.8,-7.777777777777778,6,0.2222222222222222,5,0.1851851851851851,5,1,5,1,0.0,6,0.5,0,0.3333333333333333,0.3333333333333333,0.6060606060606061,0.0909090909090909,33,0.8064516129032258,-5.0,1,2,15,21,4,0.6666666666666666,12,12,0.25,0.6666666666666666,0.6,415.5050519926299,8.702190184622475
P38_R16,38,16,0.5185185185185185,0.4074074074074074,0.0,27,0.8,-7.777777777777778,6,0.2222222222222222,5,0.1851851851851851,5,1,5,1,0.0,6,0.5,0,0.3333333333333333,0.4,0.5333333333333333,0.1666666666666666,30,0.8214285714285714,-6.0,1,2,6,12,4,0.6666666666666666,18,18,0.4444444444444444,0.5,0.5333333333333333,479.50495677055113,8.908407503336514
P38_R17,38,17,0.5185185185185185,0.4074074074074074,0.0,27,0.8,-7.777777777777778,6,0.2222222222222222,5,0.1851851851851851,5,1,5,1,0.0,6,0.5,0,0.3333333333333333,0.3939393939393939,0.5454545454545454,-0.0769230769230769,33,0.9032258064516128,-5.909090909090909,1,1,16,22,5,0.8333333333333334,11,11,0.2727272727272727,0.6363636363636364,0.5333333333333333,545.8425959328458,9.094981814846713
P38_R18,38,18,0.5185185185185185,0.4074074074074074,0.0,27,0.8,-7.777777777777778,6,0.2222222222222222,5,0.1851851851851851,5,1,5,1,0.0,6,0.5,0,0.3333333333333333,0.3636363636363636,0.5757575757575758,-0.1666666666666666,33,0.935483870967742,-5.454545454545455,1,2,16,22,4,0.6666666666666666,11,11,0.2727272727272727,0.6363636363636364,0.6,636.2109679232851,9.315627289080433
P38_R19,38,19,0.5185185185185185,0.4074074074074074,0.0,27,0.8,-7.777777777777778,6,0.2222222222222222,5,0.1851851851851851,5,1,5,1,0.0,6,0.5,0,0.3333333333333333,0.4583333333333333,0.4583333333333333,-0.0909090909090909,24,0.8636363636363636,-6.875,1,2,7,13,4,0.6666666666666666,11,11,0.5454545454545454,0.3636363636363636,0.4666666666666667,457.0331666738916,8.83930825897793
P38_R20,38,20,0.5185185185185185,0.4074074074074074,0.0,27,0.8,-7.777777777777778,6,0.2222222222222222,5,0.1851851851851851,5,1,5,1,0.0,6,0.5,0,0.3333333333333333,0.4333333333333333,0.5,0.2307692307692307,30,0.75,-6.5,1,2,6,12,4,0.8333333333333334,18,18,0.5,0.4444444444444444,0.4,536.9784494437228,9.071404571658135
P38_R21,38,21,0.5185185185185185,0.4074074074074074,0.0,27,0.8,-7.777777777777778,6,0.2222222222222222,5,0.1851851851851851,5,1,5,1,0.0,6,0.5,0,0.3333333333333333,0.3666666666666666,0.5666666666666667,0.0909090909090909,30,0.8214285714285714,-5.5,1,2,6,12,4,0.6666666666666666,18,18,0.3888888888888889,0.5555555555555556,0.5333333333333333,508.8400514072468,8.993900901104578
P38_R22,38,22,0.5185185185185185,0.4074074074074074,0.0,27,0.8,-7.777777777777778,6,0.2222222222222222,5,0.1851851851851851,5,1,5,1,0.0,6,0.5,0,0.3333333333333333,0.3529411764705882,0.5294117647058824,-0.6666666666666666,17,0.7333333333333333,-5.294117647058824,0,999,999,999,0,0.3333333333333333,999,999,0.0,0.0,0.6,698.8744324524345,9.450952294792092
P38_R23,38,23,0.5185185185185185,0.4074074074074074,0.0,27,0.8,-7.777777777777778,6,0.2222222222222222,5,0.1851851851851851,5,1,5,1,0.0,6,0.5,0,0.3333333333333333,0.3055555555555556,0.6388888888888888,-0.2727272727272727,36,0.6176470588235294,-4.583333333333334,1,2,21,27,4,0.6666666666666666,9,9,0.2222222222222222,0.6666666666666666,0.4666666666666667,622.4642465538375,9.284163018797678
P38_R24,38,24,0.5185185185185185,0.4074074074074074,0.0,27,0.8,-7.777777777777778,6,0.2222222222222222,5,0.1851851851851851,5,1,5,1,0.0,6,0.5,0,0.3333333333333333,0.2666666666666666,0.6666666666666666,0.25,30,0.7857142857142857,-4.0,1,2,6,12,4,0.6666666666666666,18,18,0.2222222222222222,0.7222222222222222,0.6666666666666666,706.7156266760123,9.467025964773539
P38_R25,38,25,0.5185185185185185,0.4074074074074074,0.0,27,0.8,-7.777777777777778,6,0.2222222222222222,5,0.1851851851851851,5,1,5,1,0.0,6,0.5,0,0.3333333333333333,0.3666666666666666,0.5666666666666667,0.2727272727272727,30,0.8214285714285714,-5.5,1,2,6,12,4,0.6666666666666666,18,18,0.3888888888888889,0.5555555555555556,0.5333333333333333,840.4713758280521,9.716770386281476
P38_R26,38,26,0.5185185185185185,0.4074074074074074,0.0,27,0.8,-7.777777777777778,6,0.2222222222222222,5,0.1851851851851851,5,1,5,1,0.0,6,0.5,0,0.3333333333333333,0.4,0.5333333333333333,0.3333333333333333,30,0.7857142857142857,-6.0,1,2,6,12,4,0.8333333333333334,18,18,0.4444444444444444,0.5,0.4666666666666667,743.9918307277378,9.54108079543919
P38_R27,38,27,0.5185185185185185,0.4074074074074074,0.0,27,0.8,-7.777777777777778,6,0.2222222222222222,5,0.1851851851851851,5,1,5,1,0.0,6,0.5,0,0.3333333333333333,0.3333333333333333,0.6060606060606061,-0.0909090909090909,33,0.8387096774193549,-5.0,0,999,999,999,0,0.5,999,999,0.0,0.0,0.7333333333333333,976.9973756659347,9.933686783665095
P38_R28,38,28,0.5185185185185185,0.4074074074074074,0.0,27,0.8,-7.777777777777778,6,0.2222222222222222,5,0.1851851851851851,5,1,5,1,0.0,6,0.5,0,0.3333333333333333,0.3939393939393939,0.5454545454545454,0.0769230769230769,33,0.8709677419354839,-5.909090909090909,1,2,11,17,4,0.6666666666666666,16,16,0.4375,0.5,0.5333333333333333,964.9734025785983,9.915839655754795
P38_R29,38,29,0.5185185185185185,0.4074074074074074,0.0,27,0.8,-7.777777777777778,6,0.2222222222222222,5,0.1851851851851851,5,1,5,1,0.0,6,0.5,0,0.3333333333333333,0.3666666666666666,0.5666666666666667,0.0909090909090909,30,0.7857142857142857,-5.5,1,2,6,12,4,0.6666666666666666,18,18,0.3888888888888889,0.5555555555555556,0.6,1183.588542467004,10.210170321994102
P38_R30,38,30,0.5185185185185185,0.4074074074074074,0.0,27,0.8,-7.777777777777778,6,0.2222222222222222,5,0.1851851851851851,5,1,5,1,0.0,6,0.5,0,0.3333333333333333,0.4,0.5333333333333333,0.0,30,0.8214285714285714,-6.0,1,2,6,12,4,0.6666666666666666,18,18,0.4444444444444444,0.5,0.5333333333333333,1187.916765902568,10.215432002585983
P38_R31,38,31,0.5185185185185185,0.4074074074074074,0.0,27,0.8,-7.777777777777778,6,0.2222222222222222,5,0.1851851851851851,5,1,5,1,0.0,6,0.5,0,0.3333333333333333,0.4333333333333333,0.5,-0.0769230769230769,30,0.7857142857142857,-6.5,1,2,6,12,4,0.6666666666666666,18,18,0.5,0.4444444444444444,0.4666666666666667,1244.0806138545413,10.28202343855631
P38_R32,38,32,0.5185185185185185,0.4074074074074074,0.0,27,0.8,-7.777777777777778,6,0.2222222222222222,5,0.1851851851851851,5,1,5,1,0.0,6,0.5,0,0.3333333333333333,0.4,0.5333333333333333,0.1666666666666666,30,0.8571428571428571,-6.0,1,2,6,12,4,0.8333333333333334,18,18,0.4444444444444444,0.5,0.5333333333333333,1565.062250166182,10.6129258448141
P38_R33,38,33,0.5185185185185185,0.4074074074074074,0.0,27,0.8,-7.777777777777778,6,0.2222222222222222,5,0.1851851851851851,5,1,5,1,0.0,6,0.5,0,0.3333333333333333,0.3636363636363636,0.5757575757575758,0.0,33,0.7419354838709677,-5.454545454545455,1,2,13,19,4,0.6666666666666666,14,14,0.2142857142857142,0.7142857142857143,0.6666666666666666,2347.9748835959927,11.197815572084044
P38_R34,38,34,0.5185185185185185,0.4074074074074074,0.0,27,0.8,-7.777777777777778,6,0.2222222222222222,5,0.1851851851851851,5,1,5,1,0.0,6,0.5,0,0.3333333333333333,0.3666666666666666,0.5666666666666667,0.0909090909090909,30,0.8571428571428571,-5.5,1,2,6,12,4,0.6666666666666666,18,18,0.3888888888888889,0.5555555555555556,0.4666666666666667,2298.586370607033,11.167158669858237
P38_R35,38,35,0.5185185185185185,0.4074074074074074,0.0,27,0.8,-7.777777777777778,6,0.2222222222222222,5,0.1851851851851851,5,1,5,1,0.0,6,0.5,0,0.3333333333333333,0.303030303030303,0.6363636363636364,0.0,33,0.8064516129032258,-4.545454545454546,1,2,16,22,4,0.6666666666666666,11,11,0.2727272727272727,0.6363636363636364,0.6,1771.3460699925722,10.791444618077932
P38_R36,38,36,0.5185185185185185,0.4074074074074074,0.0,27,0.8,-7.777777777777778,6,0.2222222222222222,5,0.1851851851851851,5,1,5,1,0.0,6,0.5,0,0.3333333333333333,0.3636363636363636,0.5757575757575758,0.0,33,0.9032258064516128,-5.454545454545455,0,999,999,999,0,0.5,999,999,0.0,0.0,0.6,2585.353118744048,11.336703546616832
P38_R37,38,37,0.5185185185185185,0.4074074074074074,0.0,27,0.8,-7.777777777777778,6,0.2222222222222222,5,0.1851851851851851,5,1,5,1,0.0,6,0.5,0,0.3333333333333333,0.3333333333333333,0.6060606060606061,-0.0909090909090909,33,0.8064516129032258,-5.0,0,999,999,999,0,0.5,999,999,0.0,0.0,0.6,2511.606534365544,11.294969052433233
P38_R38,38,38,0.5185185185185185,0.4074074074074074,0.0,27,0.8,-7.777777777777778,6,0.2222222222222222,5,0.1851851851851851,5,1,5,1,0.0,6,0.5,0,0.3333333333333333,0.3636363636363636,0.5757575757575758,-0.1666666666666666,33,0.8064516129032258,-5.454545454545455,0,999,999,999,0,0.5,999,999,0.0,0.0,0.6666666666666666,3784.7533207446986,11.88636469292169
P38_R39,38,39,0.5185185185185185,0.4074074074074074,0.0,27,0.8,-7.777777777777778,6,0.2222222222222222,5,0.1851851851851851,5,1,5,1,0.0,6,0.5,0,0.3333333333333333,0.3939393939393939,0.5454545454545454,-0.0769230769230769,33,0.8709677419354839,-5.909090909090909,1,2,16,22,4,0.6666666666666666,11,11,0.1818181818181818,0.7272727272727273,0.6,3799.377669204743,11.891927080695837
P38_R40,38,40,0.5185185185185185,0.4074074074074074,0.0,27,0.8,-7.777777777777778,6,0.2222222222222222,5,0.1851851851851851,5,1,5,1,0.0,6,0.5,0,0.3333333333333333,0.3666666666666666,0.5666666666666667,0.2727272727272727,30,0.8571428571428571,-5.5,1,2,6,12,4,0.8333333333333334,18,18,0.3888888888888889,0.5555555555555556,0.6,3573.4574128412714,11.803508548311983
P38_R41,38,41,0.5185185185185185,0.4074074074074074,0.0,27,0.8,-7.777777777777778,6,0.2222222222222222,5,0.1851851851851851,5,1,5,1,0.0,6,0.5,0,0.3333333333333333,0.4,0.5333333333333333,0.1666666666666666,30,0.7857142857142857,-6.0,1,2,6,12,4,0.6666666666666666,18,18,0.4444444444444444,0.5,0.5333333333333333,3964.7943257880606,11.95339414305087
P38_R42,38,42,0.5185185185185185,0.4074074074074074,0.0,27,0.8,-7.777777777777778,6,0.2222222222222222,5,0.1851851851851851,5,1,5,1,0.0,6,0.5,0,0.3333333333333333,0.3333333333333333,0.6060606060606061,0.0909090909090909,33,0.8709677419354839,-5.0,0,999,999,999,0,0.5,999,999,0.0,0.0,0.6,4177.5374531772595,12.02878235178366
P38_R43,38,43,0.5185185185185185,0.4074074074074074,0.0,27,0.8,-7.777777777777778,6,0.2222222222222222,5,0.1851851851851851,5,1,5,1,0.0,6,0.5,0,0.3333333333333333,0.4,0.5333333333333333,0.1666666666666666,30,0.8571428571428571,-6.0,1,2,6,12,4,0.6666666666666666,18,18,0.4444444444444444,0.5,0.5333333333333333,9960.66343086505,13.28217095296785
P38_R44,38,44,0.5185185185185185,0.4074074074074074,0.0,27,0.8,-7.777777777777778,6,0.2222222222222222,5,0.1851851851851851,5,1,5,1,0.0,6,0.5,0,0.3333333333333333,0.3333333333333333,0.6,0.2,30,0.8214285714285714,-5.0,1,2,6,12,4,0.6666666666666666,18,18,0.3333333333333333,0.6111111111111112,0.5333333333333333,13667.01100796581,13.738515694349907
P38_R45,38,45,0.5185185185185185,0.4074074074074074,0.0,27,0.8,-7.777777777777778,6,0.2222222222222222,5,0.1851851851851851,5,1,5,1,0.0,6,0.5,0,0.3333333333333333,0.3666666666666666,0.5666666666666667,0.0909090909090909,30,0.75,-5.5,1,2,6,12,4,0.6666666666666666,18,18,0.3888888888888889,0.5555555555555556,0.5333333333333333,15429.604169843564,13.913506929842606
P38_R46,38,46,0.5185185185185185,0.4074074074074074,0.0,27,0.8,-7.777777777777778,6,0.2222222222222222,5,0.1851851851851851,5,1,5,1,0.0,6,0.5,0,0.3333333333333333,0.3939393939393939,0.5454545454545454,0.0769230769230769,33,0.9032258064516128,-5.909090909090909,0,999,999,999,0,0.5,999,999,0.0,0.0,0.6,19840.361773319622,14.276223425243716
P38_R47,38,47,0.5185185185185185,0.4074074074074074,0.0,27,0.8,-7.777777777777778,6,0.2222222222222222,5,0.1851851851851851,5,1,5,1,0.0,6,0.5,0,0.3333333333333333,0.3939393939393939,0.5454545454545454,0.0769230769230769,33,0.935483870967742,-5.909090909090909,1,2,16,22,4,0.6666666666666666,11,11,0.2727272727272727,0.6363636363636364,0.6,21264.277985060187,14.37621209390868
P39_R0,39,0,0.54,0.42,0.037037037037037,50,0.6875,-8.100000000000001,10,0.2,7,0.14,5,1,4,2,0.45,6,0.6666666666666666,0,0.3333333333333333,0.3333333333333333,0.6,0.2,30,0.8214285714285714,-5.0,1,2,6,12,4,0.6666666666666666,18,18,0.3333333333333333,0.6111111111111112,0.6,60.77401599886262,5.948928219868899
P39_R1,39,1,0.54,0.42,0.037037037037037,50,0.6875,-8.100000000000001,10,0.2,7,0.14,5,1,4,2,0.45,6,0.6666666666666666,0,0.3333333333333333,0.3333333333333333,0.6,0.0,30,0.8214285714285714,-5.0,1,2,6,12,4,0.6666666666666666,18,18,0.3333333333333333,0.6111111111111112,0.6,72.67718709759082,6.203146077084486
P39_R2,39,2,0.54,0.42,0.037037037037037,50,0.6875,-8.100000000000001,10,0.2,7,0.14,5,1,4,2,0.45,6,0.6666666666666666,0,0.3333333333333333,0.3636363636363636,0.5757575757575758,0.0,33,0.8709677419354839,-5.454545454545455,1,2,16,22,4,0.6666666666666666,11,11,0.2727272727272727,0.6363636363636364,0.6,87.13136005798681,6.461583564086461
P39_R3,39,3,0.54,0.42,0.037037037037037,50,0.6875,-8.100000000000001,10,0.2,7,0.14,5,1,4,2,0.45,6,0.6666666666666666,0,0.3333333333333333,0.4,0.5333333333333333,0.1666666666666666,30,0.8928571428571429,-6.0,1,2,6,12,4,0.8333333333333334,18,18,0.4444444444444444,0.5,0.5333333333333333,131.57718802685338,7.050688748394377
P39_R4,39,4,0.54,0.42,0.037037037037037,50,0.6875,-8.100000000000001,10,0.2,7,0.14,5,1,4,2,0.45,6,0.6666666666666666,0,0.3333333333333333,0.4,0.5333333333333333,0.1666666666666666,30,0.8214285714285714,-6.0,1,2,6,12,4,0.6666666666666666,18,18,0.4444444444444444,0.5,0.4666666666666667,251.79866159625885,7.981845015182338
P39_R5,39,5,0.54,0.42,0.037037037037037,50,0.6875,-8.100000000000001,10,0.2,7,0.14,5,1,4,2,0.45,6,0.6666666666666666,0,0.3333333333333333,0.3636363636363636,0.5757575757575758,0.0,33,0.8709677419354839,-5.454545454545455,1,1,11,17,5,0.8333333333333334,16,16,0.375,0.5625,0.6,400.6763000144227,8.64988953076889
P39_R6,39,6,0.54,0.42,0.037037037037037,50,0.6875,-8.100000000000001,10,0.2,7,0.14,5,1,4,2,0.45,6,0.6666666666666666,0,0.3333333333333333,0.3,0.6333333333333333,0.1111111111111111,30,0.8214285714285714,-4.5,1,2,6,12,4,0.6666666666666666,18,18,0.2777777777777778,0.6666666666666666,0.6,385.043742092167,8.592620516345947
P39_R7,39,7,0.54,0.42,0.037037037037037,50,0.6875,-8.100000000000001,10,0.2,7,0.14,5,1,4,2,0.45,6,0.6666666666666666,0,0.3333333333333333,0.3666666666666666,0.5666666666666667,0.2727272727272727,30,0.9285714285714286,-5.5,1,2,6,12,4,0.6666666666666666,18,18,0.3888888888888889,0.5555555555555556,0.4666666666666667,252.3977121017272,7.985259688387649
P39_R8,39,8,0.54,0.42,0.037037037037037,50,0.6875,-8.100000000000001,10,0.2,7,0.14,5,1,4,2,0.45,6,0.6666666666666666,0,0.3333333333333333,0.3333333333333333,0.6060606060606061,-0.0909090909090909,33,0.935483870967742,-5.0,1,1,16,22,5,0.8333333333333334,11,11,0.1818181818181818,0.7272727272727273,0.6666666666666666,377.94560285668933,8.56584695605667
P39_R9,39,9,0.54,0.42,0.037037037037037,50,0.6875,-8.100000000000001,10,0.2,7,0.14,5,1,4,2,0.45,6,0.6666666666666666,0,0.3333333333333333,0.4333333333333333,0.5,-0.0769230769230769,30,0.8214285714285714,-6.5,1,2,6,12,4,0.6666666666666666,18,18,0.5,0.4444444444444444,0.4,439.72090512773264,8.783721520719096
P39_R10,39,10,0.54,0.42,0.037037037037037,50,0.6875,-8.100000000000001,10,0.2,7,0.14,5,1,4,2,0.45,6,0.6666666666666666,0,0.3333333333333333,0.3636363636363636,0.5757575757575758,0.0,33,0.8709677419354839,-5.454545454545455,1,2,13,19,4,0.6666666666666666,14,14,0.3571428571428571,0.5714285714285714,0.5333333333333333,338.1716338208354,8.405871706794752
P39_R11,39,11,0.54,0.42,0.037037037037037,50,0.6875,-8.100000000000001,10,0.2,7,0.14,5,1,4,2,0.45,6,0.6666666666666666,0,0.3333333333333333,0.3333333333333333,0.6060606060606061,-0.0909090909090909,33,0.9032258064516128,-5.0,1,2,11,17,4,0.6666666666666666,16,16,0.375,0.5625,0.6,410.56639151984274,8.684981366449477
P39_R12,39,12,0.54,0.42,0.037037037037037,50,0.6875,-8.100000000000001,10,0.2,7,0.14,5,1,4,2,0.45,6,0.6666666666666666,0,0.3333333333333333,0.3666666666666666,0.5666666666666667,0.2727272727272727,30,0.8214285714285714,-5.5,1,2,6,12,4,0.8333333333333334,18,18,0.3888888888888889,0.5555555555555556,0.6,309.0596065412632,8.276401778806855
P39_R13,39,13,0.54,0.42,0.037037037037037,50,0.6875,-8.100000000000001,10,0.2,7,0.14,5,1,4,2,0.45,6,0.6666666666666666,0,0.3333333333333333,0.3333333333333333,0.6,0.0,30,0.7857142857142857,-5.0,1,2,6,12,4,0.6666666666666666,18,18,0.3333333333333333,0.6111111111111112,0.5333333333333333,440.6486909432354,8.786755425092673
P39_R14,39,14,0.54,0.42,0.037037037037037,50,0.6875,-8.100000000000001,10,0.2,7,0.14,5,1,4,2,0.45,6,0.6666666666666666,0,0.3333333333333333,0.3055555555555556,0.6388888888888888,0.0909090909090909,36,0.7941176470588235,-4.583333333333334,1,2,16,22,4,1.0,14,14,0.4285714285714285,0.5,0.4666666666666667,375.40641937322044,8.556147422301692
P39_R15,39,15,0.54,0.42,0.037037037037037,50,0.6875,-8.100000000000001,10,0.2,7,0.14,5,1,4,2,0.45,6,0.6666666666666666,0,0.3333333333333333,0.3333333333333333,0.6060606060606061,0.0909090909090909,33,0.8064516129032258,-5.0,1,2,15,21,4,0.6666666666666666,12,12,0.25,0.6666666666666666,0.6,493.49100018899895,8.949800453730083
P39_R16,39,16,0.54,0.42,0.037037037037037,50,0.6875,-8.100000000000001,10,0.2,7,0.14,5,1,4,2,0.45,6,0.6666666666666666,0,0.3333333333333333,0.4,0.5333333333333333,0.1666666666666666,30,0.8214285714285714,-6.0,1,2,6,12,4,0.6666666666666666,18,18,0.4444444444444444,0.5,0.5333333333333333,417.22793385981146,8.708145613957484
P39_R17,39,17,0.54,0.42,0.037037037037037,50,0.6875,-8.100000000000001,10,0.2,7,0.14,5,1,4,2,0.45,6,0.6666666666666666,0,0.3333333333333333,0.3939393939393939,0.5454545454545454,-0.0769230769230769,33,0.9032258064516128,-5.909090909090909,1,1,16,22,5,0.8333333333333334,11,11,0.2727272727272727,0.6363636363636364,0.5333333333333333,595.3040739758959,9.219904383127021
P39_R18,39,18,0.54,0.42,0.037037037037037,50,0.6875,-8.100000000000001,10,0.2,7,0.14,5,1,4,2,0.45,6,0.6666666666666666,0,0.3333333333333333,0.3636363636363636,0.5757575757575758,-0.1666666666666666,33,0.935483870967742,-5.454545454545455,1,2,16,22,4,0.6666666666666666,11,11,0.2727272727272727,0.6363636363636364,0.6,654.7966862524263,9.357104801570856
P39_R19,39,19,0.54,0.42,0.037037037037037,50,0.6875,-8.100000000000001,10,0.2,7,0.14,5,1,4,2,0.45,6,0.6666666666666666,0,0.3333333333333333,0.4583333333333333,0.4583333333333333,-0.0909090909090909,24,0.8636363636363636,-6.875,1,2,7,13,4,0.6666666666666666,11,11,0.5454545454545454,0.3636363636363636,0.4666666666666667,512.2668742505435,9.003565343180005
P39_R20,39,20,0.54,0.42,0.037037037037037,50,0.6875,-8.100000000000001,10,0.2,7,0.14,5,1,4,2,0.45,6,0.6666666666666666,0,0.3333333333333333,0.4333333333333333,0.5,0.2307692307692307,30,0.75,-6.5,1,2,6,12,4,0.8333333333333334,18,18,0.5,0.4444444444444444,0.4,554.9759926270624,9.118878777641388
P39_R21,39,21,0.54,0.42,0.037037037037037,50,0.6875,-8.100000000000001,10,0.2,7,0.14,5,1,4,2,0.45,6,0.6666666666666666,0,0.3333333333333333,0.3666666666666666,0.5666666666666667,0.0909090909090909,30,0.8214285714285714,-5.5,1,2,6,12,4,0.6666666666666666,18,18,0.3888888888888889,0.5555555555555556,0.5333333333333333,503.3824981477864,8.978374405422084
P39_R22,39,22,0.54,0.42,0.037037037037037,50,0.6875,-8.100000000000001,10,0.2,7,0.14,5,1,4,2,0.45,6,0.6666666666666666,0,0.3333333333333333,0.3529411764705882,0.5294117647058824,-0.6666666666666666,17,0.7333333333333333,-5.294117647058824,0,999,999,999,0,0.3333333333333333,999,999,0.0,0.0,0.6,672.8790138423074,9.396345787416994
P39_R23,39,23,0.54,0.42,0.037037037037037,50,0.6875,-8.100000000000001,10,0.2,7,0.14,5,1,4,2,0.45,6,0.6666666666666666,0,0.3333333333333333,0.3055555555555556,0.6388888888888888,-0.2727272727272727,36,0.6176470588235294,-4.583333333333334,1,2,21,27,4,0.6666666666666666,9,9,0.2222222222222222,0.6666666666666666,0.4666666666666667,679.3617419317358,9.41015820749974
P39_R24,39,24,0.54,0.42,0.037037037037037,50,0.6875,-8.100000000000001,10,0.2,7,0.14,5,1,4,2,0.45,6,0.6666666666666666,0,0.3333333333333333,0.2666666666666666,0.6666666666666666,0.25,30,0.7857142857142857,-4.0,1,2,6,12,4,0.6666666666666666,18,18,0.2222222222222222,0.7222222222222222,0.6666666666666666,597.4190138805006,9.225012205233076
P39_R25,39,25,0.54,0.42,0.037037037037037,50,0.6875,-8.100000000000001,10,0.2,7,0.14,5,1,4,2,0.45,6,0.6666666666666666,0,0.3333333333333333,0.3666666666666666,0.5666666666666667,0.2727272727272727,30,0.8214285714285714,-5.5,1,2,6,12,4,0.6666666666666666,18,18,0.3888888888888889,0.5555555555555556,0.5333333333333333,820.2996905954928,9.681764944350627
P39_R26,39,26,0.54,0.42,0.037037037037037,50,0.6875,-8.100000000000001,10,0.2,7,0.14,5,1,4,2,0.45,6,0.6666666666666666,0,0.3333333333333333,0.4,0.5333333333333333,0.3333333333333333,30,0.7857142857142857,-6.0,1,2,6,12,4,0.8333333333333334,18,18,0.4444444444444444,0.5,0.4666666666666667,771.0295302960901,9.592512221720055
P39_R27,39,27,0.54,0.42,0.037037037037037,50,0.6875,-8.100000000000001,10,0.2,7,0.14,5,1,4,2,0.45,6,0.6666666666666666,0,0.3333333333333333,0.3333333333333333,0.6060606060606061,-0.0909090909090909,33,0.8387096774193549,-5.0,0,999,999,999,0,0.5,999,999,0.0,0.0,0.7333333333333333,808.6709013385566,9.66119181939535
P39_R28,39,28,0.54,0.42,0.037037037037037,50,0.6875,-8.100000000000001,10,0.2,7,0.14,5,1,4,2,0.45,6,0.6666666666666666,0,0.3333333333333333,0.3939393939393939,0.5454545454545454,0.0769230769230769,33,0.8709677419354839,-5.909090909090909,1,2,11,17,4,0.6666666666666666,16,16,0.4375,0.5,0.5333333333333333,935.2147040212697,9.870695613713696
P39_R29,39,29,0.54,0.42,0.037037037037037,50,0.6875,-8.100000000000001,10,0.2,7,0.14,5,1,4,2,0.45,6,0.6666666666666666,0,0.3333333333333333,0.3666666666666666,0.5666666666666667,0.0909090909090909,30,0.7857142857142857,-5.5,1,2,6,12,4,0.6666666666666666,18,18,0.3888888888888889,0.5555555555555556,0.6,1265.4025128547205,10.306520307915207
P39_R30,39,30,0.54,0.42,0.037037037037037,50,0.6875,-8.100000000000001,10,0.2,7,0.14,5,1,4,2,0.45,6,0.6666666666666666,0,0.3333333333333333,0.4,0.5333333333333333,0.0,30,0.8214285714285714,-6.0,1,2,6,12,4,0.6666666666666666,18,18,0.4444444444444444,0.5,0.5333333333333333,1219.3686884047056,10.253101354235081
P39_R31,39,31,0.54,0.42,0.037037037037037,50,0.6875,-8.100000000000001,10,0.2,7,0.14,5,1,4,2,0.45,6,0.6666666666666666,0,0.3333333333333333,0.4333333333333333,0.5,-0.0769230769230769,30,0.7857142857142857,-6.5,1,2,6,12,4,0.6666666666666666,18,18,0.5,0.4444444444444444,0.4666666666666667,1362.9394235665723,10.41356385625235
P39_R32,39,32,0.54,0.42,0.037037037037037,50,0.6875,-8.100000000000001,10,0.2,7,0.14,5,1,4,2,0.45,6,0.6666666666666666,0,0.3333333333333333,0.4,0.5333333333333333,0.1666666666666666,30,0.8571428571428571,-6.0,1,2,6,12,4,0.8333333333333334,18,18,0.4444444444444444,0.5,0.5333333333333333,1773.6682935004733,10.793333677706132
P39_R33,39,33,0.54,0.42,0.037037037037037,50,0.6875,-8.100000000000001,10,0.2,7,0.14,5,1,4,2,0.45,6,0.6666666666666666,0,0.3333333333333333,0.3636363636363636,0.5757575757575758,0.0,33,0.7419354838709677,-5.454545454545455,1,2,13,19,4,0.6666666666666666,14,14,0.2142857142857142,0.7142857142857143,0.6666666666666666,1698.6191742607552,10.730995809287812
P39_R34,39,34,0.54,0.42,0.037037037037037,50,0.6875,-8.100000000000001,10,0.2,7,0.14,5,1,4,2,0.45,6,0.6666666666666666,0,0.3333333333333333,0.3666666666666666,0.5666666666666667,0.0909090909090909,30,0.8571428571428571,-5.5,1,2,6,12,4,0.6666666666666666,18,18,0.3888888888888889,0.5555555555555556,0.4666666666666667,2192.635107164467,11.099107850118148
P39_R35,39,35,0.54,0.42,0.037037037037037,50,0.6875,-8.100000000000001,10,0.2,7,0.14,5,1,4,2,0.45,6,0.6666666666666666,0,0.3333333333333333,0.303030303030303,0.6363636363636364,0.0,33,0.8064516129032258,-4.545454545454546,1,2,16,22,4,0.6666666666666666,11,11,0.2727272727272727,0.6363636363636364,0.6,2248.679547201188,11.135503797842572
P39_R36,39,36,0.54,0.42,0.037037037037037,50,0.6875,-8.100000000000001,10,0.2,7,0.14,5,1,4,2,0.45,6,0.6666666666666666,0,0.3333333333333333,0.3636363636363636,0.5757575757575758,0.0,33,0.9032258064516128,-5.454545454545455,0,999,999,999,0,0.5,999,999,0.0,0.0,0.6,2199.00433933406,11.103290654016366
P39_R37,39,37,0.54,0.42,0.037037037037037,50,0.6875,-8.100000000000001,10,0.2,7,0.14,5,1,4,2,0.45,6,0.6666666666666666,0,0.3333333333333333,0.3333333333333333,0.6060606060606061,-0.0909090909090909,33,0.8064516129032258,-5.0,0,999,999,999,0,0.5,999,999,0.0,0.0,0.6,3176.8613559383057,11.63384046867405
P39_R38,39,38,0.54,0.42,0.037037037037037,50,0.6875,-8.100000000000001,10,0.2,7,0.14,5,1,4,2,0.45,6,0.6666666666666666,0,0.3333333333333333,0.3636363636363636,0.5757575757575758,-0.1666666666666666,33,0.8064516129032258,-5.454545454545455,0,999,999,999,0,0.5,999,999,0.0,0.0,0.6666666666666666,2742.8554202267533,11.421988749402708
P39_R39,39,39,0.54,0.42,0.037037037037037,50,0.6875,-8.100000000000001,10,0.2,7,0.14,5,1,4,2,0.45,6,0.6666666666666666,0,0.3333333333333333,0.3939393939393939,0.5454545454545454,-0.0769230769230769,33,0.8709677419354839,-5.909090909090909,1,2,16,22,4,0.6666666666666666,11,11,0.1818181818181818,0.7272727272727273,0.6,3541.875294056691,11.790704969476957
P39_R40,39,40,0.54,0.42,0.037037037037037,50,0.6875,-8.100000000000001,10,0.2,7,0.14,5,1,4,2,0.45,6,0.6666666666666666,0,0.3333333333333333,0.3666666666666666,0.5666666666666667,0.2727272727272727,30,0.8571428571428571,-5.5,1,2,6,12,4,0.8333333333333334,18,18,0.3888888888888889,0.5555555555555556,0.6,3742.636663104162,11.870224706289012
P39_R41,39,41,0.54,0.42,0.037037037037037,50,0.6875,-8.100000000000001,10,0.2,7,0.14,5,1,4,2,0.45,6,0.6666666666666666,0,0.3333333333333333,0.4,0.5333333333333333,0.1666666666666666,30,0.7857142857142857,-6.0,1,2,6,12,4,0.6666666666666666,18,18,0.4444444444444444,0.5,0.5333333333333333,2517.4735557900326,11.29833386730366
P39_R42,39,42,0.54,0.42,0.037037037037037,50,0.6875,-8.100000000000001,10,0.2,7,0.14,5,1,4,2,0.45,6,0.6666666666666666,0,0.3333333333333333,0.3333333333333333,0.6060606060606061,0.0909090909090909,33,0.8709677419354839,-5.0,0,999,999,999,0,0.5,999,999,0.0,0.0,0.6,5189.220065800364,12.341579994942354
P39_R43,39,43,0.54,0.42,0.037037037037037,50,0.6875,-8.100000000000001,10,0.2,7,0.14,5,1,4,2,0.45,6,0.6666666666666666,0,0.3333333333333333,0.4,0.5333333333333333,0.1666666666666666,30,0.8571428571428571,-6.0,1,2,6,12,4,0.6666666666666666,18,18,0.4444444444444444,0.5,0.5333333333333333,5735.534638891769,12.485963772602457
P39_R44,39,44,0.54,0.42,0.037037037037037,50,0.6875,-8.100000000000001,10,0.2,7,0.14,5,1,4,2,0.45,6,0.6666666666666666,0,0.3333333333333333,0.3333333333333333,0.6,0.2,30,0.8214285714285714,-5.0,1,2,6,12,4,0.6666666666666666,18,18,0.3333333333333333,0.6111111111111112,0.5333333333333333,13265.346567717399,13.695483499742592
P39_R45,39,45,0.54,0.42,0.037037037037037,50,0.6875,-8.100000000000001,10,0.2,7,0.14,5,1,4,2,0.45,6,0.6666666666666666,0,0.3333333333333333,0.3666666666666666,0.5666666666666667,0.0909090909090909,30,0.75,-5.5,1,2,6,12,4,0.6666666666666666,18,18,0.3888888888888889,0.5555555555555556,0.5333333333333333,17491.508000181337,14.094449531017428
P39_R46,39,46,0.54,0.42,0.037037037037037,50,0.6875,-8.100000000000001,10,0.2,7,0.14,5,1,4,2,0.45,6,0.6666666666666666,0,0.3333333333333333,0.3939393939393939,0.5454545454545454,0.0769230769230769,33,0.9032258064516128,-5.909090909090909,0,999,999,999,0,0.5,999,999,0.0,0.0,0.6,16714.82317814643,14.028926782413071
P39_R47,39,47,0.54,0.42,0.037037037037037,50,0.6875,-8.100000000000001,10,0.2,7,0.14,5,1,4,2,0.45,6,0.6666666666666666,0,0.3333333333333333,0.3939393939393939,0.5454545454545454,0.0769230769230769,33,0.935483870967742,-5.909090909090909,1,2,16,22,4,0.6666666666666666,11,11,0.2727272727272727,0.6363636363636364,0.6,18696.426845027338,14.190552118467167
P40_R0,40,0,0.5,0.4666666666666667,0.0666666666666666,60,0.6551724137931034,-7.5,10,0.1666666666666666,12,0.2,6,0,5,1,0.6,6,0.3333333333333333,0,0.3333333333333333,0.3333333333333333,0.6,0.2,30,0.8214285714285714,-5.0,1,2,6,12,4,0.6666666666666666,18,18,0.3333333333333333,0.6111111111111112,0.6,58.073483407594665,5.884438781279832
P40_R1,40,1,0.5,0.4666666666666667,0.0666666666666666,60,0.6551724137931034,-7.5,10,0.1666666666666666,12,0.2,6,0,5,1,0.6,6,0.3333333333333333,0,0.3333333333333333,0.3333333333333333,0.6,0.0,30,0.8214285714285714,-5.0,1,2,6,12,4,0.6666666666666666,18,18,0.3333333333333333,0.6111111111111112,0.6,104.10465667033677,6.715682779211595
P40_R2,40,2,0.5,0.4666666666666667,0.0666666666666666,60,0.6551724137931034,-7.5,10,0.1666666666666666,12,0.2,6,0,5,1,0.6,6,0.3333333333333333,0,0.3333333333333333,0.3636363636363636,0.5757575757575758,0.0,33,0.8709677419354839,-5.454545454545455,1,2,16,22,4,0.6666666666666666,11,11,0.2727272727272727,0.6363636363636364,0.6,78.65259167763708,6.31564939875528
P40_R3,40,3,0.5,0.4666666666666667,0.0666666666666666,60,0.6551724137931034,-7.5,10,0.1666666666666666,12,0.2,6,0,5,1,0.6,6,0.3333333333333333,0,0.3333333333333333,0.4,0.5333333333333333,0.1666666666666666,30,0.8928571428571429,-6.0,1,2,6,12,4,0.8333333333333334,18,18,0.4444444444444444,0.5,0.5333333333333333,210.47778339346578,7.724362300062744
P40_R4,40,4,0.5,0.4666666666666667,0.0666666666666666,60,0.6551724137931034,-7.5,10,0.1666666666666666,12,0.2,6,0,5,1,0.6,6,0.3333333333333333,0,0.3333333333333333,0.4,0.5333333333333333,0.1666666666666666,30,0.8214285714285714,-6.0,1,2,6,12,4,0.6666666666666666,18,18,0.4444444444444444,0.5,0.4666666666666667,229.76766726432538,7.850297292679021
P40_R5,40,5,0.5,0.4666666666666667,0.0666666666666666,60,0.6551724137931034,-7.5,10,0.1666666666666666,12,0.2,6,0,5,1,0.6,6,0.3333333333333333,0,0.3333333333333333,0.3636363636363636,0.5757575757575758,0.0,33,0.8709677419354839,-5.454545454545455,1,1,11,17,5,0.8333333333333334,16,16,0.375,0.5625,0.6,262.2074204280496,8.040056352342718
P40_R6,40,6,0.5,0.4666666666666667,0.0666666666666666,60,0.6551724137931034,-7.5,10,0.1666666666666666,12,0.2,6,0,5,1,0.6,6,0.3333333333333333,0,0.3333333333333333,0.3,0.6333333333333333,0.1111111111111111,30,0.8214285714285714,-4.5,1,2,6,12,4,0.6666666666666666,18,18,0.2777777777777778,0.6666666666666666,0.6,292.44272171675533,8.19693511505348
P40_R7,40,7,0.5,0.4666666666666667,0.0666666666666666,60,0.6551724137931034,-7.5,10,0.1666666666666666,12,0.2,6,0,5,1,0.6,6,0.3333333333333333,0,0.3333333333333333,0.3666666666666666,0.5666666666666667,0.2727272727272727,30,0.9285714285714286,-5.5,1,2,6,12,4,0.6666666666666666,18,18,0.3888888888888889,0.5555555555555556,0.4666666666666667,283.8692007114025,8.15415583957662
P40_R8,40,8,0.5,0.4666666666666667,0.0666666666666666,60,0.6551724137931034,-7.5,10,0.1666666666666666,12,0.2,6,0,5,1,0.6,6,0.3333333333333333,0,0.3333333333333333,0.3333333333333333,0.6060606060606061,-0.0909090909090909,33,0.935483870967742,-5.0,1,1,16,22,5,0.8333333333333334,11,11,0.1818181818181818,0.7272727272727273,0.6666666666666666,396.28527364272804,8.634031507146464
P40_R9,40,9,0.5,0.4666666666666667,0.0666666666666666,60,0.6551724137931034,-7.5,10,0.1666666666666666,12,0.2,6,0,5,1,0.6,6,0.3333333333333333,0,0.3333333333333333,0.4333333333333333,0.5,-0.0769230769230769,30,0.8214285714285714,-6.5,1,2,6,12,4,0.6666666666666666,18,18,0.5,0.4444444444444444,0.4,407.0218710068734,8.672502676156483
P40_R10,40,10,0.5,0.4666666666666667,0.0666666666666666,60,0.6551724137931034,-7.5,10,0.1666666666666666,12,0.2,6,0,5,1,0.6,6,0.3333333333333333,0,0.3333333333333333,0.3636363636363636,0.5757575757575758,0.0,33,0.8709677419354839,-5.454545454545455,1,2,13,19,4,0.6666666666666666,14,14,0.3571428571428571,0.5714285714285714,0.5333333333333333,287.2575985189557,8.171214827837824
P40_R11,40,11,0.5,0.4666666666666667,0.0666666666666666,60,0.6551724137931034,-7.5,10,0.1666666666666666,12,0.2,6,0,5,1,0.6,6,0.3333333333333333,0,0.3333333333333333,0.3333333333333333,0.6060606060606061,-0.0909090909090909,33,0.9032258064516128,-5.0,1,2,11,17,4,0.6666666666666666,16,16,0.375,0.5625,0.6,390.7078913182348,8.613634382783845
P40_R12,40,12,0.5,0.4666666666666667,0.0666666666666666,60,0.6551724137931034,-7.5,10,0.1666666666666666,12,0.2,6,0,5,1,0.6,6,0.3333333333333333,0,0.3333333333333333,0.3666666666666666,0.5666666666666667,0.2727272727272727,30,0.8214285714285714,-5.5,1,2,6,12,4,0.8333333333333334,18,18,0.3888888888888889,0.5555555555555556,0.6,376.68856217063353,8.561053283985524
P40_R13,40,13,0.5,0.4666666666666667,0.0666666666666666,60,0.6551724137931034,-7.5,10,0.1666666666666666,12,0.2,6,0,5,1,0.6,6,0.3333333333333333,0,0.3333333333333333,0.3333333333333333,0.6,0.0,30,0.7857142857142857,-5.0,1,2,6,12,4,0.6666666666666666,18,18,0.3333333333333333,0.6111111111111112,0.5333333333333333,527.6549107399156,9.046182473509054
P40_R14,40,14,0.5,0.4666666666666667,0.0666666666666666,60,0.6551724137931034,-7.5,10,0.1666666666666666,12,0.2,6,0,5,1,0.6,6,0.3333333333333333,0,0.3333333333333333,0.3055555555555556,0.6388888888888888,0.0909090909090909,36,0.7941176470588235,-4.583333333333334,1,2,16,22,4,1.0,14,14,0.4285714285714285,0.5,0.4666666666666667,369.15137815003766,8.531971589821886
P40_R15,40,15,0.5,0.4666666666666667,0.0666666666666666,60,0.6551724137931034,-7.5,10,0.1666666666666666,12,0.2,6,0,5,1,0.6,6,0.3333333333333333,0,0.3333333333333333,0.3333333333333333,0.6060606060606061,0.0909090909090909,33,0.8064516129032258,-5.0,1,2,15,21,4,0.6666666666666666,12,12,0.25,0.6666666666666666,0.6,625.387975558584,9.290912708009513
P40_R16,40,16,0.5,0.4666666666666667,0.0666666666666666,60,0.6551724137931034,-7.5,10,0.1666666666666666,12,0.2,6,0,5,1,0.6,6,0.3333333333333333,0,0.3333333333333333,0.4,0.5333333333333333,0.1666666666666666,30,0.8214285714285714,-6.0,1,2,6,12,4,0.6666666666666666,18,18,0.4444444444444444,0.5,0.5333333333333333,538.6130377692878,9.075781395914616
P40_R17,40,17,0.5,0.4666666666666667,0.0666666666666666,60,0.6551724137931034,-7.5,10,0.1666666666666666,12,0.2,6,0,5,1,0.6,6,0.3333333333333333,0,0.3333333333333333,0.3939393939393939,0.5454545454545454,-0.0769230769230769,33,0.9032258064516128,-5.909090909090909,1,1,16,22,5,0.8333333333333334,11,11,0.2727272727272727,0.6363636363636364,0.5333333333333333,473.20652073355876,8.889371690986227
P40_R18,40,18,0.5,0.4666666666666667,0.0666666666666666,60,0.6551724137931034,-7.5,10,0.1666666666666666,12,0.2,6,0,5,1,0.6,6,0.3333333333333333,0,0.3333333333333333,0.3636363636363636,0.5757575757575758,-0.1666666666666666,33,0.935483870967742,-5.454545454545455,1,2,16,22,4,0.6666666666666666,11,11,0.2727272727272727,0.6363636363636364,0.6,520.7318567296401,9.027164716187547
P40_R19,40,19,0.5,0.4666666666666667,0.0666666666666666,60,0.6551724137931034,-7.5,10,0.1666666666666666,12,0.2,6,0,5,1,0.6,6,0.3333333333333333,0,0.3333333333333333,0.4583333333333333,0.4583333333333333,-0.0909090909090909,24,0.8636363636363636,-6.875,1,2,7,13,4,0.6666666666666666,11,11,0.5454545454545454,0.3636363636363636,0.4666666666666667,524.4018942822312,9.037277591743518
P40_R20,40,20,0.5,0.4666666666666667,0.0666666666666666,60,0.6551724137931034,-7.5,10,0.1666666666666666,12,0.2,6,0,5,1,0.6,6,0.3333333333333333,0,0.3333333333333333,0.4333333333333333,0.5,0.2307692307692307,30,0.75,-6.5,1,2,6,12,4,0.8333333333333334,18,18,0.5,0.4444444444444444,0.4,558.0502243942683,9.126834088638635
P40_R21,40,21,0.5,0.4666666666666667,0.0666666666666666,60,0.6551724137931034,-7.5,10,0.1666666666666666,12,0.2,6,0,5,1,0.6,6,0.3333333333333333,0,0.3333333333333333,0.3666666666666666,0.5666666666666667,0.0909090909090909,30,0.8214285714285714,-5.5,1,2,6,12,4,0.6666666666666666,18,18,0.3888888888888889,0.5555555555555556,0.5333333333333333,724.2642291290954,9.502362885048194
P40_R22,40,22,0.5,0.4666666666666667,0.0666666666666666,60,0.6551724137931034,-7.5,10,0.1666666666666666,12,0.2,6,0,5,1,0.6,6,0.3333333333333333,0,0.3333333333333333,0.3529411764705882,0.5294117647058824,-0.6666666666666666,17,0.7333333333333333,-5.294117647058824,0,999,999,999,0,0.3333333333333333,999,999,0.0,0.0,0.6,597.9569268017736,9.22630844700609
P40_R23,40,23,0.5,0.4666666666666667,0.0666666666666666,60,0.6551724137931034,-7.5,10,0.1666666666666666,12,0.2,6,0,5,1,0.6,6,0.3333333333333333,0,0.3333333333333333,0.3055555555555556,0.6388888888888888,-0.2727272727272727,36,0.6176470588235294,-4.583333333333334,1,2,21,27,4,0.6666666666666666,9,9,0.2222222222222222,0.6666666666666666,0.4666666666666667,548.6805436456295,9.102449604783052
P40_R24,40,24,0.5,0.4666666666666667,0.0666666666666666,60,0.6551724137931034,-7.5,10,0.1666666666666666,12,0.2,6,0,5,1,0.6,6,0.3333333333333333,0,0.3333333333333333,0.2666666666666666,0.6666666666666666,0.25,30,0.7857142857142857,-4.0,1,2,6,12,4,0.6666666666666666,18,18,0.2222222222222222,0.7222222222222222,0.6666666666666666,731.0622820148454,9.515822584365425
P40_R25,40,25,0.5,0.4666666666666667,0.0666666666666666,60,0.6551724137931034,-7.5,10,0.1666666666666666,12,0.2,6,0,5,1,0.6,6,0.3333333333333333,0,0.3333333333333333,0.3666666666666666,0.5666666666666667,0.2727272727272727,30,0.8214285714285714,-5.5,1,2,6,12,4,0.6666666666666666,18,18,0.3888888888888889,0.5555555555555556,0.5333333333333333,600.3224874613024,9.231995101314316
P40_R26,40,26,0.5,0.4666666666666667,0.0666666666666666,60,0.6551724137931034,-7.5,10,0.1666666666666666,12,0.2,6,0,5,1,0.6,6,0.3333333333333333,0,0.3333333333333333,0.4,0.5333333333333333,0.3333333333333333,30,0.7857142857142857,-6.0,1,2,6,12,4,0.8333333333333334,18,18,0.4444444444444444,0.5,0.4666666666666667,756.4047255637612,9.56492061221984
P40_R27,40,27,0.5,0.4666666666666667,0.0666666666666666,60,0.6551724137931034,-7.5,10,0.1666666666666666,12,0.2,6,0,5,1,0.6,6,0.3333333333333333,0,0.3333333333333333,0.3333333333333333,0.6060606060606061,-0.0909090909090909,33,0.8387096774193549,-5.0,0,999,999,999,0,0.5,999,999,0.0,0.0,0.7333333333333333,851.1305128811752,9.734930601289658
P40_R28,40,28,0.5,0.4666666666666667,0.0666666666666666,60,0.6551724137931034,-7.5,10,0.1666666666666666,12,0.2,6,0,5,1,0.6,6,0.3333333333333333,0,0.3333333333333333,0.3939393939393939,0.5454545454545454,0.0769230769230769,33,0.8709677419354839,-5.909090909090909,1,2,11,17,4,0.6666666666666666,16,16,0.4375,0.5,0.5333333333333333,915.4887411021712,9.83997334740204
P40_R29,40,29,0.5,0.4666666666666667,0.0666666666666666,60,0.6551724137931034,-7.5,10,0.1666666666666666,12,0.2,6,0,5,1,0.6,6,0.3333333333333333,0,0.3333333333333333,0.3666666666666666,0.5666666666666667,0.0909090909090909,30,0.7857142857142857,-5.5,1,2,6,12,4,0.6666666666666666,18,18,0.3888888888888889,0.5555555555555556,0.6,1493.3434480145256,10.54529604845401
P40_R30,40,30,0.5,0.4666666666666667,0.0666666666666666,60,0.6551724137931034,-7.5,10,0.1666666666666666,12,0.2,6,0,5,1,0.6,6,0.3333333333333333,0,0.3333333333333333,0.4,0.5333333333333333,0.0,30,0.8214285714285714,-6.0,1,2,6,12,4,0.6666666666666666,18,18,0.4444444444444444,0.5,0.5333333333333333,1153.1910581622797,10.172666343869194
P40_R31,40,31,0.5,0.4666666666666667,0.0666666666666666,60,0.6551724137931034,-7.5,10,0.1666666666666666,12,0.2,6,0,5,1,0.6,6,0.3333333333333333,0,0.3333333333333333,0.4333333333333333,0.5,-0.0769230769230769,30,0.7857142857142857,-6.5,1,2,6,12,4,0.6666666666666666,18,18,0.5,0.4444444444444444,0.4666666666666667,1480.1327087883435,10.532485195871752
P40_R32,40,32,0.5,0.4666666666666667,0.0666666666666666,60,0.6551724137931034,-7.5,10,0.1666666666666666,12,0.2,6,0,5,1,0.6,6,0.3333333333333333,0,0.3333333333333333,0.4,0.5333333333333333,0.1666666666666666,30,0.8571428571428571,-6.0,1,2,6,12,4,0.8333333333333334,18,18,0.4444444444444444,0.5,0.5333333333333333,1271.125679828532,10.313025493577136
P40_R33,40,33,0.5,0.4666666666666667,0.0666666666666666,60,0.6551724137931034,-7.5,10,0.1666666666666666,12,0.2,6,0,5,1,0.6,6,0.3333333333333333,0,0.3333333333333333,0.3636363636363636,0.5757575757575758,0.0,33,0.7419354838709677,-5.454545454545455,1,2,13,19,4,0.6666666666666666,14,14,0.2142857142857142,0.7142857142857143,0.6666666666666666,1881.4381861164495,10.878386776360127
P40_R34,40,34,0.5,0.4666666666666667,0.0666666666666666,60,0.6551724137931034,-7.5,10,0.1666666666666666,12,0.2,6,0,5,1,0.6,6,0.3333333333333333,0,0.3333333333333333,0.3666666666666666,0.5666666666666667,0.0909090909090909,30,0.8571428571428571,-5.5,1,2,6,12,4,0.6666666666666666,18,18,0.3888888888888889,0.5555555555555556,0.4666666666666667,2313.4095411895605,11.176428460587385
P40_R35,40,35,0.5,0.4666666666666667,0.0666666666666666,60,0.6551724137931034,-7.5,10,0.1666666666666666,12,0.2,6,0,5,1,0.6,6,0.3333333333333333,0,0.3333333333333333,0.303030303030303,0.6363636363636364,0.0,33,0.8064516129032258,-4.545454545454546,1,2,16,22,4,0.6666666666666666,11,11,0.2727272727272727,0.6363636363636364,0.6,1936.2323023417478,10.91978124910478
P40_R36,40,36,0.5,0.4666666666666667,0.0666666666666666,60,0.6551724137931034,-7.5,10,0.1666666666666666,12,0.2,6,0,5,1,0.6,6,0.3333333333333333,0,0.3333333333333333,0.3636363636363636,0.5757575757575758,0.0,33,0.9032258064516128,-5.454545454545455,0,999,999,999,0,0.5,999,999,0.0,0.0,0.6,2775.6031382757556,11.439105271196937
P40_R37,40,37,0.5,0.4666666666666667,0.0666666666666666,60,0.6551724137931034,-7.5,10,0.1666666666666666,12,0.2,6,0,5,1,0.6,6,0.3333333333333333,0,0.3333333333333333,0.3333333333333333,0.6060606060606061,-0.0909090909090909,33,0.8064516129032258,-5.0,0,999,999,999,0,0.5,999,999,0.0,0.0,0.6,2550.651863223859,11.317215791875475
P40_R38,40,38,0.5,0.4666666666666667,0.0666666666666666,60,0.6551724137931034,-7.5,10,0.1666666666666666,12,0.2,6,0,5,1,0.6,6,0.3333333333333333,0,0.3333333333333333,0.3636363636363636,0.5757575757575758,-0.1666666666666666,33,0.8064516129032258,-5.454545454545455,0,999,999,999,0,0.5,999,999,0.0,0.0,0.6666666666666666,3032.1989511653956,11.566624413829679
P40_R39,40,39,0.5,0.4666666666666667,0.0666666666666666,60,0.6551724137931034,-7.5,10,0.1666666666666666,12,0.2,6,0,5,1,0.6,6,0.3333333333333333,0,0.3333333333333333,0.3939393939393939,0.5454545454545454,-0.0769230769230769,33,0.8709677419354839,-5.909090909090909,1,2,16,22,4,0.6666666666666666,11,11,0.1818181818181818,0.7272727272727273,0.6,3084.698623975145,11.591381447371555
P40_R40,40,40,0.5,0.4666666666666667,0.0666666666666666,60,0.6551724137931034,-7.5,10,0.1666666666666666,12,0.2,6,0,5,1,0.6,6,0.3333333333333333,0,0.3333333333333333,0.3666666666666666,0.5666666666666667,0.2727272727272727,30,0.8571428571428571,-5.5,1,2,6,12,4,0.8333333333333334,18,18,0.3888888888888889,0.5555555555555556,0.6,3624.9413880554657,11.824139889323543
P40_R41,40,41,0.5,0.4666666666666667,0.0666666666666666,60,0.6551724137931034,-7.5,10,0.1666666666666666,12,0.2,6,0,5,1,0.6,6,0.3333333333333333,0,0.3333333333333333,0.4,0.5333333333333333,0.1666666666666666,30,0.7857142857142857,-6.0,1,2,6,12,4,0.6666666666666666,18,18,0.4444444444444444,0.5,0.5333333333333333,3636.1840568881694,11.828606218770442
P40_R42,40,42,0.5,0.4666666666666667,0.0666666666666666,60,0.6551724137931034,-7.5,10,0.1666666666666666,12,0.2,6,0,5,1,0.6,6,0.3333333333333333,0,0.3333333333333333,0.3333333333333333,0.6060606060606061,0.0909090909090909,33,0.8709677419354839,-5.0,0,999,999,999,0,0.5,999,999,0.0,0.0,0.6,4278.412343403312,12.063196981413165
P40_R43,40,43,0.5,0.4666666666666667,0.0666666666666666,60,0.6551724137931034,-7.5,10,0.1666666666666666,12,0.2,6,0,5,1,0.6,6,0.3333333333333333,0,0.3333333333333333,0.4,0.5333333333333333,0.1666666666666666,30,0.8571428571428571,-6.0,1,2,6,12,4,0.6666666666666666,18,18,0.4444444444444444,0.5,0.5333333333333333,8976.273551136748,13.132061641488539
P40_R44,40,44,0.5,0.4666666666666667,0.0666666666666666,60,0.6551724137931034,-7.5,10,0.1666666666666666,12,0.2,6,0,5,1,0.6,6,0.3333333333333333,0,0.3333333333333333,0.3333333333333333,0.6,0.2,30,0.8214285714285714,-5.0,1,2,6,12,4,0.6666666666666666,18,18,0.3333333333333333,0.6111111111111112,0.5333333333333333,13377.614990279275,13.707641149483957
P40_R45,40,45,0.5,0.4666666666666667,0.0666666666666666,60,0.6551724137931034,-7.5,10,0.1666666666666666,12,0.2,6,0,5,1,0.6,6,0.3333333333333333,0,0.3333333333333333,0.3666666666666666,0.5666666666666667,0.0909090909090909,30,0.75,-5.5,1,2,6,12,4,0.6666666666666666,18,18,0.3888888888888889,0.5555555555555556,0.5333333333333333,16557.776393245935,14.015308448726218
P40_R46,40,46,0.5,0.4666666666666667,0.0666666666666666,60,0.6551724137931034,-7.5,10,0.1666666666666666,12,0.2,6,0,5,1,0.6,6,0.3333333333333333,0,0.3333333333333333,0.3939393939393939,0.5454545454545454,0.0769230769230769,33,0.9032258064516128,-5.909090909090909,0,999,999,999,0,0.5,999,999,0.0,0.0,0.6,18649.618483093982,14.186935852801955
P40_R47,40,47,0.5,0.4666666666666667,0.0666666666666666,60,0.6551724137931034,-7.5,10,0.1666666666666666,12,0.2,6,0,5,1,0.6,6,0.3333333333333333,0,0.3333333333333333,0.3939393939393939,0.5454545454545454,0.0769230769230769,33,0.935483870967742,-5.909090909090909,1,2,16,22,4,0.6666666666666666,11,11,0.2727272727272727,0.6363636363636364,0.6,23597.64022091313,14.526416111888125
P41_R0,41,0,0.56,0.4,-0.0714285714285714,50,0.6458333333333334,-8.4,12,0.24,7,0.14,5,1,5,1,0.5,6,0.5,0,0.6666666666666666,0.3333333333333333,0.6,0.2,30,0.8214285714285714,-5.0,1,2,6,12,4,0.6666666666666666,18,18,0.3333333333333333,0.6111111111111112,0.6,65.11991812062475,6.047013032962209
P41_R1,41,1,0.56,0.4,-0.0714285714285714,50,0.6458333333333334,-8.4,12,0.24,7,0.14,5,1,5,1,0.5,6,0.5,0,0.6666666666666666,0.3333333333333333,0.6,0.0,30,0.8214285714285714,-5.0,1,2,6,12,4,0.6666666666666666,18,18,0.3333333333333333,0.6111111111111112,0.6,102.09175227639291,6.6877851061285245
P41_R2,41,2,0.56,0.4,-0.0714285714285714,50,0.6458333333333334,-8.4,12,0.24,7,0.14,5,1,5,1,0.5,6,0.5,0,0.6666666666666666,0.3636363636363636,0.5757575757575758,0.0,33,0.8709677419354839,-5.454545454545455,1,2,16,22,4,0.6666666666666666,11,11,0.2727272727272727,0.6363636363636364,0.6,102.81390588857184,6.697855895635939
P41_R3,41,3,0.56,0.4,-0.0714285714285714,50,0.6458333333333334,-8.4,12,0.24,7,0.14,5,1,5,1,0.5,6,0.5,0,0.6666666666666666,0.4,0.5333333333333333,0.1666666666666666,30,0.8928571428571429,-6.0,1,2,6,12,4,0.8333333333333334,18,18,0.4444444444444444,0.5,0.5333333333333333,172.26885007694105,7.436868502790547
P41_R4,41,4,0.56,0.4,-0.0714285714285714,50,0.6458333333333334,-8.4,12,0.24,7,0.14,5,1,5,1,0.5,6,0.5,0,0.6666666666666666,0.4,0.5333333333333333,0.1666666666666666,30,0.8214285714285714,-6.0,1,2,6,12,4,0.6666666666666666,18,18,0.4444444444444444,0.5,0.4666666666666667,238.90523488649413,7.906320828283044
P41_R5,41,5,0.56,0.4,-0.0714285714285714,50,0.6458333333333334,-8.4,12,0.24,7,0.14,5,1,5,1,0.5,6,0.5,0,0.6666666666666666,0.3636363636363636,0.5757575757575758,0.0,33,0.8709677419354839,-5.454545454545455,1,1,11,17,5,0.8333333333333334,16,16,0.375,0.5625,0.6,410.55613390175256,8.684945409190883
P41_R6,41,6,0.56,0.4,-0.0714285714285714,50,0.6458333333333334,-8.4,12,0.24,7,0.14,5,1,5,1,0.5,6,0.5,0,0.6666666666666666,0.3,0.6333333333333333,0.1111111111111111,30,0.8214285714285714,-4.5,1,2,6,12,4,0.6666666666666666,18,18,0.2777777777777778,0.6666666666666666,0.6,264.99531460720993,8.055257023273835
P41_R7,41,7,0.56,0.4,-0.0714285714285714,50,0.6458333333333334,-8.4,12,0.24,7,0.14,5,1,5,1,0.5,6,0.5,0,0.6666666666666666,0.3666666666666666,0.5666666666666667,0.2727272727272727,30,0.9285714285714286,-5.5,1,2,6,12,4,0.6666666666666666,18,18,0.3888888888888889,0.5555555555555556,0.4666666666666667,376.75881980822305,8.561321629202002
P41_R8,41,8,0.56,0.4,-0.0714285714285714,50,0.6458333333333334,-8.4,12,0.24,7,0.14,5,1,5,1,0.5,6,0.5,0,0.6666666666666666,0.3333333333333333,0.6060606060606061,-0.0909090909090909,33,0.935483870967742,-5.0,1,1,16,22,5,0.8333333333333334,11,11,0.1818181818181818,0.7272727272727273,0.6666666666666666,265.93565385733183,8.060348204912964
P41_R9,41,9,0.56,0.4,-0.0714285714285714,50,0.6458333333333334,-8.4,12,0.24,7,0.14,5,1,5,1,0.5,6,0.5,0,0.6666666666666666,0.4333333333333333,0.5,-0.0769230769230769,30,0.8214285714285714,-6.5,1,2,6,12,4,0.6666666666666666,18,18,0.5,0.4444444444444444,0.4,382.45967181358213,8.58293104824899
P41_R10,41,10,0.56,0.4,-0.0714285714285714,50,0.6458333333333334,-8.4,12,0.24,7,0.14,5,1,5,1,0.5,6,0.5,0,0.6666666666666666,0.3636363636363636,0.5757575757575758,0.0,33,0.8709677419354839,-5.454545454545455,1,2,13,19,4,0.6666666666666666,14,14,0.3571428571428571,0.5714285714285714,0.5333333333333333,477.9687980858558,8.903787865959577
P41_R11,41,11,0.56,0.4,-0.0714285714285714,50,0.6458333333333334,-8.4,12,0.24,7,0.14,5,1,5,1,0.5,6,0.5,0,0.6666666666666666,0.3333333333333333,0.6060606060606061,-0.0909090909090909,33,0.9032258064516128,-5.0,1,2,11,17,4,0.6666666666666666,16,16,0.375,0.5625,0.6,453.4245066071974,8.827896829651017
P41_R12,41,12,0.56,0.4,-0.0714285714285714,50,0.6458333333333334,-8.4,12,0.24,7,0.14,5,1,5,1,0.5,6,0.5,0,0.6666666666666666,0.3666666666666666,0.5666666666666667,0.2727272727272727,30,0.8214285714285714,-5.5,1,2,6,12,4,0.8333333333333334,18,18,0.3888888888888889,0.5555555555555556,0.6,446.5359236989098,8.805859681899413
P41_R13,41,13,0.56,0.4,-0.0714285714285714,50,0.6458333333333334,-8.4,12,0.24,7,0.14,5,1,5,1,0.5,6,0.5,0,0.6666666666666666,0.3333333333333333,0.6,0.0,30,0.7857142857142857,-5.0,1,2,6,12,4,0.6666666666666666,18,18,0.3333333333333333,0.6111111111111112,0.5333333333333333,405.6043055379279,8.667481681753557
P41_R14,41,14,0.56,0.4,-0.0714285714285714,50,0.6458333333333334,-8.4,12,0.24,7,0.14,5,1,5,1,0.5,6,0.5,0,0.6666666666666666,0.3055555555555556,0.6388888888888888,0.0909090909090909,36,0.7941176470588235,-4.583333333333334,1,2,16,22,4,1.0,14,14,0.4285714285714285,0.5,0.4666666666666667,461.00469980595017,8.851763717503179
P41_R15,41,15,0.56,0.4,-0.0714285714285714,50,0.6458333333333334,-8.4,12,0.24,7,0.14,5,1,5,1,0.5,6,0.5,0,0.6666666666666666,0.3333333333333333,0.6060606060606061,0.0909090909090909,33,0.8064516129032258,-5.0,1,2,15,21,4,0.6666666666666666,12,12,0.25,0.6666666666666666,0.6,480.56280197925173,8.911580146090184
P41_R16,41,16,0.56,0.4,-0.0714285714285714,50,0.6458333333333334,-8.4,12,0.24,7,0.14,5,1,5,1,0.5,6,0.5,0,0.6666666666666666,0.4,0.5333333333333333,0.1666666666666666,30,0.8214285714285714,-6.0,1,2,6,12,4,0.6666666666666666,18,18,0.4444444444444444,0.5,0.5333333333333333,488.3950454591598,8.934855685700237
P41_R17,41,17,0.56,0.4,-0.0714285714285714,50,0.6458333333333334,-8.4,12,0.24,7,0.14,5,1,5,1,0.5,6,0.5,0,0.6666666666666666,0.3939393939393939,0.5454545454545454,-0.0769230769230769,33,0.9032258064516128,-5.909090909090909,1,1,16,22,5,0.8333333333333334,11,11,0.2727272727272727,0.6363636363636364,0.5333333333333333,547.5042487196906,9.099358985577464
P41_R18,41,18,0.56,0.4,-0.0714285714285714,50,0.6458333333333334,-8.4,12,0.24,7,0.14,5,1,5,1,0.5,6,0.5,0,0.6666666666666666,0.3636363636363636,0.5757575757575758,-0.1666666666666666,33,0.935483870967742,-5.454545454545455,1,2,16,22,4,0.6666666666666666,11,11,0.2727272727272727,0.6363636363636364,0.6,602.8166163979156,9.23796664862199
P41_R19,41,19,0.56,0.4,-0.0714285714285714,50,0.6458333333333334,-8.4,12,0.24,7,0.14,5,1,5,1,0.5,6,0.5,0,0.6666666666666666,0.4583333333333333,0.4583333333333333,-0.0909090909090909,24,0.8636363636363636,-6.875,1,2,7,13,4,0.6666666666666666,11,11,0.5454545454545454,0.3636363636363636,0.4666666666666667,535.0970440307407,9.066350370064711
P41_R20,41,20,0.56,0.4,-0.0714285714285714,50,0.6458333333333334,-8.4,12,0.24,7,0.14,5,1,5,1,0.5,6,0.5,0,0.6666666666666666,0.4333333333333333,0.5,0.2307692307692307,30,0.75,-6.5,1,2,6,12,4,0.8333333333333334,18,18,0.5,0.4444444444444444,0.4,607.7289305016897,9.249656122864122
P41_R21,41,21,0.56,0.4,-0.0714285714285714,50,0.6458333333333334,-8.4,12,0.24,7,0.14,5,1,5,1,0.5,6,0.5,0,0.6666666666666666,0.3666666666666666,0.5666666666666667,0.0909090909090909,30,0.8214285714285714,-5.5,1,2,6,12,4,0.6666666666666666,18,18,0.3888888888888889,0.5555555555555556,0.5333333333333333,591.0645480033176,9.209610659561168
P41_R22,41,22,0.56,0.4,-0.0714285714285714,50,0.6458333333333334,-8.4,12,0.24,7,0.14,5,1,5,1,0.5,6,0.5,0,0.6666666666666666,0.3529411764705882,0.5294117647058824,-0.6666666666666666,17,0.7333333333333333,-5.294117647058824,0,999,999,999,0,0.3333333333333333,999,999,0.0,0.0,0.6,773.823878290577,9.597724604945336
P41_R23,41,23,0.56,0.4,-0.0714285714285714,50,0.6458333333333334,-8.4,12,0.24,7,0.14,5,1,5,1,0.5,6,0.5,0,0.6666666666666666,0.3055555555555556,0.6388888888888888,-0.2727272727272727,36,0.6176470588235294,-4.583333333333334,1,2,21,27,4,0.6666666666666666,9,9,0.2222222222222222,0.6666666666666666,0.4666666666666667,838.3195028999539,9.713076294247212
P41_R24,41,24,0.56,0.4,-0.0714285714285714,50,0.6458333333333334,-8.4,12,0.24,7,0.14,5,1,5,1,0.5,6,0.5,0,0.6666666666666666,0.2666666666666666,0.6666666666666666,0.25,30,0.7857142857142857,-4.0,1,2,6,12,4,0.6666666666666666,18,18,0.2222222222222222,0.7222222222222222,0.6666666666666666,813.4046300318734,9.66960195318371
P41_R25,41,25,0.56,0.4,-0.0714285714285714,50,0.6458333333333334,-8.4,12,0.24,7,0.14,5,1,5,1,0.5,6,0.5,0,0.6666666666666666,0.3666666666666666,0.5666666666666667,0.2727272727272727,30,0.8214285714285714,-5.5,1,2,6,12,4,0.6666666666666666,18,18,0.3888888888888889,0.5555555555555556,0.5333333333333333,923.0657660485883,9.851851722125739
P41_R26,41,26,0.56,0.4,-0.0714285714285714,50,0.6458333333333334,-8.4,12,0.24,7,0.14,5,1,5,1,0.5,6,0.5,0,0.6666666666666666,0.4,0.5333333333333333,0.3333333333333333,30,0.7857142857142857,-6.0,1,2,6,12,4,0.8333333333333334,18,18,0.4444444444444444,0.5,0.4666666666666667,870.9724544329603,9.768138750831227
P41_R27,41,27,0.56,0.4,-0.0714285714285714,50,0.6458333333333334,-8.4,12,0.24,7,0.14,5,1,5,1,0.5,6,0.5,0,0.6666666666666666,0.3333333333333333,0.6060606060606061,-0.0909090909090909,33,0.8387096774193549,-5.0,0,999,999,999,0,0.5,999,999,0.0,0.0,0.7333333333333333,1050.2274576261239,10.037859148524486
P41_R28,41,28,0.56,0.4,-0.0714285714285714,50,0.6458333333333334,-8.4,12,0.24,7,0.14,5,1,5,1,0.5,6,0.5,0,0.6666666666666666,0.3939393939393939,0.5454545454545454,0.0769230769230769,33,0.8709677419354839,-5.909090909090909,1,2,11,17,4,0.6666666666666666,16,16,0.4375,0.5,0.5333333333333333,1108.4806598374387,10.11566880375194
P41_R29,41,29,0.56,0.4,-0.0714285714285714,50,0.6458333333333334,-8.4,12,0.24,7,0.14,5,1,5,1,0.5,6,0.5,0,0.6666666666666666,0.3666666666666666,0.5666666666666667,0.0909090909090909,30,0.7857142857142857,-5.5,1,2,6,12,4,0.6666666666666666,18,18,0.3888888888888889,0.5555555555555556,0.6,1107.5734640479263,10.114488663983906
P41_R30,41,30,0.56,0.4,-0.0714285714285714,50,0.6458333333333334,-8.4,12,0.24,7,0.14,5,1,5,1,0.5,6,0.5,0,0.6666666666666666,0.4,0.5333333333333333,0.0,30,0.8214285714285714,-6.0,1,2,6,12,4,0.6666666666666666,18,18,0.4444444444444444,0.5,0.5333333333333333,1071.9478506429116,10.06736424198001
P41_R31,41,31,0.56,0.4,-0.0714285714285714,50,0.6458333333333334,-8.4,12,0.24,7,0.14,5,1,5,1,0.5,6,0.5,0,0.6666666666666666,0.4333333333333333,0.5,-0.0769230769230769,30,0.7857142857142857,-6.5,1,2,6,12,4,0.6666666666666666,18,18,0.5,0.4444444444444444,0.4666666666666667,2018.749951634154,10.9799609806754
P41_R32,41,32,0.56,0.4,-0.0714285714285714,50,0.6458333333333334,-8.4,12,0.24,7,0.14,5,1,5,1,0.5,6,0.5,0,0.6666666666666666,0.4,0.5333333333333333,0.1666666666666666,30,0.8571428571428571,-6.0,1,2,6,12,4,0.8333333333333334,18,18,0.4444444444444444,0.5,0.5333333333333333,1573.9674320515235,10.621106280827942
P41_R33,41,33,0.56,0.4,-0.0714285714285714,50,0.6458333333333334,-8.4,12,0.24,7,0.14,5,1,5,1,0.5,6,0.5,0,0.6666666666666666,0.3636363636363636,0.5757575757575758,0.0,33,0.7419354838709677,-5.454545454545455,1,2,13,19,4,0.6666666666666666,14,14,0.2142857142857142,0.7142857142857143,0.6666666666666666,1906.5184573276308,10.897481301442056
P41_R34,41,34,0.56,0.4,-0.0714285714285714,50,0.6458333333333334,-8.4,12,0.24,7,0.14,5,1,5,1,0.5,6,0.5,0,0.6666666666666666,0.3666666666666666,0.5666666666666667,0.0909090909090909,30,0.8571428571428571,-5.5,1,2,6,12,4,0.6666666666666666,18,18,0.3888888888888889,0.5555555555555556,0.4666666666666667,2426.762339463329,11.245411483661176
P41_R35,41,35,0.56,0.4,-0.0714285714285714,50,0.6458333333333334,-8.4,12,0.24,7,0.14,5,1,5,1,0.5,6,0.5,0,0.6666666666666666,0.303030303030303,0.6363636363636364,0.0,33,0.8064516129032258,-4.545454545454546,1,2,16,22,4,0.6666666666666666,11,11,0.2727272727272727,0.6363636363636364,0.6,2380.310551324659,11.217540062196193
P41_R36,41,36,0.56,0.4,-0.0714285714285714,50,0.6458333333333334,-8.4,12,0.24,7,0.14,5,1,5,1,0.5,6,0.5,0,0.6666666666666666,0.3636363636363636,0.5757575757575758,0.0,33,0.9032258064516128,-5.454545454545455,0,999,999,999,0,0.5,999,999,0.0,0.0,0.6,1991.6618748107353,10.960481211638553
P41_R37,41,37,0.56,0.4,-0.0714285714285714,50,0.6458333333333334,-8.4,12,0.24,7,0.14,5,1,5,1,0.5,6,0.5,0,0.6666666666666666,0.3333333333333333,0.6060606060606061,-0.0909090909090909,33,0.8064516129032258,-5.0,0,999,999,999,0,0.5,999,999,0.0,0.0,0.6,3669.9743625582178,11.841947323605329
P41_R38,41,38,0.56,0.4,-0.0714285714285714,50,0.6458333333333334,-8.4,12,0.24,7,0.14,5,1,5,1,0.5,6,0.5,0,0.6666666666666666,0.3636363636363636,0.5757575757575758,-0.1666666666666666,33,0.8064516129032258,-5.454545454545455,0,999,999,999,0,0.5,999,999,0.0,0.0,0.6666666666666666,3168.1357011642963,11.629873721348217
P41_R39,41,39,0.56,0.4,-0.0714285714285714,50,0.6458333333333334,-8.4,12,0.24,7,0.14,5,1,5,1,0.5,6,0.5,0,0.6666666666666666,0.3939393939393939,0.5454545454545454,-0.0769230769230769,33,0.8709677419354839,-5.909090909090909,1,2,16,22,4,0.6666666666666666,11,11,0.1818181818181818,0.7272727272727273,0.6,2894.323875459876,11.499509024028585
P41_R40,41,40,0.56,0.4,-0.0714285714285714,50,0.6458333333333334,-8.4,12,0.24,7,0.14,5,1,5,1,0.5,6,0.5,0,0.6666666666666666,0.3666666666666666,0.5666666666666667,0.2727272727272727,30,0.8571428571428571,-5.5,1,2,6,12,4,0.8333333333333334,18,18,0.3888888888888889,0.5555555555555556,0.6,4291.0743325844915,12.067459346386158
P41_R41,41,41,0.56,0.4,-0.0714285714285714,50,0.6458333333333334,-8.4,12,0.24,7,0.14,5,1,5,1,0.5,6,0.5,0,0.6666666666666666,0.4,0.5333333333333333,0.1666666666666666,30,0.7857142857142857,-6.0,1,2,6,12,4,0.6666666666666666,18,18,0.4444444444444444,0.5,0.5333333333333333,4463.303261181099,12.124219317774871
P41_R42,41,42,0.56,0.4,-0.0714285714285714,50,0.6458333333333334,-8.4,12,0.24,7,0.14,5,1,5,1,0.5,6,0.5,0,0.6666666666666666,0.3333333333333333,0.6060606060606061,0.0909090909090909,33,0.8709677419354839,-5.0,0,999,999,999,0,0.5,999,999,0.0,0.0,0.6,3741.7904596441385,11.869898565789534
P41_R43,41,43,0.56,0.4,-0.0714285714285714,50,0.6458333333333334,-8.4,12,0.24,7,0.14,5,1,5,1,0.5,6,0.5,0,0.6666666666666666,0.4,0.5333333333333333,0.1666666666666666,30,0.8571428571428571,-6.0,1,2,6,12,4,0.6666666666666666,18,18,0.4444444444444444,0.5,0.5333333333333333,12324.772423280081,13.589390438835604
P41_R44,41,44,0.56,0.4,-0.0714285714285714,50,0.6458333333333334,-8.4,12,0.24,7,0.14,5,1,5,1,0.5,6,0.5,0,0.6666666666666666,0.3333333333333333,0.6,0.2,30,0.8214285714285714,-5.0,1,2,6,12,4,0.6666666666666666,18,18,0.3333333333333333,0.6111111111111112,0.5333333333333333,16736.467930031897,14.030793670813553
P41_R45,41,45,0.56,0.4,-0.0714285714285714,50,0.6458333333333334,-8.4,12,0.24,7,0.14,5,1,5,1,0.5,6,0.5,0,0.6666666666666666,0.3666666666666666,0.5666666666666667,0.0909090909090909,30,0.75,-5.5,1,2,6,12,4,0.6666666666666666,18,18,0.3888888888888889,0.5555555555555556,0.5333333333333333,15605.007521374502,13.92981387997666
P41_R46,41,46,0.56,0.4,-0.0714285714285714,50,0.6458333333333334,-8.4,12,0.24,7,0.14,5,1,5,1,0.5,6,0.5,0,0.6666666666666666,0.3939393939393939,0.5454545454545454,0.0769230769230769,33,0.9032258064516128,-5.909090909090909,0,999,999,999,0,0.5,999,999,0.0,0.0,0.6,23187.88038512422,14.501145544431049
P41_R47,41,47,0.56,0.4,-0.0714285714285714,50,0.6458333333333334,-8.4,12,0.24,7,0.14,5,1,5,1,0.5,6,0.5,0,0.6666666666666666,0.3939393939393939,0.5454545454545454,0.0769230769230769,33,0.935483870967742,-5.909090909090909,1,2,16,22,4,0.6666666666666666,11,11,0.2727272727272727,0.6363636363636364,0.6,24862.557748940213,14.601745127247593
P42_R0,42,0,0.56,0.4,-0.0714285714285714,50,0.7291666666666666,-8.4,9,0.18,4,0.08,5,1,4,2,0.45,6,0.5,0,0.3333333333333333,0.3333333333333333,0.6,0.2,30,0.8214285714285714,-5.0,1,2,6,12,4,0.6666666666666666,18,18,0.3333333333333333,0.6111111111111112,0.6,70.9241261026838,6.168403881828864
P42_R1,42,1,0.56,0.4,-0.0714285714285714,50,0.7291666666666666,-8.4,9,0.18,4,0.08,5,1,4,2,0.45,6,0.5,0,0.3333333333333333,0.3333333333333333,0.6,0.0,30,0.8214285714285714,-5.0,1,2,6,12,4,0.6666666666666666,18,18,0.3333333333333333,0.6111111111111112,0.6,84.13050508690196,6.411604284984429
P42_R2,42,2,0.56,0.4,-0.0714285714285714,50,0.7291666666666666,-8.4,9,0.18,4,0.08,5,1,4,2,0.45,6,0.5,0,0.3333333333333333,0.3636363636363636,0.5757575757575758,0.0,33,0.8709677419354839,-5.454545454545455,1,2,16,22,4,0.6666666666666666,11,11,0.2727272727272727,0.6363636363636364,0.6,119.17550323470601,6.9089990345461
P42_R3,42,3,0.56,0.4,-0.0714285714285714,50,0.7291666666666666,-8.4,9,0.18,4,0.08,5,1,4,2,0.45,6,0.5,0,0.3333333333333333,0.4,0.5333333333333333,0.1666666666666666,30,0.8928571428571429,-6.0,1,2,6,12,4,0.8333333333333334,18,18,0.4444444444444444,0.5,0.5333333333333333,198.65611860000922,7.641373474811702
P42_R4,42,4,0.56,0.4,-0.0714285714285714,50,0.7291666666666666,-8.4,9,0.18,4,0.08,5,1,4,2,0.45,6,0.5,0,0.3333333333333333,0.4,0.5333333333333333,0.1666666666666666,30,0.8214285714285714,-6.0,1,2,6,12,4,0.6666666666666666,18,18,0.4444444444444444,0.5,0.4666666666666667,241.67392232648976,7.922875274977366
P42_R5,42,5,0.56,0.4,-0.0714285714285714,50,0.7291666666666666,-8.4,9,0.18,4,0.08,5,1,4,2,0.45,6,0.5,0,0.3333333333333333,0.3636363636363636,0.5757575757575758,0.0,33,0.8709677419354839,-5.454545454545455,1,1,11,17,5,0.8333333333333334,16,16,0.375,0.5625,0.6,289.9042265954309,8.184400447519133
P42_R6,42,6,0.56,0.4,-0.0714285714285714,50,0.7291666666666666,-8.4,9,0.18,4,0.08,5,1,4,2,0.45,6,0.5,0,0.3333333333333333,0.3,0.6333333333333333,0.1111111111111111,30,0.8214285714285714,-4.5,1,2,6,12,4,0.6666666666666666,18,18,0.2777777777777778,0.6666666666666666,0.6,338.75561934723186,8.408353602245954
P42_R7,42,7,0.56,0.4,-0.0714285714285714,50,0.7291666666666666,-8.4,9,0.18,4,0.08,5,1,4,2,0.45,6,0.5,0,0.3333333333333333,0.3666666666666666,0.5666666666666667,0.2727272727272727,30,0.9285714285714286,-5.5,1,2,6,12,4,0.6666666666666666,18,18,0.3888888888888889,0.5555555555555556,0.4666666666666667,340.59047475246354,8.416123935754849
P42_R8,42,8,0.56,0.4,-0.0714285714285714,50,0.7291666666666666,-8.4,9,0.18,4,0.08,5,1,4,2,0.45,6,0.5,0,0.3333333333333333,0.3333333333333333,0.6060606060606061,-0.0909090909090909,33,0.935483870967742,-5.0,1,1,16,22,5,0.8333333333333334,11,11,0.1818181818181818,0.7272727272727273,0.6666666666666666,296.55503276965464,8.217012709157725
P42_R9,42,9,0.56,0.4,-0.0714285714285714,50,0.7291666666666666,-8.4,9,0.18,4,0.08,5,1,4,2,0.45,6,0.5,0,0.3333333333333333,0.4333333333333333,0.5,-0.0769230769230769,30,0.8214285714285714,-6.5,1,2,6,12,4,0.6666666666666666,18,18,0.5,0.4444444444444444,0.4,304.38224432564755,8.254472372511943
P42_R10,42,10,0.56,0.4,-0.0714285714285714,50,0.7291666666666666,-8.4,9,0.18,4,0.08,5,1,4,2,0.45,6,0.5,0,0.3333333333333333,0.3636363636363636,0.5757575757575758,0.0,33,0.8709677419354839,-5.454545454545455,1,2,13,19,4,0.6666666666666666,14,14,0.3571428571428571,0.5714285714285714,0.5333333333333333,421.1882751829691,8.721742703158359
P42_R11,42,11,0.56,0.4,-0.0714285714285714,50,0.7291666666666666,-8.4,9,0.18,4,0.08,5,1,4,2,0.45,6,0.5,0,0.3333333333333333,0.3333333333333333,0.6060606060606061,-0.0909090909090909,33,0.9032258064516128,-5.0,1,2,11,17,4,0.6666666666666666,16,16,0.375,0.5625,0.6,292.4428220912651,8.196935608539166
P42_R12,42,12,0.56,0.4,-0.0714285714285714,50,0.7291666666666666,-8.4,9,0.18,4,0.08,5,1,4,2,0.45,6,0.5,0,0.3333333333333333,0.3666666666666666,0.5666666666666667,0.2727272727272727,30,0.8214285714285714,-5.5,1,2,6,12,4,0.8333333333333334,18,18,0.3888888888888889,0.5555555555555556,0.6,460.246205966607,8.849393233943589
P42_R13,42,13,0.56,0.4,-0.0714285714285714,50,0.7291666666666666,-8.4,9,0.18,4,0.08,5,1,4,2,0.45,6,0.5,0,0.3333333333333333,0.3333333333333333,0.6,0.0,30,0.7857142857142857,-5.0,1,2,6,12,4,0.6666666666666666,18,18,0.3333333333333333,0.6111111111111112,0.5333333333333333,421.0522499870375,8.721277805131187
P42_R14,42,14,0.56,0.4,-0.0714285714285714,50,0.7291666666666666,-8.4,9,0.18,4,0.08,5,1,4,2,0.45,6,0.5,0,0.3333333333333333,0.3055555555555556,0.6388888888888888,0.0909090909090909,36,0.7941176470588235,-4.583333333333334,1,2,16,22,4,1.0,14,14,0.4285714285714285,0.5,0.4666666666666667,572.4996103489393,9.163648695810343
P42_R15,42,15,0.56,0.4,-0.0714285714285714,50,0.7291666666666666,-8.4,9,0.18,4,0.08,5,1,4,2,0.45,6,0.5,0,0.3333333333333333,0.3333333333333333,0.6060606060606061,0.0909090909090909,33,0.8064516129032258,-5.0,1,2,15,21,4,0.6666666666666666,12,12,0.25,0.6666666666666666,0.6,475.216751177438,8.895474558840705
P42_R16,42,16,0.56,0.4,-0.0714285714285714,50,0.7291666666666666,-8.4,9,0.18,4,0.08,5,1,4,2,0.45,6,0.5,0,0.3333333333333333,0.4,0.5333333333333333,0.1666666666666666,30,0.8214285714285714,-6.0,1,2,6,12,4,0.6666666666666666,18,18,0.4444444444444444,0.5,0.5333333333333333,622.0171266609651,9.283128013070906
P42_R17,42,17,0.56,0.4,-0.0714285714285714,50,0.7291666666666666,-8.4,9,0.18,4,0.08,5,1,4,2,0.45,6,0.5,0,0.3333333333333333,0.3939393939393939,0.5454545454545454,-0.0769230769230769,33,0.9032258064516128,-5.909090909090909,1,1,16,22,5,0.8333333333333334,11,11,0.2727272727272727,0.6363636363636364,0.5333333333333333,552.4364444577335,9.1122738400602
P42_R18,42,18,0.56,0.4,-0.0714285714285714,50,0.7291666666666666,-8.4,9,0.18,4,0.08,5,1,4,2,0.45,6,0.5,0,0.3333333333333333,0.3636363636363636,0.5757575757575758,-0.1666666666666666,33,0.935483870967742,-5.454545454545455,1,2,16,22,4,0.6666666666666666,11,11,0.2727272727272727,0.6363636363636364,0.6,610.2947192274625,9.25572429396687
P42_R19,42,19,0.56,0.4,-0.0714285714285714,50,0.7291666666666666,-8.4,9,0.18,4,0.08,5,1,4,2,0.45,6,0.5,0,0.3333333333333333,0.4583333333333333,0.4583333333333333,-0.0909090909090909,24,0.8636363636363636,-6.875,1,2,7,13,4,0.6666666666666666,11,11,0.5454545454545454,0.3636363636363636,0.4666666666666667,687.5125384918231,9.427339117272599
P42_R20,42,20,0.56,0.4,-0.0714285714285714,50,0.7291666666666666,-8.4,9,0.18,4,0.08,5,1,4,2,0.45,6,0.5,0,0.3333333333333333,0.4333333333333333,0.5,0.2307692307692307,30,0.75,-6.5,1,2,6,12,4,0.8333333333333334,18,18,0.5,0.4444444444444444,0.4,656.0990486347865,9.359967043128718
P42_R21,42,21,0.56,0.4,-0.0714285714285714,50,0.7291666666666666,-8.4,9,0.18,4,0.08,5,1,4,2,0.45,6,0.5,0,0.3333333333333333,0.3666666666666666,0.5666666666666667,0.0909090909090909,30,0.8214285714285714,-5.5,1,2,6,12,4,0.6666666666666666,18,18,0.3888888888888889,0.5555555555555556,0.5333333333333333,863.0467698753414,9.754965595729466
P42_R22,42,22,0.56,0.4,-0.0714285714285714,50,0.7291666666666666,-8.4,9,0.18,4,0.08,5,1,4,2,0.45,6,0.5,0,0.3333333333333333,0.3529411764705882,0.5294117647058824,-0.6666666666666666,17,0.7333333333333333,-5.294117647058824,0,999,999,999,0,0.3333333333333333,999,999,0.0,0.0,0.6,644.6482188585386,9.334604517012421
P42_R23,42,23,0.56,0.4,-0.0714285714285714,50,0.7291666666666666,-8.4,9,0.18,4,0.08,5,1,4,2,0.45,6,0.5,0,0.3333333333333333,0.3055555555555556,0.6388888888888888,-0.2727272727272727,36,0.6176470588235294,-4.583333333333334,1,2,21,27,4,0.6666666666666666,9,9,0.2222222222222222,0.6666666666666666,0.4666666666666667,827.8348180611476,9.694940799446218
P42_R24,42,24,0.56,0.4,-0.0714285714285714,50,0.7291666666666666,-8.4,9,0.18,4,0.08,5,1,4,2,0.45,6,0.5,0,0.3333333333333333,0.2666666666666666,0.6666666666666666,0.25,30,0.7857142857142857,-4.0,1,2,6,12,4,0.6666666666666666,18,18,0.2222222222222222,0.7222222222222222,0.6666666666666666,925.0978202474004,9.855020777787578
P42_R25,42,25,0.56,0.4,-0.0714285714285714,50,0.7291666666666666,-8.4,9,0.18,4,0.08,5,1,4,2,0.45,6,0.5,0,0.3333333333333333,0.3666666666666666,0.5666666666666667,0.2727272727272727,30,0.8214285714285714,-5.5,1,2,6,12,4,0.6666666666666666,18,18,0.3888888888888889,0.5555555555555556,0.5333333333333333,904.1130794159515,9.821954234922371
P42_R26,42,26,0.56,0.4,-0.0714285714285714,50,0.7291666666666666,-8.4,9,0.18,4,0.08,5,1,4,2,0.45,6,0.5,0,0.3333333333333333,0.4,0.5333333333333333,0.3333333333333333,30,0.7857142857142857,-6.0,1,2,6,12,4,0.8333333333333334,18,18,0.4444444444444444,0.5,0.4666666666666667,1174.8794706950302,10.199524474137307
P42_R27,42,27,0.56,0.4,-0.0714285714285714,50,0.7291666666666666,-8.4,9,0.18,4,0.08,5,1,4,2,0.45,6,0.5,0,0.3333333333333333,0.3333333333333333,0.6060606060606061,-0.0909090909090909,33,0.8387096774193549,-5.0,0,999,999,999,0,0.5,999,999,0.0,0.0,0.7333333333333333,905.4829193359924,9.824136025605801
P42_R28,42,28,0.56,0.4,-0.0714285714285714,50,0.7291666666666666,-8.4,9,0.18,4,0.08,5,1,4,2,0.45,6,0.5,0,0.3333333333333333,0.3939393939393939,0.5454545454545454,0.0769230769230769,33,0.8709677419354839,-5.909090909090909,1,2,11,17,4,0.6666666666666666,16,16,0.4375,0.5,0.5333333333333333,882.9967202879483,9.787897206865312
P42_R29,42,29,0.56,0.4,-0.0714285714285714,50,0.7291666666666666,-8.4,9,0.18,4,0.08,5,1,4,2,0.45,6,0.5,0,0.3333333333333333,0.3666666666666666,0.5666666666666667,0.0909090909090909,30,0.7857142857142857,-5.5,1,2,6,12,4,0.6666666666666666,18,18,0.3888888888888889,0.5555555555555556,0.6,991.809919669837,9.955373720016349
P42_R30,42,30,0.56,0.4,-0.0714285714285714,50,0.7291666666666666,-8.4,9,0.18,4,0.08,5,1,4,2,0.45,6,0.5,0,0.3333333333333333,0.4,0.5333333333333333,0.0,30,0.8214285714285714,-6.0,1,2,6,12,4,0.6666666666666666,18,18,0.4444444444444444,0.5,0.5333333333333333,1314.151197434436,10.361012954331395
P42_R31,42,31,0.56,0.4,-0.0714285714285714,50,0.7291666666666666,-8.4,9,0.18,4,0.08,5,1,4,2,0.45,6,0.5,0,0.3333333333333333,0.4333333333333333,0.5,-0.0769230769230769,30,0.7857142857142857,-6.5,1,2,6,12,4,0.6666666666666666,18,18,0.5,0.4444444444444444,0.4666666666666667,1600.1028971663757,10.644850312354732
P42_R32,42,32,0.56,0.4,-0.0714285714285714,50,0.7291666666666666,-8.4,9,0.18,4,0.08,5,1,4,2,0.45,6,0.5,0,0.3333333333333333,0.4,0.5333333333333333,0.1666666666666666,30,0.8571428571428571,-6.0,1,2,6,12,4,0.8333333333333334,18,18,0.4444444444444444,0.5,0.5333333333333333,1753.7467699053523,10.777047132763768
P42_R33,42,33,0.56,0.4,-0.0714285714285714,50,0.7291666666666666,-8.4,9,0.18,4,0.08,5,1,4,2,0.45,6,0.5,0,0.3333333333333333,0.3636363636363636,0.5757575757575758,0.0,33,0.7419354838709677,-5.454545454545455,1,2,13,19,4,0.6666666666666666,14,14,0.2142857142857142,0.7142857142857143,0.6666666666666666,1825.2934834197674,10.834702908172572
P42_R34,42,34,0.56,0.4,-0.0714285714285714,50,0.7291666666666666,-8.4,9,0.18,4,0.08,5,1,4,2,0.45,6,0.5,0,0.3333333333333333,0.3666666666666666,0.5666666666666667,0.0909090909090909,30,0.8571428571428571,-5.5,1,2,6,12,4,0.6666666666666666,18,18,0.3888888888888889,0.5555555555555556,0.4666666666666667,2615.64448715162,11.353502209252719
P42_R35,42,35,0.56,0.4,-0.0714285714285714,50,0.7291666666666666,-8.4,9,0.18,4,0.08,5,1,4,2,0.45,6,0.5,0,0.3333333333333333,0.303030303030303,0.6363636363636364,0.0,33,0.8064516129032258,-4.545454545454546,1,2,16,22,4,0.6666666666666666,11,11,0.2727272727272727,0.6363636363636364,0.6,1955.7445992054545,10.934239747573482
P42_R36,42,36,0.56,0.4,-0.0714285714285714,50,0.7291666666666666,-8.4,9,0.18,4,0.08,5,1,4,2,0.45,6,0.5,0,0.3333333333333333,0.3636363636363636,0.5757575757575758,0.0,33,0.9032258064516128,-5.454545454545455,0,999,999,999,0,0.5,999,999,0.0,0.0,0.6,2999.826575398417,11.551144229375591
P42_R37,42,37,0.56,0.4,-0.0714285714285714,50,0.7291666666666666,-8.4,9,0.18,4,0.08,5,1,4,2,0.45,6,0.5,0,0.3333333333333333,0.3333333333333333,0.6060606060606061,-0.0909090909090909,33,0.8064516129032258,-5.0,0,999,999,999,0,0.5,999,999,0.0,0.0,0.6,4881.353840660217,12.253361140548678
P42_R38,42,38,0.56,0.4,-0.0714285714285714,50,0.7291666666666666,-8.4,9,0.18,4,0.08,5,1,4,2,0.45,6,0.5,0,0.3333333333333333,0.3636363636363636,0.5757575757575758,-0.1666666666666666,33,0.8064516129032258,-5.454545454545455,0,999,999,999,0,0.5,999,999,0.0,0.0,0.6666666666666666,3480.806683027648,11.765620388518515
P42_R39,42,39,0.56,0.4,-0.0714285714285714,50,0.7291666666666666,-8.4,9,0.18,4,0.08,5,1,4,2,0.45,6,0.5,0,0.3333333333333333,0.3939393939393939,0.5454545454545454,-0.0769230769230769,33,0.8709677419354839,-5.909090909090909,1,2,16,22,4,0.6666666666666666,11,11,0.1818181818181818,0.7272727272727273,0.6,3826.235131766458,11.902086822463078
P42_R40,42,40,0.56,0.4,-0.0714285714285714,50,0.7291666666666666,-8.4,9,0.18,4,0.08,5,1,4,2,0.45,6,0.5,0,0.3333333333333333,0.3666666666666666,0.5666666666666667,0.2727272727272727,30,0.8571428571428571,-5.5,1,2,6,12,4,0.8333333333333334,18,18,0.3888888888888889,0.5555555555555556,0.6,3418.884924292037,11.7397320653445
P42_R41,42,41,0.56,0.4,-0.0714285714285714,50,0.7291666666666666,-8.4,9,0.18,4,0.08,5,1,4,2,0.45,6,0.5,0,0.3333333333333333,0.4,0.5333333333333333,0.1666666666666666,30,0.7857142857142857,-6.0,1,2,6,12,4,0.6666666666666666,18,18,0.4444444444444444,0.5,0.5333333333333333,3175.7051609294986,11.63331548028358
P42_R42,42,42,0.56,0.4,-0.0714285714285714,50,0.7291666666666666,-8.4,9,0.18,4,0.08,5,1,4,2,0.45,6,0.5,0,0.3333333333333333,0.3333333333333333,0.6060606060606061,0.0909090909090909,33,0.8709677419354839,-5.0,0,999,999,999,0,0.5,999,999,0.0,0.0,0.6,4237.025668644568,12.049176610435897
P42_R43,42,43,0.56,0.4,-0.0714285714285714,50,0.7291666666666666,-8.4,9,0.18,4,0.08,5,1,4,2,0.45,6,0.5,0,0.3333333333333333,0.4,0.5333333333333333,0.1666666666666666,30,0.8571428571428571,-6.0,1,2,6,12,4,0.6666666666666666,18,18,0.4444444444444444,0.5,0.5333333333333333,8216.328452591128,13.00445371814846
P42_R44,42,44,0.56,0.4,-0.0714285714285714,50,0.7291666666666666,-8.4,9,0.18,4,0.08,5,1,4,2,0.45,6,0.5,0,0.3333333333333333,0.3333333333333333,0.6,0.2,30,0.8214285714285714,-5.0,1,2,6,12,4,0.6666666666666666,18,18,0.3333333333333333,0.6111111111111112,0.5333333333333333,12512.694154569233,13.611220128424577
P42_R45,42,45,0.56,0.4,-0.0714285714285714,50,0.7291666666666666,-8.4,9,0.18,4,0.08,5,1,4,2,0.45,6,0.5,0,0.3333333333333333,0.3666666666666666,0.5666666666666667,0.0909090909090909,30,0.75,-5.5,1,2,6,12,4,0.6666666666666666,18,18,0.3888888888888889,0.5555555555555556,0.5333333333333333,20749.023232897875,14.340825331332761
P42_R46,42,46,0.56,0.4,-0.0714285714285714,50,0.7291666666666666,-8.4,9,0.18,4,0.08,5,1,4,2,0.45,6,0.5,0,0.3333333333333333,0.3939393939393939,0.5454545454545454,0.0769230769230769,33,0.9032258064516128,-5.909090909090909,0,999,999,999,0,0.5,999,999,0.0,0.0,0.6,19512.400917848343,14.252177621346863
P42_R47,42,47,0.56,0.4,-0.0714285714285714,50,0.7291666666666666,-8.4,9,0.18,4,0.08,5,1,4,2,0.45,6,0.5,0,0.3333333333333333,0.3939393939393939,0.5454545454545454,0.0769230769230769,33,0.935483870967742,-5.909090909090909,1,2,16,22,4,0.6666666666666666,11,11,0.2727272727272727,0.6363636363636364,0.6,26349.3957367407,14.685537008324506
P43_R0,43,0,0.5294117647058824,0.4313725490196078,-0.1111111111111111,51,0.7346938775510204,-7.9411764705882355,10,0.196078431372549,7,0.1372549019607843,5,1,5,1,0.55,6,0.1666666666666666,0,0.6666666666666666,0.3333333333333333,0.6,0.2,30,0.8214285714285714,-5.0,1,2,6,12,4,0.6666666666666666,18,18,0.3333333333333333,0.6111111111111112,0.6,69.43537376974008,6.138228250242842
P43_R1,43,1,0.5294117647058824,0.4313725490196078,-0.1111111111111111,51,0.7346938775510204,-7.9411764705882355,10,0.196078431372549,7,0.1372549019607843,5,1,5,1,0.55,6,0.1666666666666666,0,0.6666666666666666,0.3333333333333333,0.6,0.0,30,0.8214285714285714,-5.0,1,2,6,12,4,0.6666666666666666,18,18,0.3333333333333333,0.6111111111111112,0.6,92.42617897003008,6.545754959364227
P43_R2,43,2,0.5294117647058824,0.4313725490196078,-0.1111111111111111,51,0.7346938775510204,-7.9411764705882355,10,0.196078431372549,7,0.1372549019607843,5,1,5,1,0.55,6,0.1666666666666666,0,0.6666666666666666,0.3636363636363636,0.5757575757575758,0.0,33,0.8709677419354839,-5.454545454545455,1,2,16,22,4,0.6666666666666666,11,11,0.2727272727272727,0.6363636363636364,0.6,128.8860835093568,7.021103052988726
P43_R3,43,3,0.5294117647058824,0.4313725490196078,-0.1111111111111111,51,0.7346938775510204,-7.9411764705882355,10,0.196078431372549,7,0.1372549019607843,5,1,5,1,0.55,6,0.1666666666666666,0,0.6666666666666666,0.4,0.5333333333333333,0.1666666666666666,30,0.8928571428571429,-6.0,1,2,6,12,4,0.8333333333333334,18,18,0.4444444444444444,0.5,0.5333333333333333,187.94717706029513,7.561839154143776
P43_R4,43,4,0.5294117647058824,0.4313725490196078,-0.1111111111111111,51,0.7346938775510204,-7.9411764705882355,10,0.196078431372549,7,0.1372549019607843,5,1,5,1,0.55,6,0.1666666666666666,0,0.6666666666666666,0.4,0.5333333333333333,0.1666666666666666,30,0.8214285714285714,-6.0,1,2,6,12,4,0.6666666666666666,18,18,0.4444444444444444,0.5,0.4666666666666667,266.6449876420049,8.064176824412556
P43_R5,43,5,0.5294117647058824,0.4313725490196078,-0.1111111111111111,51,0.7346938775510204,-7.9411764705882355,10,0.196078431372549,7,0.1372549019607843,5,1,5,1,0.55,6,0.1666666666666666,0,0.6666666666666666,0.3636363636363636,0.5757575757575758,0.0,33,0.8709677419354839,-5.454545454545455,1,1,11,17,5,0.8333333333333334,16,16,0.375,0.5625,0.6,323.6214939058585,8.342614716847228
P43_R6,43,6,0.5294117647058824,0.4313725490196078,-0.1111111111111111,51,0.7346938775510204,-7.9411764705882355,10,0.196078431372549,7,0.1372549019607843,5,1,5,1,0.55,6,0.1666666666666666,0,0.6666666666666666,0.3,0.6333333333333333,0.1111111111111111,30,0.8214285714285714,-4.5,1,2,6,12,4,0.6666666666666666,18,18,0.2777777777777778,0.6666666666666666,0.6,322.27113625138855,8.336600889796893
P43_R7,43,7,0.5294117647058824,0.4313725490196078,-0.1111111111111111,51,0.7346938775510204,-7.9411764705882355,10,0.196078431372549,7,0.1372549019607843,5,1,5,1,0.55,6,0.1666666666666666,0,0.6666666666666666,0.3666666666666666,0.5666666666666667,0.2727272727272727,30,0.9285714285714286,-5.5,1,2,6,12,4,0.6666666666666666,18,18,0.3888888888888889,0.5555555555555556,0.4666666666666667,284.5873326221696,8.157788179056046
P43_R8,43,8,0.5294117647058824,0.4313725490196078,-0.1111111111111111,51,0.7346938775510204,-7.9411764705882355,10,0.196078431372549,7,0.1372549019607843,5,1,5,1,0.55,6,0.1666666666666666,0,0.6666666666666666,0.3333333333333333,0.6060606060606061,-0.0909090909090909,33,0.935483870967742,-5.0,1,1,16,22,5,0.8333333333333334,11,11,0.1818181818181818,0.7272727272727273,0.6666666666666666,274.93048341770515,8.108161036992236
P43_R9,43,9,0.5294117647058824,0.4313725490196078,-0.1111111111111111,51,0.7346938775510204,-7.9411764705882355,10,0.196078431372549,7,0.1372549019607843,5,1,5,1,0.55,6,0.1666666666666666,0,0.6666666666666666,0.4333333333333333,0.5,-0.0769230769230769,30,0.8214285714285714,-6.5,1,2,6,12,4,0.6666666666666666,18,18,0.5,0.4444444444444444,0.4,372.6905841302908,8.545700402410496
P43_R10,43,10,0.5294117647058824,0.4313725490196078,-0.1111111111111111,51,0.7346938775510204,-7.9411764705882355,10,0.196078431372549,7,0.1372549019607843,5,1,5,1,0.55,6,0.1666666666666666,0,0.6666666666666666,0.3636363636363636,0.5757575757575758,0.0,33,0.8709677419354839,-5.454545454545455,1,2,13,19,4,0.6666666666666666,14,14,0.3571428571428571,0.5714285714285714,0.5333333333333333,398.50024802589746,8.642052588611634
P43_R11,43,11,0.5294117647058824,0.4313725490196078,-0.1111111111111111,51,0.7346938775510204,-7.9411764705882355,10,0.196078431372549,7,0.1372549019607843,5,1,5,1,0.55,6,0.1666666666666666,0,0.6666666666666666,0.3333333333333333,0.6060606060606061,-0.0909090909090909,33,0.9032258064516128,-5.0,1,2,11,17,4,0.6666666666666666,16,16,0.375,0.5625,0.6,363.7837471168557,8.51089764165604
P43_R12,43,12,0.5294117647058824,0.4313725490196078,-0.1111111111111111,51,0.7346938775510204,-7.9411764705882355,10,0.196078431372549,7,0.1372549019607843,5,1,5,1,0.55,6,0.1666666666666666,0,0.6666666666666666,0.3666666666666666,0.5666666666666667,0.2727272727272727,30,0.8214285714285714,-5.5,1,2,6,12,4,0.8333333333333334,18,18,0.3888888888888889,0.5555555555555556,0.6,453.36858512223915,8.827719280658041
P43_R13,43,13,0.5294117647058824,0.4313725490196078,-0.1111111111111111,51,0.7346938775510204,-7.9411764705882355,10,0.196078431372549,7,0.1372549019607843,5,1,5,1,0.55,6,0.1666666666666666,0,0.6666666666666666,0.3333333333333333,0.6,0.0,30,0.7857142857142857,-5.0,1,2,6,12,4,0.6666666666666666,18,18,0.3333333333333333,0.6111111111111112,0.5333333333333333,465.6614923069093,8.866232614544284
P43_R14,43,14,0.5294117647058824,0.4313725490196078,-0.1111111111111111,51,0.7346938775510204,-7.9411764705882355,10,0.196078431372549,7,0.1372549019607843,5,1,5,1,0.55,6,0.1666666666666666,0,0.6666666666666666,0.3055555555555556,0.6388888888888888,0.0909090909090909,36,0.7941176470588235,-4.583333333333334,1,2,16,22,4,1.0,14,14,0.4285714285714285,0.5,0.4666666666666667,347.686267629083,8.445785737102595
P43_R15,43,15,0.5294117647058824,0.4313725490196078,-0.1111111111111111,51,0.7346938775510204,-7.9411764705882355,10,0.196078431372549,7,0.1372549019607843,5,1,5,1,0.55,6,0.1666666666666666,0,0.6666666666666666,0.3333333333333333,0.6060606060606061,0.0909090909090909,33,0.8064516129032258,-5.0,1,2,15,21,4,0.6666666666666666,12,12,0.25,0.6666666666666666,0.6,455.52437648379845,8.83454808589521
P43_R16,43,16,0.5294117647058824,0.4313725490196078,-0.1111111111111111,51,0.7346938775510204,-7.9411764705882355,10,0.196078431372549,7,0.1372549019607843,5,1,5,1,0.55,6,0.1666666666666666,0,0.6666666666666666,0.4,0.5333333333333333,0.1666666666666666,30,0.8214285714285714,-6.0,1,2,6,12,4,0.6666666666666666,18,18,0.4444444444444444,0.5,0.5333333333333333,611.5894717201328,9.258776762020645
P43_R17,43,17,0.5294117647058824,0.4313725490196078,-0.1111111111111111,51,0.7346938775510204,-7.9411764705882355,10,0.196078431372549,7,0.1372549019607843,5,1,5,1,0.55,6,0.1666666666666666,0,0.6666666666666666,0.3939393939393939,0.5454545454545454,-0.0769230769230769,33,0.9032258064516128,-5.909090909090909,1,1,16,22,5,0.8333333333333334,11,11,0.2727272727272727,0.6363636363636364,0.5333333333333333,634.5150207194985,9.31178241423617
P43_R18,43,18,0.5294117647058824,0.4313725490196078,-0.1111111111111111,51,0.7346938775510204,-7.9411764705882355,10,0.196078431372549,7,0.1372549019607843,5,1,5,1,0.55,6,0.1666666666666666,0,0.6666666666666666,0.3636363636363636,0.5757575757575758,-0.1666666666666666,33,0.935483870967742,-5.454545454545455,1,2,16,22,4,0.6666666666666666,11,11,0.2727272727272727,0.6363636363636364,0.6,515.3030667777932,9.012074357333562
P43_R19,43,19,0.5294117647058824,0.4313725490196078,-0.1111111111111111,51,0.7346938775510204,-7.9411764705882355,10,0.196078431372549,7,0.1372549019607843,5,1,5,1,0.55,6,0.1666666666666666,0,0.6666666666666666,0.4583333333333333,0.4583333333333333,-0.0909090909090909,24,0.8636363636363636,-6.875,1,2,7,13,4,0.6666666666666666,11,11,0.5454545454545454,0.3636363636363636,0.4666666666666667,643.7101039392751,9.332506783450595
P43_R20,43,20,0.5294117647058824,0.4313725490196078,-0.1111111111111111,51,0.7346938775510204,-7.9411764705882355,10,0.196078431372549,7,0.1372549019607843,5,1,5,1,0.55,6,0.1666666666666666,0,0.6666666666666666,0.4333333333333333,0.5,0.2307692307692307,30,0.75,-6.5,1,2,6,12,4,0.8333333333333334,18,18,0.5,0.4444444444444444,0.4,837.132940853092,9.711035285606279
P43_R21,43,21,0.5294117647058824,0.4313725490196078,-0.1111111111111111,51,0.7346938775510204,-7.9411764705882355,10,0.196078431372549,7,0.1372549019607843,5,1,5,1,0.55,6,0.1666666666666666,0,0.6666666666666666,0.3666666666666666,0.5666666666666667,0.0909090909090909,30,0.8214285714285714,-5.5,1,2,6,12,4,0.6666666666666666,18,18,0.3888888888888889,0.5555555555555556,0.5333333333333333,852.7558451880113,9.737679740536034
P43_R22,43,22,0.5294117647058824,0.4313725490196078,-0.1111111111111111,51,0.7346938775510204,-7.9411764705882355,10,0.196078431372549,7,0.1372549019607843,5,1,5,1,0.55,6,0.1666666666666666,0,0.6666666666666666,0.3529411764705882,0.5294117647058824,-0.6666666666666666,17,0.7333333333333333,-5.294117647058824,0,999,999,999,0,0.3333333333333333,999,999,0.0,0.0,0.6,753.2470524436969,9.558893343184263
P43_R23,43,23,0.5294117647058824,0.4313725490196078,-0.1111111111111111,51,0.7346938775510204,-7.9411764705882355,10,0.196078431372549,7,0.1372549019607843,5,1,5,1,0.55,6,0.1666666666666666,0,0.6666666666666666,0.3055555555555556,0.6388888888888888,-0.2727272727272727,36,0.6176470588235294,-4.583333333333334,1,2,21,27,4,0.6666666666666666,9,9,0.2222222222222222,0.6666666666666666,0.4666666666666667,753.9717846976342,9.560278917871464
P43_R24,43,24,0.5294117647058824,0.4313725490196078,-0.1111111111111111,51,0.7346938775510204,-7.9411764705882355,10,0.196078431372549,7,0.1372549019607843,5,1,5,1,0.55,6,0.1666666666666666,0,0.6666666666666666,0.2666666666666666,0.6666666666666666,0.25,30,0.7857142857142857,-4.0,1,2,6,12,4,0.6666666666666666,18,18,0.2222222222222222,0.7222222222222222,0.6666666666666666,748.4680615041088,9.549723188973323
P43_R25,43,25,0.5294117647058824,0.4313725490196078,-0.1111111111111111,51,0.7346938775510204,-7.9411764705882355,10,0.196078431372549,7,0.1372549019607843,5,1,5,1,0.55,6,0.1666666666666666,0,0.6666666666666666,0.3666666666666666,0.5666666666666667,0.2727272727272727,30,0.8214285714285714,-5.5,1,2,6,12,4,0.6666666666666666,18,18,0.3888888888888889,0.5555555555555556,0.5333333333333333,896.9933644710593,9.81056097429564
P43_R26,43,26,0.5294117647058824,0.4313725490196078,-0.1111111111111111,51,0.7346938775510204,-7.9411764705882355,10,0.196078431372549,7,0.1372549019607843,5,1,5,1,0.55,6,0.1666666666666666,0,0.6666666666666666,0.4,0.5333333333333333,0.3333333333333333,30,0.7857142857142857,-6.0,1,2,6,12,4,0.8333333333333334,18,18,0.4444444444444444,0.5,0.4666666666666667,926.7152902404777,9.857538309373417
P43_R27,43,27,0.5294117647058824,0.4313725490196078,-0.1111111111111111,51,0.7346938775510204,-7.9411764705882355,10,0.196078431372549,7,0.1372549019607843,5,1,5,1,0.55,6,0.1666666666666666,0,0.6666666666666666,0.3333333333333333,0.6060606060606061,-0.0909090909090909,33,0.8387096774193549,-5.0,0,999,999,999,0,0.5,999,999,0.0,0.0,0.7333333333333333,1139.4735003332269,10.155417209714596
P43_R28,43,28,0.5294117647058824,0.4313725490196078,-0.1111111111111111,51,0.7346938775510204,-7.9411764705882355,10,0.196078431372549,7,0.1372549019607843,5,1,5,1,0.55,6,0.1666666666666666,0,0.6666666666666666,0.3939393939393939,0.5454545454545454,0.0769230769230769,33,0.8709677419354839,-5.909090909090909,1,2,11,17,4,0.6666666666666666,16,16,0.4375,0.5,0.5333333333333333,1131.049935142226,10.144721882048447
P43_R29,43,29,0.5294117647058824,0.4313725490196078,-0.1111111111111111,51,0.7346938775510204,-7.9411764705882355,10,0.196078431372549,7,0.1372549019607843,5,1,5,1,0.55,6,0.1666666666666666,0,0.6666666666666666,0.3666666666666666,0.5666666666666667,0.0909090909090909,30,0.7857142857142857,-5.5,1,2,6,12,4,0.6666666666666666,18,18,0.3888888888888889,0.5555555555555556,0.6,1329.3202694778165,10.377557895474574
P43_R30,43,30,0.5294117647058824,0.4313725490196078,-0.1111111111111111,51,0.7346938775510204,-7.9411764705882355,10,0.196078431372549,7,0.1372549019607843,5,1,5,1,0.55,6,0.1666666666666666,0,0.6666666666666666,0.4,0.5333333333333333,0.0,30,0.8214285714285714,-6.0,1,2,6,12,4,0.6666666666666666,18,18,0.4444444444444444,0.5,0.5333333333333333,1232.7410124214223,10.268823859611421
P43_R31,43,31,0.5294117647058824,0.4313725490196078,-0.1111111111111111,51,0.7346938775510204,-7.9411764705882355,10,0.196078431372549,7,0.1372549019607843,5,1,5,1,0.55,6,0.1666666666666666,0,0.6666666666666666,0.4333333333333333,0.5,-0.0769230769230769,30,0.7857142857142857,-6.5,1,2,6,12,4,0.6666666666666666,18,18,0.5,0.4444444444444444,0.4666666666666667,1705.7578276183167,10.737042653115727
P43_R32,43,32,0.5294117647058824,0.4313725490196078,-0.1111111111111111,51,0.7346938775510204,-7.9411764705882355,10,0.196078431372549,7,0.1372549019607843,5,1,5,1,0.55,6,0.1666666666666666,0,0.6666666666666666,0.4,0.5333333333333333,0.1666666666666666,30,0.8571428571428571,-6.0,1,2,6,12,4,0.8333333333333334,18,18,0.4444444444444444,0.5,0.5333333333333333,2009.6611136769116,10.97345422815667
P43_R33,43,33,0.5294117647058824,0.4313725490196078,-0.1111111111111111,51,0.7346938775510204,-7.9411764705882355,10,0.196078431372549,7,0.1372549019607843,5,1,5,1,0.55,6,0.1666666666666666,0,0.6666666666666666,0.3636363636363636,0.5757575757575758,0.0,33,0.7419354838709677,-5.454545454545455,1,2,13,19,4,0.6666666666666666,14,14,0.2142857142857142,0.7142857142857143,0.6666666666666666,1955.081792674026,10.933750981853086
P43_R34,43,34,0.5294117647058824,0.4313725490196078,-0.1111111111111111,51,0.7346938775510204,-7.9411764705882355,10,0.196078431372549,7,0.1372549019607843,5,1,5,1,0.55,6,0.1666666666666666,0,0.6666666666666666,0.3666666666666666,0.5666666666666667,0.0909090909090909,30,0.8571428571428571,-5.5,1,2,6,12,4,0.6666666666666666,18,18,0.3888888888888889,0.5555555555555556,0.4666666666666667,1815.1815756609903,10.826692730248167
P43_R35,43,35,0.5294117647058824,0.4313725490196078,-0.1111111111111111,51,0.7346938775510204,-7.9411764705882355,10,0.196078431372549,7,0.1372549019607843,5,1,5,1,0.55,6,0.1666666666666666,0,0.6666666666666666,0.303030303030303,0.6363636363636364,0.0,33,0.8064516129032258,-4.545454545454546,1,2,16,22,4,0.6666666666666666,11,11,0.2727272727272727,0.6363636363636364,0.6,3025.049078383418,11.56321967094978
P43_R36,43,36,0.5294117647058824,0.4313725490196078,-0.1111111111111111,51,0.7346938775510204,-7.9411764705882355,10,0.196078431372549,7,0.1372549019607843,5,1,5,1,0.55,6,0.1666666666666666,0,0.6666666666666666,0.3636363636363636,0.5757575757575758,0.0,33,0.9032258064516128,-5.454545454545455,0,999,999,999,0,0.5,999,999,0.0,0.0,0.6,2675.5033517460497,11.38613374398205
P43_R37,43,37,0.5294117647058824,0.4313725490196078,-0.1111111111111111,51,0.7346938775510204,-7.9411764705882355,10,0.196078431372549,7,0.1372549019607843,5,1,5,1,0.55,6,0.1666666666666666,0,0.6666666666666666,0.3333333333333333,0.6060606060606061,-0.0909090909090909,33,0.8064516129032258,-5.0,0,999,999,999,0,0.5,999,999,0.0,0.0,0.6,2510.6975940239686,11.294447060251212
P43_R38,43,38,0.5294117647058824,0.4313725490196078,-0.1111111111111111,51,0.7346938775510204,-7.9411764705882355,10,0.196078431372549,7,0.1372549019607843,5,1,5,1,0.55,6,0.1666666666666666,0,0.6666666666666666,0.3636363636363636,0.5757575757575758,-0.1666666666666666,33,0.8064516129032258,-5.454545454545455,0,999,999,999,0,0.5,999,999,0.0,0.0,0.6666666666666666,3022.6990466192656,11.562098837727454
P43_R39,43,39,0.5294117647058824,0.4313725490196078,-0.1111111111111111,51,0.7346938775510204,-7.9411764705882355,10,0.196078431372549,7,0.1372549019607843,5,1,5,1,0.55,6,0.1666666666666666,0,0.6666666666666666,0.3939393939393939,0.5454545454545454,-0.0769230769230769,33,0.8709677419354839,-5.909090909090909,1,2,16,22,4,0.6666666666666666,11,11,0.1818181818181818,0.7272727272727273,0.6,4019.3609784198584,11.973109327955752
P43_R40,43,40,0.5294117647058824,0.4313725490196078,-0.1111111111111111,51,0.7346938775510204,-7.9411764705882355,10,0.196078431372549,7,0.1372549019607843,5,1,5,1,0.55,6,0.1666666666666666,0,0.6666666666666666,0.3666666666666666,0.5666666666666667,0.2727272727272727,30,0.8571428571428571,-5.5,1,2,6,12,4,0.8333333333333334,18,18,0.3888888888888889,0.5555555555555556,0.6,3604.627993237035,11.816034840612186
P43_R41,43,41,0.5294117647058824,0.4313725490196078,-0.1111111111111111,51,0.7346938775510204,-7.9411764705882355,10,0.196078431372549,7,0.1372549019607843,5,1,5,1,0.55,6,0.1666666666666666,0,0.6666666666666666,0.4,0.5333333333333333,0.1666666666666666,30,0.7857142857142857,-6.0,1,2,6,12,4,0.6666666666666666,18,18,0.4444444444444444,0.5,0.5333333333333333,3939.993885309728,11.944343795710994
P43_R42,43,42,0.5294117647058824,0.4313725490196078,-0.1111111111111111,51,0.7346938775510204,-7.9411764705882355,10,0.196078431372549,7,0.1372549019607843,5,1,5,1,0.55,6,0.1666666666666666,0,0.6666666666666666,0.3333333333333333,0.6060606060606061,0.0909090909090909,33,0.8709677419354839,-5.0,0,999,999,999,0,0.5,999,999,0.0,0.0,0.6,5843.491009344365,12.512861672076106
P43_R43,43,43,0.5294117647058824,0.4313725490196078,-0.1111111111111111,51,0.7346938775510204,-7.9411764705882355,10,0.196078431372549,7,0.1372549019607843,5,1,5,1,0.55,6,0.1666666666666666,0,0.6666666666666666,0.4,0.5333333333333333,0.1666666666666666,30,0.8571428571428571,-6.0,1,2,6,12,4,0.6666666666666666,18,18,0.4444444444444444,0.5,0.5333333333333333,8447.675744415694,13.04450951402338
P43_R44,43,44,0.5294117647058824,0.4313725490196078,-0.1111111111111111,51,0.7346938775510204,-7.9411764705882355,10,0.196078431372549,7,0.1372549019607843,5,1,5,1,0.55,6,0.1666666666666666,0,0.6666666666666666,0.3333333333333333,0.6,0.2,30,0.8214285714285714,-5.0,1,2,6,12,4,0.6666666666666666,18,18,0.3333333333333333,0.6111111111111112,0.5333333333333333,14083.417263351022,13.781812253616186
P43_R45,43,45,0.5294117647058824,0.4313725490196078,-0.1111111111111111,51,0.7346938775510204,-7.9411764705882355,10,0.196078431372549,7,0.1372549019607843,5,1,5,1,0.55,6,0.1666666666666666,0,0.6666666666666666,0.3666666666666666,0.5666666666666667,0.0909090909090909,30,0.75,-5.5,1,2,6,12,4,0.6666666666666666,18,18,0.3888888888888889,0.5555555555555556,0.5333333333333333,16890.98137247342,14.044050940879266
P43_R46,43,46,0.5294117647058824,0.4313725490196078,-0.1111111111111111,51,0.7346938775510204,-7.9411764705882355,10,0.196078431372549,7,0.1372549019607843,5,1,5,1,0.55,6,0.1666666666666666,0,0.6666666666666666,0.3939393939393939,0.5454545454545454,0.0769230769230769,33,0.9032258064516128,-5.909090909090909,0,999,999,999,0,0.5,999,999,0.0,0.0,0.6,20279.606000042677,14.307813141367737
P43_R47,43,47,0.5294117647058824,0.4313725490196078,-0.1111111111111111,51,0.7346938775510204,-7.9411764705882355,10,0.196078431372549,7,0.1372549019607843,5,1,5,1,0.55,6,0.1666666666666666,0,0.6666666666666666,0.3939393939393939,0.5454545454545454,0.0769230769230769,33,0.935483870967742,-5.909090909090909,1,2,16,22,4,0.6666666666666666,11,11,0.2727272727272727,0.6363636363636364,0.6,27381.57497596249,14.740970499278085
P44_R0,44,0,0.4901960784313725,0.4705882352941176,-0.04,51,0.7346938775510204,-7.352941176470588,8,0.1568627450980392,7,0.1372549019607843,4,2,5,1,0.55,6,0.0,0,0.3333333333333333,0.3333333333333333,0.6,0.2,30,0.8214285714285714,-5.0,1,2,6,12,4,0.6666666666666666,18,18,0.3333333333333333,0.6111111111111112,0.6,89.76191678966318,6.5040151723169695
P44_R1,44,1,0.4901960784313725,0.4705882352941176,-0.04,51,0.7346938775510204,-7.352941176470588,8,0.1568627450980392,7,0.1372549019607843,4,2,5,1,0.55,6,0.0,0,0.3333333333333333,0.3333333333333333,0.6,0.0,30,0.8214285714285714,-5.0,1,2,6,12,4,0.6666666666666666,18,18,0.3333333333333333,0.6111111111111112,0.6,105.19891690930113,6.730625242380556
P44_R2,44,2,0.4901960784313725,0.4705882352941176,-0.04,51,0.7346938775510204,-7.352941176470588,8,0.1568627450980392,7,0.1372549019607843,4,2,5,1,0.55,6,0.0,0,0.3333333333333333,0.3636363636363636,0.5757575757575758,0.0,33,0.8709677419354839,-5.454545454545455,1,2,16,22,4,0.6666666666666666,11,11,0.2727272727272727,0.6363636363636364,0.6,129.20227734383622,7.024610872409806
P44_R3,44,3,0.4901960784313725,0.4705882352941176,-0.04,51,0.7346938775510204,-7.352941176470588,8,0.1568627450980392,7,0.1372549019607843,4,2,5,1,0.55,6,0.0,0,0.3333333333333333,0.4,0.5333333333333333,0.1666666666666666,30,0.8928571428571429,-6.0,1,2,6,12,4,0.8333333333333334,18,18,0.4444444444444444,0.5,0.5333333333333333,195.55768849438283,7.618808986687464
P44_R4,44,4,0.4901960784313725,0.4705882352941176,-0.04,51,0.7346938775510204,-7.352941176470588,8,0.1568627450980392,7,0.1372549019607843,4,2,5,1,0.55,6,0.0,0,0.3333333333333333,0.4,0.5333333333333333,0.1666666666666666,30,0.8214285714285714,-6.0,1,2,6,12,4,0.6666666666666666,18,18,0.4444444444444444,0.5,0.4666666666666667,267.5868222065403,8.069244712694763
P44_R5,44,5,0.4901960784313725,0.4705882352941176,-0.04,51,0.7346938775510204,-7.352941176470588,8,0.1568627450980392,7,0.1372549019607843,4,2,5,1,0.55,6,0.0,0,0.3333333333333333,0.3636363636363636,0.5757575757575758,0.0,33,0.8709677419354839,-5.454545454545455,1,1,11,17,5,0.8333333333333334,16,16,0.375,0.5625,0.6,364.61086603413236,8.514165138016994
P44_R6,44,6,0.4901960784313725,0.4705882352941176,-0.04,51,0.7346938775510204,-7.352941176470588,8,0.1568627450980392,7,0.1372549019607843,4,2,5,1,0.55,6,0.0,0,0.3333333333333333,0.3,0.6333333333333333,0.1111111111111111,30,0.8214285714285714,-4.5,1,2,6,12,4,0.6666666666666666,18,18,0.2777777777777778,0.6666666666666666,0.6,377.17383116308247,8.562905725041634
P44_R7,44,7,0.4901960784313725,0.4705882352941176,-0.04,51,0.7346938775510204,-7.352941176470588,8,0.1568627450980392,7,0.1372549019607843,4,2,5,1,0.55,6,0.0,0,0.3333333333333333,0.3666666666666666,0.5666666666666667,0.2727272727272727,30,0.9285714285714286,-5.5,1,2,6,12,4,0.6666666666666666,18,18,0.3888888888888889,0.5555555555555556,0.4666666666666667,424.82765106519247,8.734125823828453
P44_R8,44,8,0.4901960784313725,0.4705882352941176,-0.04,51,0.7346938775510204,-7.352941176470588,8,0.1568627450980392,7,0.1372549019607843,4,2,5,1,0.55,6,0.0,0,0.3333333333333333,0.3333333333333333,0.6060606060606061,-0.0909090909090909,33,0.935483870967742,-5.0,1,1,16,22,5,0.8333333333333334,11,11,0.1818181818181818,0.7272727272727273,0.6666666666666666,432.75760965794984,8.760745257712278
P44_R9,44,9,0.4901960784313725,0.4705882352941176,-0.04,51,0.7346938775510204,-7.352941176470588,8,0.1568627450980392,7,0.1372549019607843,4,2,5,1,0.55,6,0.0,0,0.3333333333333333,0.4333333333333333,0.5,-0.0769230769230769,30,0.8214285714285714,-6.5,1,2,6,12,4,0.6666666666666666,18,18,0.5,0.4444444444444444,0.4,420.03610268625266,8.71780013549698
P44_R10,44,10,0.4901960784313725,0.4705882352941176,-0.04,51,0.7346938775510204,-7.352941176470588,8,0.1568627450980392,7,0.1372549019607843,4,2,5,1,0.55,6,0.0,0,0.3333333333333333,0.3636363636363636,0.5757575757575758,0.0,33,0.8709677419354839,-5.454545454545455,1,2,13,19,4,0.6666666666666666,14,14,0.3571428571428571,0.5714285714285714,0.5333333333333333,376.75307810491273,8.56129970095199
P44_R11,44,11,0.4901960784313725,0.4705882352941176,-0.04,51,0.7346938775510204,-7.352941176470588,8,0.1568627450980392,7,0.1372549019607843,4,2,5,1,0.55,6,0.0,0,0.3333333333333333,0.3333333333333333,0.6060606060606061,-0.0909090909090909,33,0.9032258064516128,-5.0,1,2,11,17,4,0.6666666666666666,16,16,0.375,0.5625,0.6,479.7931495165036,8.909272530023122
P44_R12,44,12,0.4901960784313725,0.4705882352941176,-0.04,51,0.7346938775510204,-7.352941176470588,8,0.1568627450980392,7,0.1372549019607843,4,2,5,1,0.55,6,0.0,0,0.3333333333333333,0.3666666666666666,0.5666666666666667,0.2727272727272727,30,0.8214285714285714,-5.5,1,2,6,12,4,0.8333333333333334,18,18,0.3888888888888889,0.5555555555555556,0.6,488.52922656538607,8.9352511859923
P44_R13,44,13,0.4901960784313725,0.4705882352941176,-0.04,51,0.7346938775510204,-7.352941176470588,8,0.1568627450980392,7,0.1372549019607843,4,2,5,1,0.55,6,0.0,0,0.3333333333333333,0.3333333333333333,0.6,0.0,30,0.7857142857142857,-5.0,1,2,6,12,4,0.6666666666666666,18,18,0.3333333333333333,0.6111111111111112,0.5333333333333333,511.88428818694115,9.00248956592135
P44_R14,44,14,0.4901960784313725,0.4705882352941176,-0.04,51,0.7346938775510204,-7.352941176470588,8,0.1568627450980392,7,0.1372549019607843,4,2,5,1,0.55,6,0.0,0,0.3333333333333333,0.3055555555555556,0.6388888888888888,0.0909090909090909,36,0.7941176470588235,-4.583333333333334,1,2,16,22,4,1.0,14,14,0.4285714285714285,0.5,0.4666666666666667,720.1113327440668,9.494078204855352
P44_R15,44,15,0.4901960784313725,0.4705882352941176,-0.04,51,0.7346938775510204,-7.352941176470588,8,0.1568627450980392,7,0.1372549019607843,4,2,5,1,0.55,6,0.0,0,0.3333333333333333,0.3333333333333333,0.6060606060606061,0.0909090909090909,33,0.8064516129032258,-5.0,1,2,15,21,4,0.6666666666666666,12,12,0.25,0.6666666666666666,0.6,520.025215542029,9.02520938465306
P44_R16,44,16,0.4901960784313725,0.4705882352941176,-0.04,51,0.7346938775510204,-7.352941176470588,8,0.1568627450980392,7,0.1372549019607843,4,2,5,1,0.55,6,0.0,0,0.3333333333333333,0.4,0.5333333333333333,0.1666666666666666,30,0.8214285714285714,-6.0,1,2,6,12,4,0.6666666666666666,18,18,0.4444444444444444,0.5,0.5333333333333333,659.8683311954165,9.368219053257478
P44_R17,44,17,0.4901960784313725,0.4705882352941176,-0.04,51,0.7346938775510204,-7.352941176470588,8,0.1568627450980392,7,0.1372549019607843,4,2,5,1,0.55,6,0.0,0,0.3333333333333333,0.3939393939393939,0.5454545454545454,-0.0769230769230769,33,0.9032258064516128,-5.909090909090909,1,1,16,22,5,0.8333333333333334,11,11,0.2727272727272727,0.6363636363636364,0.5333333333333333,756.5712778954872,9.565237824140622
P44_R18,44,18,0.4901960784313725,0.4705882352941176,-0.04,51,0.7346938775510204,-7.352941176470588,8,0.1568627450980392,7,0.1372549019607843,4,2,5,1,0.55,6,0.0,0,0.3333333333333333,0.3636363636363636,0.5757575757575758,-0.1666666666666666,33,0.935483870967742,-5.454545454545455,1,2,16,22,4,0.6666666666666666,11,11,0.2727272727272727,0.6363636363636364,0.6,669.2997522005327,9.388662590277415
P44_R19,44,19,0.4901960784313725,0.4705882352941176,-0.04,51,0.7346938775510204,-7.352941176470588,8,0.1568627450980392,7,0.1372549019607843,4,2,5,1,0.55,6,0.0,0,0.3333333333333333,0.4583333333333333,0.4583333333333333,-0.0909090909090909,24,0.8636363636363636,-6.875,1,2,7,13,4,0.6666666666666666,11,11,0.5454545454545454,0.3636363636363636,0.4666666666666667,960.9124717449935,9.909761813162488
P44_R20,44,20,0.4901960784313725,0.4705882352941176,-0.04,51,0.7346938775510204,-7.352941176470588,8,0.1568627450980392,7,0.1372549019607843,4,2,5,1,0.55,6,0.0,0,0.3333333333333333,0.4333333333333333,0.5,0.2307692307692307,30,0.75,-6.5,1,2,6,12,4,0.8333333333333334,18,18,0.5,0.4444444444444444,0.4,730.4356953307752,9.514587224192711
P44_R21,44,21,0.4901960784313725,0.4705882352941176,-0.04,51,0.7346938775510204,-7.352941176470588,8,0.1568627450980392,7,0.1372549019607843,4,2,5,1,0.55,6,0.0,0,0.3333333333333333,0.3666666666666666,0.5666666666666667,0.0909090909090909,30,0.8214285714285714,-5.5,1,2,6,12,4,0.6666666666666666,18,18,0.3888888888888889,0.5555555555555556,0.5333333333333333,857.6970974028247,9.746005504910029
P44_R22,44,22,0.4901960784313725,0.4705882352941176,-0.04,51,0.7346938775510204,-7.352941176470588,8,0.1568627450980392,7,0.1372549019607843,4,2,5,1,0.55,6,0.0,0,0.3333333333333333,0.3529411764705882,0.5294117647058824,-0.6666666666666666,17,0.7333333333333333,-5.294117647058824,0,999,999,999,0,0.3333333333333333,999,999,0.0,0.0,0.6,729.6686738984162,9.51307354549573
P44_R23,44,23,0.4901960784313725,0.4705882352941176,-0.04,51,0.7346938775510204,-7.352941176470588,8,0.1568627450980392,7,0.1372549019607843,4,2,5,1,0.55,6,0.0,0,0.3333333333333333,0.3055555555555556,0.6388888888888888,-0.2727272727272727,36,0.6176470588235294,-4.583333333333334,1,2,21,27,4,0.6666666666666666,9,9,0.2222222222222222,0.6666666666666666,0.4666666666666667,825.9613426388677,9.691676080130504
P44_R24,44,24,0.4901960784313725,0.4705882352941176,-0.04,51,0.7346938775510204,-7.352941176470588,8,0.1568627450980392,7,0.1372549019607843,4,2,5,1,0.55,6,0.0,0,0.3333333333333333,0.2666666666666666,0.6666666666666666,0.25,30,0.7857142857142857,-4.0,1,2,6,12,4,0.6666666666666666,18,18,0.2222222222222222,0.7222222222222222,0.6666666666666666,919.1925123745295,9.845791907024312
P44_R25,44,25,0.4901960784313725,0.4705882352941176,-0.04,51,0.7346938775510204,-7.352941176470588,8,0.1568627450980392,7,0.1372549019607843,4,2,5,1,0.55,6,0.0,0,0.3333333333333333,0.3666666666666666,0.5666666666666667,0.2727272727272727,30,0.8214285714285714,-5.5,1,2,6,12,4,0.6666666666666666,18,18,0.3888888888888889,0.5555555555555556,0.5333333333333333,1022.0302764281532,9.998633126721282
P44_R26,44,26,0.4901960784313725,0.4705882352941176,-0.04,51,0.7346938775510204,-7.352941176470588,8,0.1568627450980392,7,0.1372549019607843,4,2,5,1,0.55,6,0.0,0,0.3333333333333333,0.4,0.5333333333333333,0.3333333333333333,30,0.7857142857142857,-6.0,1,2,6,12,4,0.8333333333333334,18,18,0.4444444444444444,0.5,0.4666666666666667,1016.347203808107,9.990596415899176
P44_R27,44,27,0.4901960784313725,0.4705882352941176,-0.04,51,0.7346938775510204,-7.352941176470588,8,0.1568627450980392,7,0.1372549019607843,4,2,5,1,0.55,6,0.0,0,0.3333333333333333,0.3333333333333333,0.6060606060606061,-0.0909090909090909,33,0.8387096774193549,-5.0,0,999,999,999,0,0.5,999,999,0.0,0.0,0.7333333333333333,1348.1701505033416,10.397856589810889
P44_R28,44,28,0.4901960784313725,0.4705882352941176,-0.04,51,0.7346938775510204,-7.352941176470588,8,0.1568627450980392,7,0.1372549019607843,4,2,5,1,0.55,6,0.0,0,0.3333333333333333,0.3939393939393939,0.5454545454545454,0.0769230769230769,33,0.8709677419354839,-5.909090909090909,1,2,11,17,4,0.6666666666666666,16,16,0.4375,0.5,0.5333333333333333,1176.8551663272601,10.201946435318073
P44_R29,44,29,0.4901960784313725,0.4705882352941176,-0.04,51,0.7346938775510204,-7.352941176470588,8,0.1568627450980392,7,0.1372549019607843,4,2,5,1,0.55,6,0.0,0,0.3333333333333333,0.3666666666666666,0.5666666666666667,0.0909090909090909,30,0.7857142857142857,-5.5,1,2,6,12,4,0.6666666666666666,18,18,0.3888888888888889,0.5555555555555556,0.6,1204.1249884678077,10.234967066711908
P44_R30,44,30,0.4901960784313725,0.4705882352941176,-0.04,51,0.7346938775510204,-7.352941176470588,8,0.1568627450980392,7,0.1372549019607843,4,2,5,1,0.55,6,0.0,0,0.3333333333333333,0.4,0.5333333333333333,0.0,30,0.8214285714285714,-6.0,1,2,6,12,4,0.6666666666666666,18,18,0.4444444444444444,0.5,0.5333333333333333,1962.8045240098243,10.93943561641406
P44_R31,44,31,0.4901960784313725,0.4705882352941176,-0.04,51,0.7346938775510204,-7.352941176470588,8,0.1568627450980392,7,0.1372549019607843,4,2,5,1,0.55,6,0.0,0,0.3333333333333333,0.4333333333333333,0.5,-0.0769230769230769,30,0.7857142857142857,-6.5,1,2,6,12,4,0.6666666666666666,18,18,0.5,0.4444444444444444,0.4666666666666667,1731.8100170453633,10.758897772690897
P44_R32,44,32,0.4901960784313725,0.4705882352941176,-0.04,51,0.7346938775510204,-7.352941176470588,8,0.1568627450980392,7,0.1372549019607843,4,2,5,1,0.55,6,0.0,0,0.3333333333333333,0.4,0.5333333333333333,0.1666666666666666,30,0.8571428571428571,-6.0,1,2,6,12,4,0.8333333333333334,18,18,0.4444444444444444,0.5,0.5333333333333333,1704.2851377707673,10.735797274617676
P44_R33,44,33,0.4901960784313725,0.4705882352941176,-0.04,51,0.7346938775510204,-7.352941176470588,8,0.1568627450980392,7,0.1372549019607843,4,2,5,1,0.55,6,0.0,0,0.3333333333333333,0.3636363636363636,0.5757575757575758,0.0,33,0.7419354838709677,-5.454545454545455,1,2,13,19,4,0.6666666666666666,14,14,0.2142857142857142,0.7142857142857143,0.6666666666666666,2139.7665814169914,11.063911784640359
P44_R34,44,34,0.4901960784313725,0.4705882352941176,-0.04,51,0.7346938775510204,-7.352941176470588,8,0.1568627450980392,7,0.1372549019607843,4,2,5,1,0.55,6,0.0,0,0.3333333333333333,0.3666666666666666,0.5666666666666667,0.0909090909090909,30,0.8571428571428571,-5.5,1,2,6,12,4,0.6666666666666666,18,18,0.3888888888888889,0.5555555555555556,0.4666666666666667,2224.9410319827193,11.120199659016292
P44_R35,44,35,0.4901960784313725,0.4705882352941176,-0.04,51,0.7346938775510204,-7.352941176470588,8,0.1568627450980392,7,0.1372549019607843,4,2,5,1,0.55,6,0.0,0,0.3333333333333333,0.303030303030303,0.6363636363636364,0.0,33,0.8064516129032258,-4.545454545454546,1,2,16,22,4,0.6666666666666666,11,11,0.2727272727272727,0.6363636363636364,0.6,2973.1264595640437,11.538250276607611
P44_R36,44,36,0.4901960784313725,0.4705882352941176,-0.04,51,0.7346938775510204,-7.352941176470588,8,0.1568627450980392,7,0.1372549019607843,4,2,5,1,0.55,6,0.0,0,0.3333333333333333,0.3636363636363636,0.5757575757575758,0.0,33,0.9032258064516128,-5.454545454545455,0,999,999,999,0,0.5,999,999,0.0,0.0,0.6,2624.019799303306,11.358112589059502
P44_R37,44,37,0.4901960784313725,0.4705882352941176,-0.04,51,0.7346938775510204,-7.352941176470588,8,0.1568627450980392,7,0.1372549019607843,4,2,5,1,0.55,6,0.0,0,0.3333333333333333,0.3333333333333333,0.6060606060606061,-0.0909090909090909,33,0.8064516129032258,-5.0,0,999,999,999,0,0.5,999,999,0.0,0.0,0.6,3562.858544658803,11.799224359746033
P44_R38,44,38,0.4901960784313725,0.4705882352941176,-0.04,51,0.7346938775510204,-7.352941176470588,8,0.1568627450980392,7,0.1372549019607843,4,2,5,1,0.55,6,0.0,0,0.3333333333333333,0.3636363636363636,0.5757575757575758,-0.1666666666666666,33,0.8064516129032258,-5.454545454545455,0,999,999,999,0,0.5,999,999,0.0,0.0,0.6666666666666666,3587.3797747283975,11.809116870048289
P44_R39,44,39,0.4901960784313725,0.4705882352941176,-0.04,51,0.7346938775510204,-7.352941176470588,8,0.1568627450980392,7,0.1372549019607843,4,2,5,1,0.55,6,0.0,0,0.3333333333333333,0.3939393939393939,0.5454545454545454,-0.0769230769230769,33,0.8709677419354839,-5.909090909090909,1,2,16,22,4,0.6666666666666666,11,11,0.1818181818181818,0.7272727272727273,0.6,4300.756490614565,12.070710145144615
P44_R40,44,40,0.4901960784313725,0.4705882352941176,-0.04,51,0.7346938775510204,-7.352941176470588,8,0.1568627450980392,7,0.1372549019607843,4,2,5,1,0.55,6,0.0,0,0.3333333333333333,0.3666666666666666,0.5666666666666667,0.2727272727272727,30,0.8571428571428571,-5.5,1,2,6,12,4,0.8333333333333334,18,18,0.3888888888888889,0.5555555555555556,0.6,3564.000938002548,11.799686740924924
P44_R41,44,41,0.4901960784313725,0.4705882352941176,-0.04,51,0.7346938775510204,-7.352941176470588,8,0.1568627450980392,7,0.1372549019607843,4,2,5,1,0.55,6,0.0,0,0.3333333333333333,0.4,0.5333333333333333,0.1666666666666666,30,0.7857142857142857,-6.0,1,2,6,12,4,0.6666666666666666,18,18,0.4444444444444444,0.5,0.5333333333333333,3897.6656781408924,11.928764729428934
P44_R42,44,42,0.4901960784313725,0.4705882352941176,-0.04,51,0.7346938775510204,-7.352941176470588,8,0.1568627450980392,7,0.1372549019607843,4,2,5,1,0.55,6,0.0,0,0.3333333333333333,0.3333333333333333,0.6060606060606061,0.0909090909090909,33,0.8709677419354839,-5.0,0,999,999,999,0,0.5,999,999,0.0,0.0,0.6,5272.823562229193,12.364633590761244
P44_R43,44,43,0.4901960784313725,0.4705882352941176,-0.04,51,0.7346938775510204,-7.352941176470588,8,0.1568627450980392,7,0.1372549019607843,4,2,5,1,0.55,6,0.0,0,0.3333333333333333,0.4,0.5333333333333333,0.1666666666666666,30,0.8571428571428571,-6.0,1,2,6,12,4,0.6666666666666666,18,18,0.4444444444444444,0.5,0.5333333333333333,11644.728599714575,13.507513282242282
P44_R44,44,44,0.4901960784313725,0.4705882352941176,-0.04,51,0.7346938775510204,-7.352941176470588,8,0.1568627450980392,7,0.1372549019607843,4,2,5,1,0.55,6,0.0,0,0.3333333333333333,0.3333333333333333,0.6,0.2,30,0.8214285714285714,-5.0,1,2,6,12,4,0.6666666666666666,18,18,0.3333333333333333,0.6111111111111112,0.5333333333333333,17963.216940879818,14.132838429271315
P44_R45,44,45,0.4901960784313725,0.4705882352941176,-0.04,51,0.7346938775510204,-7.352941176470588,8,0.1568627450980392,7,0.1372549019607843,4,2,5,1,0.55,6,0.0,0,0.3333333333333333,0.3666666666666666,0.5666666666666667,0.0909090909090909,30,0.75,-5.5,1,2,6,12,4,0.6666666666666666,18,18,0.3888888888888889,0.5555555555555556,0.5333333333333333,15601.687645451015,13.929506941892665
P44_R46,44,46,0.4901960784313725,0.4705882352941176,-0.04,51,0.7346938775510204,-7.352941176470588,8,0.1568627450980392,7,0.1372549019607843,4,2,5,1,0.55,6,0.0,0,0.3333333333333333,0.3939393939393939,0.5454545454545454,0.0769230769230769,33,0.9032258064516128,-5.909090909090909,0,999,999,999,0,0.5,999,999,0.0,0.0,0.6,22791.67928178944,14.476282903071201
P44_R47,44,47,0.4901960784313725,0.4705882352941176,-0.04,51,0.7346938775510204,-7.352941176470588,8,0.1568627450980392,7,0.1372549019607843,4,2,5,1,0.55,6,0.0,0,0.3333333333333333,0.3939393939393939,0.5454545454545454,0.0769230769230769,33,0.935483870967742,-5.909090909090909,1,2,16,22,4,0.6666666666666666,11,11,0.2727272727272727,0.6363636363636364,0.6,24472.86702261021,14.578954453732035
P45_R0,45,0,0.5,0.4615384615384615,-0.2307692307692307,52,0.64,-7.5,11,0.2115384615384615,9,0.173076923076923,5,1,5,1,0.55,6,0.0,0,0.3333333333333333,0.3333333333333333,0.6,0.2,30,0.8214285714285714,-5.0,1,2,6,12,4,0.6666666666666666,18,18,0.3333333333333333,0.6111111111111112,0.6,72.76108176410473,6.204787909063848
P45_R1,45,1,0.5,0.4615384615384615,-0.2307692307692307,52,0.64,-7.5,11,0.2115384615384615,9,0.173076923076923,5,1,5,1,0.55,6,0.0,0,0.3333333333333333,0.3333333333333333,0.6,0.0,30,0.8214285714285714,-5.0,1,2,6,12,4,0.6666666666666666,18,18,0.3333333333333333,0.6111111111111112,0.6,89.06888964348008,6.492956971097414
P45_R2,45,2,0.5,0.4615384615384615,-0.2307692307692307,52,0.64,-7.5,11,0.2115384615384615,9,0.173076923076923,5,1,5,1,0.55,6,0.0,0,0.3333333333333333,0.3636363636363636,0.5757575757575758,0.0,33,0.8709677419354839,-5.454545454545455,1,2,16,22,4,0.6666666666666666,11,11,0.2727272727272727,0.6363636363636364,0.6,146.65491462900275,7.206085566516757
P45_R3,45,3,0.5,0.4615384615384615,-0.2307692307692307,52,0.64,-7.5,11,0.2115384615384615,9,0.173076923076923,5,1,5,1,0.55,6,0.0,0,0.3333333333333333,0.4,0.5333333333333333,0.1666666666666666,30,0.8928571428571429,-6.0,1,2,6,12,4,0.8333333333333334,18,18,0.4444444444444444,0.5,0.5333333333333333,224.68220152675335,7.818148834349653
P45_R4,45,4,0.5,0.4615384615384615,-0.2307692307692307,52,0.64,-7.5,11,0.2115384615384615,9,0.173076923076923,5,1,5,1,0.55,6,0.0,0,0.3333333333333333,0.4,0.5333333333333333,0.1666666666666666,30,0.8214285714285714,-6.0,1,2,6,12,4,0.6666666666666666,18,18,0.4444444444444444,0.5,0.4666666666666667,291.6998235267479,8.19327806569849
P45_R5,45,5,0.5,0.4615384615384615,-0.2307692307692307,52,0.64,-7.5,11,0.2115384615384615,9,0.173076923076923,5,1,5,1,0.55,6,0.0,0,0.3333333333333333,0.3636363636363636,0.5757575757575758,0.0,33,0.8709677419354839,-5.454545454545455,1,1,11,17,5,0.8333333333333334,16,16,0.375,0.5625,0.6,434.7274047603272,8.76728204314366
P45_R6,45,6,0.5,0.4615384615384615,-0.2307692307692307,52,0.64,-7.5,11,0.2115384615384615,9,0.173076923076923,5,1,5,1,0.55,6,0.0,0,0.3333333333333333,0.3,0.6333333333333333,0.1111111111111111,30,0.8214285714285714,-4.5,1,2,6,12,4,0.6666666666666666,18,18,0.2777777777777778,0.6666666666666666,0.6,559.6299529562777,9.130905015534864
P45_R7,45,7,0.5,0.4615384615384615,-0.2307692307692307,52,0.64,-7.5,11,0.2115384615384615,9,0.173076923076923,5,1,5,1,0.55,6,0.0,0,0.3333333333333333,0.3666666666666666,0.5666666666666667,0.2727272727272727,30,0.9285714285714286,-5.5,1,2,6,12,4,0.6666666666666666,18,18,0.3888888888888889,0.5555555555555556,0.4666666666666667,294.228183719105,8.205686643459327
P45_R8,45,8,0.5,0.4615384615384615,-0.2307692307692307,52,0.64,-7.5,11,0.2115384615384615,9,0.173076923076923,5,1,5,1,0.55,6,0.0,0,0.3333333333333333,0.3333333333333333,0.6060606060606061,-0.0909090909090909,33,0.935483870967742,-5.0,1,1,16,22,5,0.8333333333333334,11,11,0.1818181818181818,0.7272727272727273,0.6666666666666666,358.1981651703578,8.488636170403934
P45_R9,45,9,0.5,0.4615384615384615,-0.2307692307692307,52,0.64,-7.5,11,0.2115384615384615,9,0.173076923076923,5,1,5,1,0.55,6,0.0,0,0.3333333333333333,0.4333333333333333,0.5,-0.0769230769230769,30,0.8214285714285714,-6.5,1,2,6,12,4,0.6666666666666666,18,18,0.5,0.4444444444444444,0.4,382.30502381826915,8.582349096836207
P45_R10,45,10,0.5,0.4615384615384615,-0.2307692307692307,52,0.64,-7.5,11,0.2115384615384615,9,0.173076923076923,5,1,5,1,0.55,6,0.0,0,0.3333333333333333,0.3636363636363636,0.5757575757575758,0.0,33,0.8709677419354839,-5.454545454545455,1,2,13,19,4,0.6666666666666666,14,14,0.3571428571428571,0.5714285714285714,0.5333333333333333,376.257176773856,8.559404535980804
P45_R11,45,11,0.5,0.4615384615384615,-0.2307692307692307,52,0.64,-7.5,11,0.2115384615384615,9,0.173076923076923,5,1,5,1,0.55,6,0.0,0,0.3333333333333333,0.3333333333333333,0.6060606060606061,-0.0909090909090909,33,0.9032258064516128,-5.0,1,2,11,17,4,0.6666666666666666,16,16,0.375,0.5625,0.6,406.0611747672741,8.6691018144905
P45_R12,45,12,0.5,0.4615384615384615,-0.2307692307692307,52,0.64,-7.5,11,0.2115384615384615,9,0.173076923076923,5,1,5,1,0.55,6,0.0,0,0.3333333333333333,0.3666666666666666,0.5666666666666667,0.2727272727272727,30,0.8214285714285714,-5.5,1,2,6,12,4,0.8333333333333334,18,18,0.3888888888888889,0.5555555555555556,0.6,471.34529478779433,8.883698076803489
P45_R13,45,13,0.5,0.4615384615384615,-0.2307692307692307,52,0.64,-7.5,11,0.2115384615384615,9,0.173076923076923,5,1,5,1,0.55,6,0.0,0,0.3333333333333333,0.3333333333333333,0.6,0.0,30,0.7857142857142857,-5.0,1,2,6,12,4,0.6666666666666666,18,18,0.3333333333333333,0.6111111111111112,0.5333333333333333,416.3672710847466,8.705173662109955
P45_R14,45,14,0.5,0.4615384615384615,-0.2307692307692307,52,0.64,-7.5,11,0.2115384615384615,9,0.173076923076923,5,1,5,1,0.55,6,0.0,0,0.3333333333333333,0.3055555555555556,0.6388888888888888,0.0909090909090909,36,0.7941176470588235,-4.583333333333334,1,2,16,22,4,1.0,14,14,0.4285714285714285,0.5,0.4666666666666667,546.5470057564453,9.096839012133737
P45_R15,45,15,0.5,0.4615384615384615,-0.2307692307692307,52,0.64,-7.5,11,0.2115384615384615,9,0.173076923076923,5,1,5,1,0.55,6,0.0,0,0.3333333333333333,0.3333333333333333,0.6060606060606061,0.0909090909090909,33,0.8064516129032258,-5.0,1,2,15,21,4,0.6666666666666666,12,12,0.25,0.6666666666666666,0.6,569.7142362344032,9.156624740678714
P45_R16,45,16,0.5,0.4615384615384615,-0.2307692307692307,52,0.64,-7.5,11,0.2115384615384615,9,0.173076923076923,5,1,5,1,0.55,6,0.0,0,0.3333333333333333,0.4,0.5333333333333333,0.1666666666666666,30,0.8214285714285714,-6.0,1,2,6,12,4,0.6666666666666666,18,18,0.4444444444444444,0.5,0.5333333333333333,669.0027643141268,9.38802323766462
P45_R17,45,17,0.5,0.4615384615384615,-0.2307692307692307,52,0.64,-7.5,11,0.2115384615384615,9,0.173076923076923,5,1,5,1,0.55,6,0.0,0,0.3333333333333333,0.3939393939393939,0.5454545454545454,-0.0769230769230769,33,0.9032258064516128,-5.909090909090909,1,1,16,22,5,0.8333333333333334,11,11,0.2727272727272727,0.6363636363636364,0.5333333333333333,698.9810525926533,9.451172060831507
P45_R18,45,18,0.5,0.4615384615384615,-0.2307692307692307,52,0.64,-7.5,11,0.2115384615384615,9,0.173076923076923,5,1,5,1,0.55,6,0.0,0,0.3333333333333333,0.3636363636363636,0.5757575757575758,-0.1666666666666666,33,0.935483870967742,-5.454545454545455,1,2,16,22,4,0.6666666666666666,11,11,0.2727272727272727,0.6363636363636364,0.6,725.5425277336628,9.504903437398491
P45_R19,45,19,0.5,0.4615384615384615,-0.2307692307692307,52,0.64,-7.5,11,0.2115384615384615,9,0.173076923076923,5,1,5,1,0.55,6,0.0,0,0.3333333333333333,0.4583333333333333,0.4583333333333333,-0.0909090909090909,24,0.8636363636363636,-6.875,1,2,7,13,4,0.6666666666666666,11,11,0.5454545454545454,0.3636363636363636,0.4666666666666667,642.9919112065425,9.330898757407326
P45_R20,45,20,0.5,0.4615384615384615,-0.2307692307692307,52,0.64,-7.5,11,0.2115384615384615,9,0.173076923076923,5,1,5,1,0.55,6,0.0,0,0.3333333333333333,0.4333333333333333,0.5,0.2307692307692307,30,0.75,-6.5,1,2,6,12,4,0.8333333333333334,18,18,0.5,0.4444444444444444,0.4,1067.9065669137153,10.061920037307676
P45_R21,45,21,0.5,0.4615384615384615,-0.2307692307692307,52,0.64,-7.5,11,0.2115384615384615,9,0.173076923076923,5,1,5,1,0.55,6,0.0,0,0.3333333333333333,0.3666666666666666,0.5666666666666667,0.0909090909090909,30,0.8214285714285714,-5.5,1,2,6,12,4,0.6666666666666666,18,18,0.3888888888888889,0.5555555555555556,0.5333333333333333,850.4275442875364,9.733739952861518
P45_R22,45,22,0.5,0.4615384615384615,-0.2307692307692307,52,0.64,-7.5,11,0.2115384615384615,9,0.173076923076923,5,1,5,1,0.55,6,0.0,0,0.3333333333333333,0.3529411764705882,0.5294117647058824,-0.6666666666666666,17,0.7333333333333333,-5.294117647058824,0,999,999,999,0,0.3333333333333333,999,999,0.0,0.0,0.6,625.1400076776605,9.290341476002611
P45_R23,45,23,0.5,0.4615384615384615,-0.2307692307692307,52,0.64,-7.5,11,0.2115384615384615,9,0.173076923076923,5,1,5,1,0.55,6,0.0,0,0.3333333333333333,0.3055555555555556,0.6388888888888888,-0.2727272727272727,36,0.6176470588235294,-4.583333333333334,1,2,21,27,4,0.6666666666666666,9,9,0.2222222222222222,0.6666666666666666,0.4666666666666667,752.8434078768432,9.558121060560495
P45_R24,45,24,0.5,0.4615384615384615,-0.2307692307692307,52,0.64,-7.5,11,0.2115384615384615,9,0.173076923076923,5,1,5,1,0.55,6,0.0,0,0.3333333333333333,0.2666666666666666,0.6666666666666666,0.25,30,0.7857142857142857,-4.0,1,2,6,12,4,0.6666666666666666,18,18,0.2222222222222222,0.7222222222222222,0.6666666666666666,685.409845632222,9.42292643629358
P45_R25,45,25,0.5,0.4615384615384615,-0.2307692307692307,52,0.64,-7.5,11,0.2115384615384615,9,0.173076923076923,5,1,5,1,0.55,6,0.0,0,0.3333333333333333,0.3666666666666666,0.5666666666666667,0.2727272727272727,30,0.8214285714285714,-5.5,1,2,6,12,4,0.6666666666666666,18,18,0.3888888888888889,0.5555555555555556,0.5333333333333333,906.9958806649039,9.82654194218321
P45_R26,45,26,0.5,0.4615384615384615,-0.2307692307692307,52,0.64,-7.5,11,0.2115384615384615,9,0.173076923076923,5,1,5,1,0.55,6,0.0,0,0.3333333333333333,0.4,0.5333333333333333,0.3333333333333333,30,0.7857142857142857,-6.0,1,2,6,12,4,0.8333333333333334,18,18,0.4444444444444444,0.5,0.4666666666666667,956.01368273553,9.902395741313173
P45_R27,45,27,0.5,0.4615384615384615,-0.2307692307692307,52,0.64,-7.5,11,0.2115384615384615,9,0.173076923076923,5,1,5,1,0.55,6,0.0,0,0.3333333333333333,0.3333333333333333,0.6060606060606061,-0.0909090909090909,33,0.8387096774193549,-5.0,0,999,999,999,0,0.5,999,999,0.0,0.0,0.7333333333333333,1045.5615141320648,10.031441396566356
P45_R28,45,28,0.5,0.4615384615384615,-0.2307692307692307,52,0.64,-7.5,11,0.2115384615384615,9,0.173076923076923,5,1,5,1,0.55,6,0.0,0,0.3333333333333333,0.3939393939393939,0.5454545454545454,0.0769230769230769,33,0.8709677419354839,-5.909090909090909,1,2,11,17,4,0.6666666666666666,16,16,0.4375,0.5,0.5333333333333333,1622.0104677213405,10.66445658934216
P45_R29,45,29,0.5,0.4615384615384615,-0.2307692307692307,52,0.64,-7.5,11,0.2115384615384615,9,0.173076923076923,5,1,5,1,0.55,6,0.0,0,0.3333333333333333,0.3666666666666666,0.5666666666666667,0.0909090909090909,30,0.7857142857142857,-5.5,1,2,6,12,4,0.6666666666666666,18,18,0.3888888888888889,0.5555555555555556,0.6,1381.0758425043202,10.432621071591317
P45_R30,45,30,0.5,0.4615384615384615,-0.2307692307692307,52,0.64,-7.5,11,0.2115384615384615,9,0.173076923076923,5,1,5,1,0.55,6,0.0,0,0.3333333333333333,0.4,0.5333333333333333,0.0,30,0.8214285714285714,-6.0,1,2,6,12,4,0.6666666666666666,18,18,0.4444444444444444,0.5,0.5333333333333333,1466.1328888379423,10.51878383691714
P45_R31,45,31,0.5,0.4615384615384615,-0.2307692307692307,52,0.64,-7.5,11,0.2115384615384615,9,0.173076923076923,5,1,5,1,0.55,6,0.0,0,0.3333333333333333,0.4333333333333333,0.5,-0.0769230769230769,30,0.7857142857142857,-6.5,1,2,6,12,4,0.6666666666666666,18,18,0.5,0.4444444444444444,0.4666666666666667,1426.619089577348,10.47939538245785
P45_R32,45,32,0.5,0.4615384615384615,-0.2307692307692307,52,0.64,-7.5,11,0.2115384615384615,9,0.173076923076923,5,1,5,1,0.55,6,0.0,0,0.3333333333333333,0.4,0.5333333333333333,0.1666666666666666,30,0.8571428571428571,-6.0,1,2,6,12,4,0.8333333333333334,18,18,0.4444444444444444,0.5,0.5333333333333333,1642.3582648619565,10.682431317959857
P45_R33,45,33,0.5,0.4615384615384615,-0.2307692307692307,52,0.64,-7.5,11,0.2115384615384615,9,0.173076923076923,5,1,5,1,0.55,6,0.0,0,0.3333333333333333,0.3636363636363636,0.5757575757575758,0.0,33,0.7419354838709677,-5.454545454545455,1,2,13,19,4,0.6666666666666666,14,14,0.2142857142857142,0.7142857142857143,0.6666666666666666,2399.580826647021,11.229167796471854
P45_R34,45,34,0.5,0.4615384615384615,-0.2307692307692307,52,0.64,-7.5,11,0.2115384615384615,9,0.173076923076923,5,1,5,1,0.55,6,0.0,0,0.3333333333333333,0.3666666666666666,0.5666666666666667,0.0909090909090909,30,0.8571428571428571,-5.5,1,2,6,12,4,0.6666666666666666,18,18,0.3888888888888889,0.5555555555555556,0.4666666666666667,2643.2795481005073,11.368658988489292
P45_R35,45,35,0.5,0.4615384615384615,-0.2307692307692307,52,0.64,-7.5,11,0.2115384615384615,9,0.173076923076923,5,1,5,1,0.55,6,0.0,0,0.3333333333333333,0.303030303030303,0.6363636363636364,0.0,33,0.8064516129032258,-4.545454545454546,1,2,16,22,4,0.6666666666666666,11,11,0.2727272727272727,0.6363636363636364,0.6,1965.2488313444805,10.941230192826113
P45_R36,45,36,0.5,0.4615384615384615,-0.2307692307692307,52,0.64,-7.5,11,0.2115384615384615,9,0.173076923076923,5,1,5,1,0.55,6,0.0,0,0.3333333333333333,0.3636363636363636,0.5757575757575758,0.0,33,0.9032258064516128,-5.454545454545455,0,999,999,999,0,0.5,999,999,0.0,0.0,0.6,2710.8300659209317,11.40505106094813
P45_R37,45,37,0.5,0.4615384615384615,-0.2307692307692307,52,0.64,-7.5,11,0.2115384615384615,9,0.173076923076923,5,1,5,1,0.55,6,0.0,0,0.3333333333333333,0.3333333333333333,0.6060606060606061,-0.0909090909090909,33,0.8064516129032258,-5.0,0,999,999,999,0,0.5,999,999,0.0,0.0,0.6,3520.16039059405,11.781835228831177
P45_R38,45,38,0.5,0.4615384615384615,-0.2307692307692307,52,0.64,-7.5,11,0.2115384615384615,9,0.173076923076923,5,1,5,1,0.55,6,0.0,0,0.3333333333333333,0.3636363636363636,0.5757575757575758,-0.1666666666666666,33,0.8064516129032258,-5.454545454545455,0,999,999,999,0,0.5,999,999,0.0,0.0,0.6666666666666666,3524.0571415358427,11.783430928596843
P45_R39,45,39,0.5,0.4615384615384615,-0.2307692307692307,52,0.64,-7.5,11,0.2115384615384615,9,0.173076923076923,5,1,5,1,0.55,6,0.0,0,0.3333333333333333,0.3939393939393939,0.5454545454545454,-0.0769230769230769,33,0.8709677419354839,-5.909090909090909,1,2,16,22,4,0.6666666666666666,11,11,0.1818181818181818,0.7272727272727273,0.6,3428.0632123921246,11.743598784259072
P45_R40,45,40,0.5,0.4615384615384615,-0.2307692307692307,52,0.64,-7.5,11,0.2115384615384615,9,0.173076923076923,5,1,5,1,0.55,6,0.0,0,0.3333333333333333,0.3666666666666666,0.5666666666666667,0.2727272727272727,30,0.8571428571428571,-5.5,1,2,6,12,4,0.8333333333333334,18,18,0.3888888888888889,0.5555555555555556,0.6,3750.548281875056,11.873270410294763
P45_R41,45,41,0.5,0.4615384615384615,-0.2307692307692307,52,0.64,-7.5,11,0.2115384615384615,9,0.173076923076923,5,1,5,1,0.55,6,0.0,0,0.3333333333333333,0.4,0.5333333333333333,0.1666666666666666,30,0.7857142857142857,-6.0,1,2,6,12,4,0.6666666666666666,18,18,0.4444444444444444,0.5,0.5333333333333333,4482.234624188116,12.130324287574059
P45_R42,45,42,0.5,0.4615384615384615,-0.2307692307692307,52,0.64,-7.5,11,0.2115384615384615,9,0.173076923076923,5,1,5,1,0.55,6,0.0,0,0.3333333333333333,0.3333333333333333,0.6060606060606061,0.0909090909090909,33,0.8709677419354839,-5.0,0,999,999,999,0,0.5,999,999,0.0,0.0,0.6,5193.866110590687,12.342870851101287
P45_R43,45,43,0.5,0.4615384615384615,-0.2307692307692307,52,0.64,-7.5,11,0.2115384615384615,9,0.173076923076923,5,1,5,1,0.55,6,0.0,0,0.3333333333333333,0.4,0.5333333333333333,0.1666666666666666,30,0.8571428571428571,-6.0,1,2,6,12,4,0.6666666666666666,18,18,0.4444444444444444,0.5,0.5333333333333333,11709.088907536188,13.51546440893039
P45_R44,45,44,0.5,0.4615384615384615,-0.2307692307692307,52,0.64,-7.5,11,0.2115384615384615,9,0.173076923076923,5,1,5,1,0.55,6,0.0,0,0.3333333333333333,0.3333333333333333,0.6,0.2,30,0.8214285714285714,-5.0,1,2,6,12,4,0.6666666666666666,18,18,0.3333333333333333,0.6111111111111112,0.5333333333333333,20196.547540070133,14.301892505864254
P45_R45,45,45,0.5,0.4615384615384615,-0.2307692307692307,52,0.64,-7.5,11,0.2115384615384615,9,0.173076923076923,5,1,5,1,0.55,6,0.0,0,0.3333333333333333,0.3666666666666666,0.5666666666666667,0.0909090909090909,30,0.75,-5.5,1,2,6,12,4,0.6666666666666666,18,18,0.3888888888888889,0.5555555555555556,0.5333333333333333,16938.377746931343,14.048093259065805
P45_R46,45,46,0.5,0.4615384615384615,-0.2307692307692307,52,0.64,-7.5,11,0.2115384615384615,9,0.173076923076923,5,1,5,1,0.55,6,0.0,0,0.3333333333333333,0.3939393939393939,0.5454545454545454,0.0769230769230769,33,0.9032258064516128,-5.909090909090909,0,999,999,999,0,0.5,999,999,0.0,0.0,0.6,19322.81067341943,14.238092002581272
P45_R47,45,47,0.5,0.4615384615384615,-0.2307692307692307,52,0.64,-7.5,11,0.2115384615384615,9,0.173076923076923,5,1,5,1,0.55,6,0.0,0,0.3333333333333333,0.3939393939393939,0.5454545454545454,0.0769230769230769,33,0.935483870967742,-5.909090909090909,1,2,16,22,4,0.6666666666666666,11,11,0.2727272727272727,0.6363636363636364,0.6,29362.826038685576,14.841752339808684
P46_R0,46,0,0.4509803921568627,0.5098039215686274,-0.0434782608695652,51,0.7142857142857143,-6.764705882352941,8,0.1568627450980392,11,0.2156862745098039,4,2,5,1,0.55,6,0.0,0,0.0,0.3333333333333333,0.6,0.2,30,0.8214285714285714,-5.0,1,2,6,12,4,0.6666666666666666,18,18,0.3333333333333333,0.6111111111111112,0.6,105.33969547669798,6.732536429891089
P46_R1,46,1,0.4509803921568627,0.5098039215686274,-0.0434782608695652,51,0.7142857142857143,-6.764705882352941,8,0.1568627450980392,11,0.2156862745098039,4,2,5,1,0.55,6,0.0,0,0.0,0.3333333333333333,0.6,0.0,30,0.8214285714285714,-5.0,1,2,6,12,4,0.6666666666666666,18,18,0.3333333333333333,0.6111111111111112,0.6,117.4514013952728,6.888151456939196
P46_R2,46,2,0.4509803921568627,0.5098039215686274,-0.0434782608695652,51,0.7142857142857143,-6.764705882352941,8,0.1568627450980392,11,0.2156862745098039,4,2,5,1,0.55,6,0.0,0,0.0,0.3636363636363636,0.5757575757575758,0.0,33,0.8709677419354839,-5.454545454545455,1,2,16,22,4,0.6666666666666666,11,11,0.2727272727272727,0.6363636363636364,0.6,165.93881642394115,7.383175637292862
P46_R3,46,3,0.4509803921568627,0.5098039215686274,-0.0434782608695652,51,0.7142857142857143,-6.764705882352941,8,0.1568627450980392,11,0.2156862745098039,4,2,5,1,0.55,6,0.0,0,0.0,0.4,0.5333333333333333,0.1666666666666666,30,0.8928571428571429,-6.0,1,2,6,12,4,0.8333333333333334,18,18,0.4444444444444444,0.5,0.5333333333333333,289.0972405586461,8.180392762279643
P46_R4,46,4,0.4509803921568627,0.5098039215686274,-0.0434782608695652,51,0.7142857142857143,-6.764705882352941,8,0.1568627450980392,11,0.2156862745098039,4,2,5,1,0.55,6,0.0,0,0.0,0.4,0.5333333333333333,0.1666666666666666,30,0.8214285714285714,-6.0,1,2,6,12,4,0.6666666666666666,18,18,0.4444444444444444,0.5,0.4666666666666667,394.99804016983404,8.629349480068857
P46_R5,46,5,0.4509803921568627,0.5098039215686274,-0.0434782608695652,51,0.7142857142857143,-6.764705882352941,8,0.1568627450980392,11,0.2156862745098039,4,2,5,1,0.55,6,0.0,0,0.0,0.3636363636363636,0.5757575757575758,0.0,33,0.8709677419354839,-5.454545454545455,1,1,11,17,5,0.8333333333333334,16,16,0.375,0.5625,0.6,575.0961071362204,9.170165698877678
P46_R6,46,6,0.4509803921568627,0.5098039215686274,-0.0434782608695652,51,0.7142857142857143,-6.764705882352941,8,0.1568627450980392,11,0.2156862745098039,4,2,5,1,0.55,6,0.0,0,0.0,0.3,0.6333333333333333,0.1111111111111111,30,0.8214285714285714,-4.5,1,2,6,12,4,0.6666666666666666,18,18,0.2777777777777778,0.6666666666666666,0.6,393.69146819376317,8.624581523478549
P46_R7,46,7,0.4509803921568627,0.5098039215686274,-0.0434782608695652,51,0.7142857142857143,-6.764705882352941,8,0.1568627450980392,11,0.2156862745098039,4,2,5,1,0.55,6,0.0,0,0.0,0.3666666666666666,0.5666666666666667,0.2727272727272727,30,0.9285714285714286,-5.5,1,2,6,12,4,0.6666666666666666,18,18,0.3888888888888889,0.5555555555555556,0.4666666666666667,465.4365657846198,8.865537081246915
P46_R8,46,8,0.4509803921568627,0.5098039215686274,-0.0434782608695652,51,0.7142857142857143,-6.764705882352941,8,0.1568627450980392,11,0.2156862745098039,4,2,5,1,0.55,6,0.0,0,0.0,0.3333333333333333,0.6060606060606061,-0.0909090909090909,33,0.935483870967742,-5.0,1,1,16,22,5,0.8333333333333334,11,11,0.1818181818181818,0.7272727272727273,0.6666666666666666,489.6476627177339,8.938543577413636
P46_R9,46,9,0.4509803921568627,0.5098039215686274,-0.0434782608695652,51,0.7142857142857143,-6.764705882352941,8,0.1568627450980392,11,0.2156862745098039,4,2,5,1,0.55,6,0.0,0,0.0,0.4333333333333333,0.5,-0.0769230769230769,30,0.8214285714285714,-6.5,1,2,6,12,4,0.6666666666666666,18,18,0.5,0.4444444444444444,0.4,504.7612659998147,8.982312741426375
P46_R10,46,10,0.4509803921568627,0.5098039215686274,-0.0434782608695652,51,0.7142857142857143,-6.764705882352941,8,0.1568627450980392,11,0.2156862745098039,4,2,5,1,0.55,6,0.0,0,0.0,0.3636363636363636,0.5757575757575758,0.0,33,0.8709677419354839,-5.454545454545455,1,2,13,19,4,0.6666666666666666,14,14,0.3571428571428571,0.5714285714285714,0.5333333333333333,473.73967581491604,8.890992816136695
P46_R11,46,11,0.4509803921568627,0.5098039215686274,-0.0434782608695652,51,0.7142857142857143,-6.764705882352941,8,0.1568627450980392,11,0.2156862745098039,4,2,5,1,0.55,6,0.0,0,0.0,0.3333333333333333,0.6060606060606061,-0.0909090909090909,33,0.9032258064516128,-5.0,1,2,11,17,4,0.6666666666666666,16,16,0.375,0.5625,0.6,466.5935702922803,8.869111281810211
P46_R12,46,12,0.4509803921568627,0.5098039215686274,-0.0434782608695652,51,0.7142857142857143,-6.764705882352941,8,0.1568627450980392,11,0.2156862745098039,4,2,5,1,0.55,6,0.0,0,0.0,0.3666666666666666,0.5666666666666667,0.2727272727272727,30,0.8214285714285714,-5.5,1,2,6,12,4,0.8333333333333334,18,18,0.3888888888888889,0.5555555555555556,0.6,610.6917797670615,9.256661078292796
P46_R13,46,13,0.4509803921568627,0.5098039215686274,-0.0434782608695652,51,0.7142857142857143,-6.764705882352941,8,0.1568627450980392,11,0.2156862745098039,4,2,5,1,0.55,6,0.0,0,0.0,0.3333333333333333,0.6,0.0,30,0.7857142857142857,-5.0,1,2,6,12,4,0.6666666666666666,18,18,0.3333333333333333,0.6111111111111112,0.5333333333333333,544.0039512830401,9.090122879252881
P46_R14,46,14,0.4509803921568627,0.5098039215686274,-0.0434782608695652,51,0.7142857142857143,-6.764705882352941,8,0.1568627450980392,11,0.2156862745098039,4,2,5,1,0.55,6,0.0,0,0.0,0.3055555555555556,0.6388888888888888,0.0909090909090909,36,0.7941176470588235,-4.583333333333334,1,2,16,22,4,1.0,14,14,0.4285714285714285,0.5,0.4666666666666667,643.1735221252655,9.33130555170062
P46_R15,46,15,0.4509803921568627,0.5098039215686274,-0.0434782608695652,51,0.7142857142857143,-6.764705882352941,8,0.1568627450980392,11,0.2156862745098039,4,2,5,1,0.55,6,0.0,0,0.0,0.3333333333333333,0.6060606060606061,0.0909090909090909,33,0.8064516129032258,-5.0,1,2,15,21,4,0.6666666666666666,12,12,0.25,0.6666666666666666,0.6,613.0369329377777,9.262181622835522
P46_R16,46,16,0.4509803921568627,0.5098039215686274,-0.0434782608695652,51,0.7142857142857143,-6.764705882352941,8,0.1568627450980392,11,0.2156862745098039,4,2,5,1,0.55,6,0.0,0,0.0,0.4,0.5333333333333333,0.1666666666666666,30,0.8214285714285714,-6.0,1,2,6,12,4,0.6666666666666666,18,18,0.4444444444444444,0.5,0.5333333333333333,644.7332777753107,9.33479456786557
P46_R17,46,17,0.4509803921568627,0.5098039215686274,-0.0434782608695652,51,0.7142857142857143,-6.764705882352941,8,0.1568627450980392,11,0.2156862745098039,4,2,5,1,0.55,6,0.0,0,0.0,0.3939393939393939,0.5454545454545454,-0.0769230769230769,33,0.9032258064516128,-5.909090909090909,1,1,16,22,5,0.8333333333333334,11,11,0.2727272727272727,0.6363636363636364,0.5333333333333333,819.554327644034,9.680455045302772
P46_R18,46,18,0.4509803921568627,0.5098039215686274,-0.0434782608695652,51,0.7142857142857143,-6.764705882352941,8,0.1568627450980392,11,0.2156862745098039,4,2,5,1,0.55,6,0.0,0,0.0,0.3636363636363636,0.5757575757575758,-0.1666666666666666,33,0.935483870967742,-5.454545454545455,1,2,16,22,4,0.6666666666666666,11,11,0.2727272727272727,0.6363636363636364,0.6,828.203136335711,9.695581763008617
P46_R19,46,19,0.4509803921568627,0.5098039215686274,-0.0434782608695652,51,0.7142857142857143,-6.764705882352941,8,0.1568627450980392,11,0.2156862745098039,4,2,5,1,0.55,6,0.0,0,0.0,0.4583333333333333,0.4583333333333333,-0.0909090909090909,24,0.8636363636363636,-6.875,1,2,7,13,4,0.6666666666666666,11,11,0.5454545454545454,0.3636363636363636,0.4666666666666667,906.1341364066478,9.825172085203695
P46_R20,46,20,0.4509803921568627,0.5098039215686274,-0.0434782608695652,51,0.7142857142857143,-6.764705882352941,8,0.1568627450980392,11,0.2156862745098039,4,2,5,1,0.55,6,0.0,0,0.0,0.4333333333333333,0.5,0.2307692307692307,30,0.75,-6.5,1,2,6,12,4,0.8333333333333334,18,18,0.5,0.4444444444444444,0.4,1317.2679738845268,10.364427951895513
P46_R21,46,21,0.4509803921568627,0.5098039215686274,-0.0434782608695652,51,0.7142857142857143,-6.764705882352941,8,0.1568627450980392,11,0.2156862745098039,4,2,5,1,0.55,6,0.0,0,0.0,0.3666666666666666,0.5666666666666667,0.0909090909090909,30,0.8214285714285714,-5.5,1,2,6,12,4,0.6666666666666666,18,18,0.3888888888888889,0.5555555555555556,0.5333333333333333,1045.5721707951438,10.031456086803379
P46_R22,46,22,0.4509803921568627,0.5098039215686274,-0.0434782608695652,51,0.7142857142857143,-6.764705882352941,8,0.1568627450980392,11,0.2156862745098039,4,2,5,1,0.55,6,0.0,0,0.0,0.3529411764705882,0.5294117647058824,-0.6666666666666666,17,0.7333333333333333,-5.294117647058824,0,999,999,999,0,0.3333333333333333,999,999,0.0,0.0,0.6,1086.0061709932843,10.086144415308944
P46_R23,46,23,0.4509803921568627,0.5098039215686274,-0.0434782608695652,51,0.7142857142857143,-6.764705882352941,8,0.1568627450980392,11,0.2156862745098039,4,2,5,1,0.55,6,0.0,0,0.0,0.3055555555555556,0.6388888888888888,-0.2727272727272727,36,0.6176470588235294,-4.583333333333334,1,2,21,27,4,0.6666666666666666,9,9,0.2222222222222222,0.6666666666666666,0.4666666666666667,909.3508369421498,9.830278837473132
P46_R24,46,24,0.4509803921568627,0.5098039215686274,-0.0434782608695652,51,0.7142857142857143,-6.764705882352941,8,0.1568627450980392,11,0.2156862745098039,4,2,5,1,0.55,6,0.0,0,0.0,0.2666666666666666,0.6666666666666666,0.25,30,0.7857142857142857,-4.0,1,2,6,12,4,0.6666666666666666,18,18,0.2222222222222222,0.7222222222222222,0.6666666666666666,896.2396774102194,9.809349609950653
P46_R25,46,25,0.4509803921568627,0.5098039215686274,-0.0434782608695652,51,0.7142857142857143,-6.764705882352941,8,0.1568627450980392,11,0.2156862745098039,4,2,5,1,0.55,6,0.0,0,0.0,0.3666666666666666,0.5666666666666667,0.2727272727272727,30,0.8214285714285714,-5.5,1,2,6,12,4,0.6666666666666666,18,18,0.3888888888888889,0.5555555555555556,0.5333333333333333,1401.2412065563772,10.45351882058085
P46_R26,46,26,0.4509803921568627,0.5098039215686274,-0.0434782608695652,51,0.7142857142857143,-6.764705882352941,8,0.1568627450980392,11,0.2156862745098039,4,2,5,1,0.55,6,0.0,0,0.0,0.4,0.5333333333333333,0.3333333333333333,30,0.7857142857142857,-6.0,1,2,6,12,4,0.8333333333333334,18,18,0.4444444444444444,0.5,0.4666666666666667,1035.5340986664307,10.017551861956292
P46_R27,46,27,0.4509803921568627,0.5098039215686274,-0.0434782608695652,51,0.7142857142857143,-6.764705882352941,8,0.1568627450980392,11,0.2156862745098039,4,2,5,1,0.55,6,0.0,0,0.0,0.3333333333333333,0.6060606060606061,-0.0909090909090909,33,0.8387096774193549,-5.0,0,999,999,999,0,0.5,999,999,0.0,0.0,0.7333333333333333,1171.608846902578,10.19550613115377
P46_R28,46,28,0.4509803921568627,0.5098039215686274,-0.0434782608695652,51,0.7142857142857143,-6.764705882352941,8,0.1568627450980392,11,0.2156862745098039,4,2,5,1,0.55,6,0.0,0,0.0,0.3939393939393939,0.5454545454545454,0.0769230769230769,33,0.8709677419354839,-5.909090909090909,1,2,11,17,4,0.6666666666666666,16,16,0.4375,0.5,0.5333333333333333,1456.9048535917855,10.509680853620223
P46_R29,46,29,0.4509803921568627,0.5098039215686274,-0.0434782608695652,51,0.7142857142857143,-6.764705882352941,8,0.1568627450980392,11,0.2156862745098039,4,2,5,1,0.55,6,0.0,0,0.0,0.3666666666666666,0.5666666666666667,0.0909090909090909,30,0.7857142857142857,-5.5,1,2,6,12,4,0.6666666666666666,18,18,0.3888888888888889,0.5555555555555556,0.6,1532.8642839327647,10.582955123722652
P46_R30,46,30,0.4509803921568627,0.5098039215686274,-0.0434782608695652,51,0.7142857142857143,-6.764705882352941,8,0.1568627450980392,11,0.2156862745098039,4,2,5,1,0.55,6,0.0,0,0.0,0.4,0.5333333333333333,0.0,30,0.8214285714285714,-6.0,1,2,6,12,4,0.6666666666666666,18,18,0.4444444444444444,0.5,0.5333333333333333,1402.8264360474654,10.455148861805828
P46_R31,46,31,0.4509803921568627,0.5098039215686274,-0.0434782608695652,51,0.7142857142857143,-6.764705882352941,8,0.1568627450980392,11,0.2156862745098039,4,2,5,1,0.55,6,0.0,0,0.0,0.4333333333333333,0.5,-0.0769230769230769,30,0.7857142857142857,-6.5,1,2,6,12,4,0.6666666666666666,18,18,0.5,0.4444444444444444,0.4666666666666667,1914.3420378607418,10.903386333346344
P46_R32,46,32,0.4509803921568627,0.5098039215686274,-0.0434782608695652,51,0.7142857142857143,-6.764705882352941,8,0.1568627450980392,11,0.2156862745098039,4,2,5,1,0.55,6,0.0,0,0.0,0.4,0.5333333333333333,0.1666666666666666,30,0.8571428571428571,-6.0,1,2,6,12,4,0.8333333333333334,18,18,0.4444444444444444,0.5,0.5333333333333333,2802.6428151706136,11.453086845991407
P46_R33,46,33,0.4509803921568627,0.5098039215686274,-0.0434782608695652,51,0.7142857142857143,-6.764705882352941,8,0.1568627450980392,11,0.2156862745098039,4,2,5,1,0.55,6,0.0,0,0.0,0.3636363636363636,0.5757575757575758,0.0,33,0.7419354838709677,-5.454545454545455,1,2,13,19,4,0.6666666666666666,14,14,0.2142857142857142,0.7142857142857143,0.6666666666666666,2583.1918055597666,11.335497439314786
P46_R34,46,34,0.4509803921568627,0.5098039215686274,-0.0434782608695652,51,0.7142857142857143,-6.764705882352941,8,0.1568627450980392,11,0.2156862745098039,4,2,5,1,0.55,6,0.0,0,0.0,0.3666666666666666,0.5666666666666667,0.0909090909090909,30,0.8571428571428571,-5.5,1,2,6,12,4,0.6666666666666666,18,18,0.3888888888888889,0.5555555555555556,0.4666666666666667,2552.746972740003,11.318399873423596
P46_R35,46,35,0.4509803921568627,0.5098039215686274,-0.0434782608695652,51,0.7142857142857143,-6.764705882352941,8,0.1568627450980392,11,0.2156862745098039,4,2,5,1,0.55,6,0.0,0,0.0,0.303030303030303,0.6363636363636364,0.0,33,0.8064516129032258,-4.545454545454546,1,2,16,22,4,0.6666666666666666,11,11,0.2727272727272727,0.6363636363636364,0.6,3653.2099341724274,11.835343803764147
P46_R36,46,36,0.4509803921568627,0.5098039215686274,-0.0434782608695652,51,0.7142857142857143,-6.764705882352941,8,0.1568627450980392,11,0.2156862745098039,4,2,5,1,0.55,6,0.0,0,0.0,0.3636363636363636,0.5757575757575758,0.0,33,0.9032258064516128,-5.454545454545455,0,999,999,999,0,0.5,999,999,0.0,0.0,0.6,3663.0533325927972,11.839224787580342
P46_R37,46,37,0.4509803921568627,0.5098039215686274,-0.0434782608695652,51,0.7142857142857143,-6.764705882352941,8,0.1568627450980392,11,0.2156862745098039,4,2,5,1,0.55,6,0.0,0,0.0,0.3333333333333333,0.6060606060606061,-0.0909090909090909,33,0.8064516129032258,-5.0,0,999,999,999,0,0.5,999,999,0.0,0.0,0.6,3909.734686024414,11.933223948030184
P46_R38,46,38,0.4509803921568627,0.5098039215686274,-0.0434782608695652,51,0.7142857142857143,-6.764705882352941,8,0.1568627450980392,11,0.2156862745098039,4,2,5,1,0.55,6,0.0,0,0.0,0.3636363636363636,0.5757575757575758,-0.1666666666666666,33,0.8064516129032258,-5.454545454545455,0,999,999,999,0,0.5,999,999,0.0,0.0,0.6666666666666666,3506.827607484885,11.776362132804488
P46_R39,46,39,0.4509803921568627,0.5098039215686274,-0.0434782608695652,51,0.7142857142857143,-6.764705882352941,8,0.1568627450980392,11,0.2156862745098039,4,2,5,1,0.55,6,0.0,0,0.0,0.3939393939393939,0.5454545454545454,-0.0769230769230769,33,0.8709677419354839,-5.909090909090909,1,2,16,22,4,0.6666666666666666,11,11,0.1818181818181818,0.7272727272727273,0.6,4231.100255324472,12.047158088897165
P46_R40,46,40,0.4509803921568627,0.5098039215686274,-0.0434782608695652,51,0.7142857142857143,-6.764705882352941,8,0.1568627450980392,11,0.2156862745098039,4,2,5,1,0.55,6,0.0,0,0.0,0.3666666666666666,0.5666666666666667,0.2727272727272727,30,0.8571428571428571,-5.5,1,2,6,12,4,0.8333333333333334,18,18,0.3888888888888889,0.5555555555555556,0.6,4927.236175980108,12.266855680660555
P46_R41,46,41,0.4509803921568627,0.5098039215686274,-0.0434782608695652,51,0.7142857142857143,-6.764705882352941,8,0.1568627450980392,11,0.2156862745098039,4,2,5,1,0.55,6,0.0,0,0.0,0.4,0.5333333333333333,0.1666666666666666,30,0.7857142857142857,-6.0,1,2,6,12,4,0.6666666666666666,18,18,0.4444444444444444,0.5,0.5333333333333333,6696.955248150725,12.709505021488038
P46_R42,46,42,0.4509803921568627,0.5098039215686274,-0.0434782608695652,51,0.7142857142857143,-6.764705882352941,8,0.1568627450980392,11,0.2156862745098039,4,2,5,1,0.55,6,0.0,0,0.0,0.3333333333333333,0.6060606060606061,0.0909090909090909,33,0.8709677419354839,-5.0,0,999,999,999,0,0.5,999,999,0.0,0.0,0.6,5357.634769441047,12.387649773733798
P46_R43,46,43,0.4509803921568627,0.5098039215686274,-0.0434782608695652,51,0.7142857142857143,-6.764705882352941,8,0.1568627450980392,11,0.2156862745098039,4,2,5,1,0.55,6,0.0,0,0.0,0.4,0.5333333333333333,0.1666666666666666,30,0.8571428571428571,-6.0,1,2,6,12,4,0.6666666666666666,18,18,0.4444444444444444,0.5,0.5333333333333333,12898.618572462234,13.655040786922571
P46_R44,46,44,0.4509803921568627,0.5098039215686274,-0.0434782608695652,51,0.7142857142857143,-6.764705882352941,8,0.1568627450980392,11,0.2156862745098039,4,2,5,1,0.55,6,0.0,0,0.0,0.3333333333333333,0.6,0.2,30,0.8214285714285714,-5.0,1,2,6,12,4,0.6666666666666666,18,18,0.3333333333333333,0.6111111111111112,0.5333333333333333,23215.18318138543,14.502843187329741
P46_R45,46,45,0.4509803921568627,0.5098039215686274,-0.0434782608695652,51,0.7142857142857143,-6.764705882352941,8,0.1568627450980392,11,0.2156862745098039,4,2,5,1,0.55,6,0.0,0,0.0,0.3666666666666666,0.5666666666666667,0.0909090909090909,30,0.75,-5.5,1,2,6,12,4,0.6666666666666666,18,18,0.3888888888888889,0.5555555555555556,0.5333333333333333,15130.242348376603,13.885242824226404
P46_R46,46,46,0.4509803921568627,0.5098039215686274,-0.0434782608695652,51,0.7142857142857143,-6.764705882352941,8,0.1568627450980392,11,0.2156862745098039,4,2,5,1,0.55,6,0.0,0,0.0,0.3939393939393939,0.5454545454545454,0.0769230769230769,33,0.9032258064516128,-5.909090909090909,0,999,999,999,0,0.5,999,999,0.0,0.0,0.6,29515.903527432183,14.849253762874282
P46_R47,46,47,0.4509803921568627,0.5098039215686274,-0.0434782608695652,51,0.7142857142857143,-6.764705882352941,8,0.1568627450980392,11,0.2156862745098039,4,2,5,1,0.55,6,0.0,0,0.0,0.3939393939393939,0.5454545454545454,0.0769230769230769,33,0.935483870967742,-5.909090909090909,1,2,16,22,4,0.6666666666666666,11,11,0.2727272727272727,0.6363636363636364,0.6,28130.800658140157,14.77991427907115
P47_R0,47,0,0.5192307692307693,0.4423076923076923,-0.1851851851851851,52,0.7,-7.788461538461539,12,0.2307692307692307,8,0.1538461538461538,5,1,6,0,0.5,6,0.0,0,0.3333333333333333,0.3333333333333333,0.6,0.2,30,0.8214285714285714,-5.0,1,2,6,12,4,0.6666666666666666,18,18,0.3333333333333333,0.6111111111111112,0.6,125.9846408988473,6.988510199850326
P47_R1,47,1,0.5192307692307693,0.4423076923076923,-0.1851851851851851,52,0.7,-7.788461538461539,12,0.2307692307692307,8,0.1538461538461538,5,1,6,0,0.5,6,0.0,0,0.3333333333333333,0.3333333333333333,0.6,0.0,30,0.8214285714285714,-5.0,1,2,6,12,4,0.6666666666666666,18,18,0.3333333333333333,0.6111111111111112,0.6,162.22013526134236,7.350675232683577
P47_R2,47,2,0.5192307692307693,0.4423076923076923,-0.1851851851851851,52,0.7,-7.788461538461539,12,0.2307692307692307,8,0.1538461538461538,5,1,6,0,0.5,6,0.0,0,0.3333333333333333,0.3636363636363636,0.5757575757575758,0.0,33,0.8709677419354839,-5.454545454545455,1,2,16,22,4,0.6666666666666666,11,11,0.2727272727272727,0.6363636363636364,0.6,216.27379489977685,7.763370373277309
P47_R3,47,3,0.5192307692307693,0.4423076923076923,-0.1851851851851851,52,0.7,-7.788461538461539,12,0.2307692307692307,8,0.1538461538461538,5,1,6,0,0.5,6,0.0,0,0.3333333333333333,0.4,0.5333333333333333,0.1666666666666666,30,0.8928571428571429,-6.0,1,2,6,12,4,0.8333333333333334,18,18,0.4444444444444444,0.5,0.5333333333333333,338.07273077618964,8.40545095303549
P47_R4,47,4,0.5192307692307693,0.4423076923076923,-0.1851851851851851,52,0.7,-7.788461538461539,12,0.2307692307692307,8,0.1538461538461538,5,1,6,0,0.5,6,0.0,0,0.3333333333333333,0.4,0.5333333333333333,0.1666666666666666,30,0.8214285714285714,-6.0,1,2,6,12,4,0.6666666666666666,18,18,0.4444444444444444,0.5,0.4666666666666667,284.1014383937711,8.155331507753942
P47_R5,47,5,0.5192307692307693,0.4423076923076923,-0.1851851851851851,52,0.7,-7.788461538461539,12,0.2307692307692307,8,0.1538461538461538,5,1,6,0,0.5,6,0.0,0,0.3333333333333333,0.3636363636363636,0.5757575757575758,0.0,33,0.8709677419354839,-5.454545454545455,1,1,11,17,5,0.8333333333333334,16,16,0.375,0.5625,0.6,488.27034530542045,8.934488033393189
P47_R6,47,6,0.5192307692307693,0.4423076923076923,-0.1851851851851851,52,0.7,-7.788461538461539,12,0.2307692307692307,8,0.1538461538461538,5,1,6,0,0.5,6,0.0,0,0.3333333333333333,0.3,0.6333333333333333,0.1111111111111111,30,0.8214285714285714,-4.5,1,2,6,12,4,0.6666666666666666,18,18,0.2777777777777778,0.6666666666666666,0.6,570.8108017097196,9.159394063024349
P47_R7,47,7,0.5192307692307693,0.4423076923076923,-0.1851851851851851,52,0.7,-7.788461538461539,12,0.2307692307692307,8,0.1538461538461538,5,1,6,0,0.5,6,0.0,0,0.3333333333333333,0.3666666666666666,0.5666666666666667,0.2727272727272727,30,0.9285714285714286,-5.5,1,2,6,12,4,0.6666666666666666,18,18,0.3888888888888889,0.5555555555555556,0.4666666666666667,562.5281594783361,9.138343893383764
P47_R8,47,8,0.5192307692307693,0.4423076923076923,-0.1851851851851851,52,0.7,-7.788461538461539,12,0.2307692307692307,8,0.1538461538461538,5,1,6,0,0.5,6,0.0,0,0.3333333333333333,0.3333333333333333,0.6060606060606061,-0.0909090909090909,33,0.935483870967742,-5.0,1,1,16,22,5,0.8333333333333334,11,11,0.1818181818181818,0.7272727272727273,0.6666666666666666,654.8676301899468,9.357260863553574
P47_R9,47,9,0.5192307692307693,0.4423076923076923,-0.1851851851851851,52,0.7,-7.788461538461539,12,0.2307692307692307,8,0.1538461538461538,5,1,6,0,0.5,6,0.0,0,0.3333333333333333,0.4333333333333333,0.5,-0.0769230769230769,30,0.8214285714285714,-6.5,1,2,6,12,4,0.6666666666666666,18,18,0.5,0.4444444444444444,0.4,719.0987470211018,9.492050946425946
P47_R10,47,10,0.5192307692307693,0.4423076923076923,-0.1851851851851851,52,0.7,-7.788461538461539,12,0.2307692307692307,8,0.1538461538461538,5,1,6,0,0.5,6,0.0,0,0.3333333333333333,0.3636363636363636,0.5757575757575758,0.0,33,0.8709677419354839,-5.454545454545455,1,2,13,19,4,0.6666666666666666,14,14,0.3571428571428571,0.5714285714285714,0.5333333333333333,713.4499264145422,9.48068909060606
P47_R11,47,11,0.5192307692307693,0.4423076923076923,-0.1851851851851851,52,0.7,-7.788461538461539,12,0.2307692307692307,8,0.1538461538461538,5,1,6,0,0.5,6,0.0,0,0.3333333333333333,0.3333333333333333,0.6060606060606061,-0.0909090909090909,33,0.9032258064516128,-5.0,1,2,11,17,4,0.6666666666666666,16,16,0.375,0.5625,0.6,704.1199539848147,9.461724897354365
P47_R12,47,12,0.5192307692307693,0.4423076923076923,-0.1851851851851851,52,0.7,-7.788461538461539,12,0.2307692307692307,8,0.1538461538461538,5,1,6,0,0.5,6,0.0,0,0.3333333333333333,0.3666666666666666,0.5666666666666667,0.2727272727272727,30,0.8214285714285714,-5.5,1,2,6,12,4,0.8333333333333334,18,18,0.3888888888888889,0.5555555555555556,0.6,569.3737105678887,9.155763676978346
P47_R13,47,13,0.5192307692307693,0.4423076923076923,-0.1851851851851851,52,0.7,-7.788461538461539,12,0.2307692307692307,8,0.1538461538461538,5,1,6,0,0.5,6,0.0,0,0.3333333333333333,0.3333333333333333,0.6,0.0,30,0.7857142857142857,-5.0,1,2,6,12,4,0.6666666666666666,18,18,0.3333333333333333,0.6111111111111112,0.5333333333333333,711.0087696450107,9.475751200412256
P47_R14,47,14,0.5192307692307693,0.4423076923076923,-0.1851851851851851,52,0.7,-7.788461538461539,12,0.2307692307692307,8,0.1538461538461538,5,1,6,0,0.5,6,0.0,0,0.3333333333333333,0.3055555555555556,0.6388888888888888,0.0909090909090909,36,0.7941176470588235,-4.583333333333334,1,2,16,22,4,1.0,14,14,0.4285714285714285,0.5,0.4666666666666667,842.8321631193933,9.720812267481937
P47_R15,47,15,0.5192307692307693,0.4423076923076923,-0.1851851851851851,52,0.7,-7.788461538461539,12,0.2307692307692307,8,0.1538461538461538,5,1,6,0,0.5,6,0.0,0,0.3333333333333333,0.3333333333333333,0.6060606060606061,0.0909090909090909,33,0.8064516129032258,-5.0,1,2,15,21,4,0.6666666666666666,12,12,0.25,0.6666666666666666,0.6,731.2546219419236,9.516201584102172
P47_R16,47,16,0.5192307692307693,0.4423076923076923,-0.1851851851851851,52,0.7,-7.788461538461539,12,0.2307692307692307,8,0.1538461538461538,5,1,6,0,0.5,6,0.0,0,0.3333333333333333,0.4,0.5333333333333333,0.1666666666666666,30,0.8214285714285714,-6.0,1,2,6,12,4,0.6666666666666666,18,18,0.4444444444444444,0.5,0.5333333333333333,1042.3924282143728,10.027066153697012
P47_R17,47,17,0.5192307692307693,0.4423076923076923,-0.1851851851851851,52,0.7,-7.788461538461539,12,0.2307692307692307,8,0.1538461538461538,5,1,6,0,0.5,6,0.0,0,0.3333333333333333,0.3939393939393939,0.5454545454545454,-0.0769230769230769,33,0.9032258064516128,-5.909090909090909,1,1,16,22,5,0.8333333333333334,11,11,0.2727272727272727,0.6363636363636364,0.5333333333333333,1130.7902711976017,10.14439092592725
P47_R18,47,18,0.5192307692307693,0.4423076923076923,-0.1851851851851851,52,0.7,-7.788461538461539,12,0.2307692307692307,8,0.1538461538461538,5,1,6,0,0.5,6,0.0,0,0.3333333333333333,0.3636363636363636,0.5757575757575758,-0.1666666666666666,33,0.935483870967742,-5.454545454545455,1,2,16,22,4,0.6666666666666666,11,11,0.2727272727272727,0.6363636363636364,0.6,1029.1076717243984,10.008579427259171
P47_R19,47,19,0.5192307692307693,0.4423076923076923,-0.1851851851851851,52,0.7,-7.788461538461539,12,0.2307692307692307,8,0.1538461538461538,5,1,6,0,0.5,6,0.0,0,0.3333333333333333,0.4583333333333333,0.4583333333333333,-0.0909090909090909,24,0.8636363636363636,-6.875,1,2,7,13,4,0.6666666666666666,11,11,0.5454545454545454,0.3636363636363636,0.4666666666666667,654.2733071581188,9.355952953892597
P47_R20,47,20,0.5192307692307693,0.4423076923076923,-0.1851851851851851,52,0.7,-7.788461538461539,12,0.2307692307692307,8,0.1538461538461538,5,1,6,0,0.5,6,0.0,0,0.3333333333333333,0.4333333333333333,0.5,0.2307692307692307,30,0.75,-6.5,1,2,6,12,4,0.8333333333333334,18,18,0.5,0.4444444444444444,0.4,977.0320214424172,9.93373789055541
P47_R21,47,21,0.5192307692307693,0.4423076923076923,-0.1851851851851851,52,0.7,-7.788461538461539,12,0.2307692307692307,8,0.1538461538461538,5,1,6,0,0.5,6,0.0,0,0.3333333333333333,0.3666666666666666,0.5666666666666667,0.0909090909090909,30,0.8214285714285714,-5.5,1,2,6,12,4,0.6666666666666666,18,18,0.3888888888888889,0.5555555555555556,0.5333333333333333,1659.7986563975555,10.697661466316516
P47_R22,47,22,0.5192307692307693,0.4423076923076923,-0.1851851851851851,52,0.7,-7.788461538461539,12,0.2307692307692307,8,0.1538461538461538,5,1,6,0,0.5,6,0.0,0,0.3333333333333333,0.3529411764705882,0.5294117647058824,-0.6666666666666666,17,0.7333333333333333,-5.294117647058824,0,999,999,999,0,0.3333333333333333,999,999,0.0,0.0,0.6,1160.1636374565821,10.181355583576654
P47_R23,47,23,0.5192307692307693,0.4423076923076923,-0.1851851851851851,52,0.7,-7.788461538461539,12,0.2307692307692307,8,0.1538461538461538,5,1,6,0,0.5,6,0.0,0,0.3333333333333333,0.3055555555555556,0.6388888888888888,-0.2727272727272727,36,0.6176470588235294,-4.583333333333334,1,2,21,27,4,0.6666666666666666,9,9,0.2222222222222222,0.6666666666666666,0.4666666666666667,989.8374987249101,9.952504658884585
P47_R24,47,24,0.5192307692307693,0.4423076923076923,-0.1851851851851851,52,0.7,-7.788461538461539,12,0.2307692307692307,8,0.1538461538461538,5,1,6,0,0.5,6,0.0,0,0.3333333333333333,0.2666666666666666,0.6666666666666666,0.25,30,0.7857142857142857,-4.0,1,2,6,12,4,0.6666666666666666,18,18,0.2222222222222222,0.7222222222222222,0.6666666666666666,1631.6192258163585,10.67297263644192
P47_R25,47,25,0.5192307692307693,0.4423076923076923,-0.1851851851851851,52,0.7,-7.788461538461539,12,0.2307692307692307,8,0.1538461538461538,5,1,6,0,0.5,6,0.0,0,0.3333333333333333,0.3666666666666666,0.5666666666666667,0.2727272727272727,30,0.8214285714285714,-5.5,1,2,6,12,4,0.6666666666666666,18,18,0.3888888888888889,0.5555555555555556,0.5333333333333333,1380.8985822431978,10.432436024654756
P47_R26,47,26,0.5192307692307693,0.4423076923076923,-0.1851851851851851,52,0.7,-7.788461538461539,12,0.2307692307692307,8,0.1538461538461538,5,1,6,0,0.5,6,0.0,0,0.3333333333333333,0.4,0.5333333333333333,0.3333333333333333,30,0.7857142857142857,-6.0,1,2,6,12,4,0.8333333333333334,18,18,0.4444444444444444,0.5,0.4666666666666667,1750.6330466303823,10.774484857971336
P47_R27,47,27,0.5192307692307693,0.4423076923076923,-0.1851851851851851,52,0.7,-7.788461538461539,12,0.2307692307692307,8,0.1538461538461538,5,1,6,0,0.5,6,0.0,0,0.3333333333333333,0.3333333333333333,0.6060606060606061,-0.0909090909090909,33,0.8387096774193549,-5.0,0,999,999,999,0,0.5,999,999,0.0,0.0,0.7333333333333333,1781.2411404165578,10.79947683395001
P47_R28,47,28,0.5192307692307693,0.4423076923076923,-0.1851851851851851,52,0.7,-7.788461538461539,12,0.2307692307692307,8,0.1538461538461538,5,1,6,0,0.5,6,0.0,0,0.3333333333333333,0.3939393939393939,0.5454545454545454,0.0769230769230769,33,0.8709677419354839,-5.909090909090909,1,2,11,17,4,0.6666666666666666,16,16,0.4375,0.5,0.5333333333333333,1957.6798516197366,10.935665891442877
P47_R29,47,29,0.5192307692307693,0.4423076923076923,-0.1851851851851851,52,0.7,-7.788461538461539,12,0.2307692307692307,8,0.1538461538461538,5,1,6,0,0.5,6,0.0,0,0.3333333333333333,0.3666666666666666,0.5666666666666667,0.0909090909090909,30,0.7857142857142857,-5.5,1,2,6,12,4,0.6666666666666666,18,18,0.3888888888888889,0.5555555555555556,0.6,2046.058802940324,10.99933682986265
P47_R30,47,30,0.5192307692307693,0.4423076923076923,-0.1851851851851851,52,0.7,-7.788461538461539,12,0.2307692307692307,8,0.1538461538461538,5,1,6,0,0.5,6,0.0,0,0.3333333333333333,0.4,0.5333333333333333,0.0,30,0.8214285714285714,-6.0,1,2,6,12,4,0.6666666666666666,18,18,0.4444444444444444,0.5,0.5333333333333333,2223.9511232876484,11.119557928622008
P47_R31,47,31,0.5192307692307693,0.4423076923076923,-0.1851851851851851,52,0.7,-7.788461538461539,12,0.2307692307692307,8,0.1538461538461538,5,1,6,0,0.5,6,0.0,0,0.3333333333333333,0.4333333333333333,0.5,-0.0769230769230769,30,0.7857142857142857,-6.5,1,2,6,12,4,0.6666666666666666,18,18,0.5,0.4444444444444444,0.4666666666666667,3516.7301473436787,11.78042909947274
P47_R32,47,32,0.5192307692307693,0.4423076923076923,-0.1851851851851851,52,0.7,-7.788461538461539,12,0.2307692307692307,8,0.1538461538461538,5,1,6,0,0.5,6,0.0,0,0.3333333333333333,0.4,0.5333333333333333,0.1666666666666666,30,0.8571428571428571,-6.0,1,2,6,12,4,0.8333333333333334,18,18,0.4444444444444444,0.5,0.5333333333333333,3362.230252739927,11.715631836382608
P47_R33,47,33,0.5192307692307693,0.4423076923076923,-0.1851851851851851,52,0.7,-7.788461538461539,12,0.2307692307692307,8,0.1538461538461538,5,1,6,0,0.5,6,0.0,0,0.3333333333333333,0.3636363636363636,0.5757575757575758,0.0,33,0.7419354838709677,-5.454545454545455,1,2,13,19,4,0.6666666666666666,14,14,0.2142857142857142,0.7142857142857143,0.6666666666666666,2868.160845703187,11.486413132794386
P47_R34,47,34,0.5192307692307693,0.4423076923076923,-0.1851851851851851,52,0.7,-7.788461538461539,12,0.2307692307692307,8,0.1538461538461538,5,1,6,0,0.5,6,0.0,0,0.3333333333333333,0.3666666666666666,0.5666666666666667,0.0909090909090909,30,0.8571428571428571,-5.5,1,2,6,12,4,0.6666666666666666,18,18,0.3888888888888889,0.5555555555555556,0.4666666666666667,4195.519690937046,12.034977634910783
P47_R35,47,35,0.5192307692307693,0.4423076923076923,-0.1851851851851851,52,0.7,-7.788461538461539,12,0.2307692307692307,8,0.1538461538461538,5,1,6,0,0.5,6,0.0,0,0.3333333333333333,0.303030303030303,0.6363636363636364,0.0,33,0.8064516129032258,-4.545454545454546,1,2,16,22,4,0.6666666666666666,11,11,0.2727272727272727,0.6363636363636364,0.6,4693.771322980908,12.196839172203314
P47_R36,47,36,0.5192307692307693,0.4423076923076923,-0.1851851851851851,52,0.7,-7.788461538461539,12,0.2307692307692307,8,0.1538461538461538,5,1,6,0,0.5,6,0.0,0,0.3333333333333333,0.3636363636363636,0.5757575757575758,0.0,33,0.9032258064516128,-5.454545454545455,0,999,999,999,0,0.5,999,999,0.0,0.0,0.6,5081.745067564806,12.311392156805246
P47_R37,47,37,0.5192307692307693,0.4423076923076923,-0.1851851851851851,52,0.7,-7.788461538461539,12,0.2307692307692307,8,0.1538461538461538,5,1,6,0,0.5,6,0.0,0,0.3333333333333333,0.3333333333333333,0.6060606060606061,-0.0909090909090909,33,0.8064516129032258,-5.0,0,999,999,999,0,0.5,999,999,0.0,0.0,0.6,5019.617091711506,12.293648983586577
P47_R38,47,38,0.5192307692307693,0.4423076923076923,-0.1851851851851851,52,0.7,-7.788461538461539,12,0.2307692307692307,8,0.1538461538461538,5,1,6,0,0.5,6,0.0,0,0.3333333333333333,0.3636363636363636,0.5757575757575758,-0.1666666666666666,33,0.8064516129032258,-5.454545454545455,0,999,999,999,0,0.5,999,999,0.0,0.0,0.6666666666666666,6603.340283741573,12.68919874062176
P47_R39,47,39,0.5192307692307693,0.4423076923076923,-0.1851851851851851,52,0.7,-7.788461538461539,12,0.2307692307692307,8,0.1538461538461538,5,1,6,0,0.5,6,0.0,0,0.3333333333333333,0.3939393939393939,0.5454545454545454,-0.0769230769230769,33,0.8709677419354839,-5.909090909090909,1,2,16,22,4,0.6666666666666666,11,11,0.1818181818181818,0.7272727272727273,0.6,6780.928384343677,12.727479834566902
P47_R40,47,40,0.5192307692307693,0.4423076923076923,-0.1851851851851851,52,0.7,-7.788461538461539,12,0.2307692307692307,8,0.1538461538461538,5,1,6,0,0.5,6,0.0,0,0.3333333333333333,0.3666666666666666,0.5666666666666667,0.2727272727272727,30,0.8571428571428571,-5.5,1,2,6,12,4,0.8333333333333334,18,18,0.3888888888888889,0.5555555555555556,0.6,9112.604733708147,13.153806085431157
P47_R41,47,41,0.5192307692307693,0.4423076923076923,-0.1851851851851851,52,0.7,-7.788461538461539,12,0.2307692307692307,8,0.1538461538461538,5,1,6,0,0.5,6,0.0,0,0.3333333333333333,0.4,0.5333333333333333,0.1666666666666666,30,0.7857142857142857,-6.0,1,2,6,12,4,0.6666666666666666,18,18,0.4444444444444444,0.5,0.5333333333333333,6265.75442917742,12.613502745037449
P47_R42,47,42,0.5192307692307693,0.4423076923076923,-0.1851851851851851,52,0.7,-7.788461538461539,12,0.2307692307692307,8,0.1538461538461538,5,1,6,0,0.5,6,0.0,0,0.3333333333333333,0.3333333333333333,0.6060606060606061,0.0909090909090909,33,0.8709677419354839,-5.0,0,999,999,999,0,0.5,999,999,0.0,0.0,0.6,7233.31115143076,12.820639935043436
P47_R43,47,43,0.5192307692307693,0.4423076923076923,-0.1851851851851851,52,0.7,-7.788461538461539,12,0.2307692307692307,8,0.1538461538461538,5,1,6,0,0.5,6,0.0,0,0.3333333333333333,0.4,0.5333333333333333,0.1666666666666666,30,0.8571428571428571,-6.0,1,2,6,12,4,0.6666666666666666,18,18,0.4444444444444444,0.5,0.5333333333333333,15559.59414729403,13.925609527083695
P47_R44,47,44,0.5192307692307693,0.4423076923076923,-0.1851851851851851,52,0.7,-7.788461538461539,12,0.2307692307692307,8,0.1538461538461538,5,1,6,0,0.5,6,0.0,0,0.3333333333333333,0.3333333333333333,0.6,0.2,30,0.8214285714285714,-5.0,1,2,6,12,4,0.6666666666666666,18,18,0.3333333333333333,0.6111111111111112,0.5333333333333333,24307.831508988696,14.569192926280833
P47_R45,47,45,0.5192307692307693,0.4423076923076923,-0.1851851851851851,52,0.7,-7.788461538461539,12,0.2307692307692307,8,0.1538461538461538,5,1,6,0,0.5,6,0.0,0,0.3333333333333333,0.3666666666666666,0.5666666666666667,0.0909090909090909,30,0.75,-5.5,1,2,6,12,4,0.6666666666666666,18,18,0.3888888888888889,0.5555555555555556,0.5333333333333333,23598.416825356024,14.5264635885619
P47_R46,47,46,0.5192307692307693,0.4423076923076923,-0.1851851851851851,52,0.7,-7.788461538461539,12,0.2307692307692307,8,0.1538461538461538,5,1,6,0,0.5,6,0.0,0,0.3333333333333333,0.3939393939393939,0.5454545454545454,0.0769230769230769,33,0.9032258064516128,-5.909090909090909,0,999,999,999,0,0.5,999,999,0.0,0.0,0.6,20827.14245621811,14.346246558884804
P47_R47,47,47,0.5192307692307693,0.4423076923076923,-0.1851851851851851,52,0.7,-7.788461538461539,12,0.2307692307692307,8,0.1538461538461538,5,1,6,0,0.5,6,0.0,0,0.3333333333333333,0.3939393939393939,0.5454545454545454,0.0769230769230769,33,0.935483870967742,-5.909090909090909,1,2,16,22,4,0.6666666666666666,11,11,0.2727272727272727,0.6363636363636364,0.6,39245.031169238486,15.260259145605563
